impl,remote,Npoints,threads,time_s,pi_est,err_abs
seq_prof,hal02,1000,1,2.4612e-05,3.1,0.04159265359
seq_prof,hal02,1000,1,2.1742e-05,3.1,0.04159265359
seq_prof,hal02,1000,1,2.444e-05,3.1,0.04159265359
seq_prof,hal02,1000,1,2.1875e-05,3.1,0.04159265359
seq_prof,hal02,1000,1,2.3734e-05,3.172,0.03040734641
seq_prof,hal02,1000,1,2.15e-05,3.172,0.03040734641
seq_prof,hal02,1000,1,2.372e-05,3.172,0.03040734641
seq_prof,hal02,1000,1,2.144e-05,3.172,0.03040734641
seq_prof,hal02,1000,1,2.2346e-05,3.172,0.03040734641
seq_prof,hal02,1000,1,2.1596e-05,3.124,0.01759265359
seq_prof,hal02,1000,1,2.1489e-05,3.124,0.01759265359
seq_prof,hal02,1000,1,1.4011e-05,3.124,0.01759265359
seq_prof,hal02,1000,1,1.5508e-05,3.124,0.01759265359
seq_prof,hal02,1000,1,2.1721e-05,3.124,0.01759265359
seq_prof,hal02,1000,1,2.1467e-05,3.156,0.01440734641
seq_prof,hal02,1000,1,2.3861e-05,3.156,0.01440734641
seq_prof,hal02,1000,1,2.157e-05,3.156,0.01440734641
seq_prof,hal02,1000,1,1.4129e-05,3.156,0.01440734641
seq_prof,hal02,1000,1,2.4082e-05,3.156,0.01440734641
seq_prof,hal02,1000,1,2.214e-05,3.12,0.02159265359
seq_prof,hal02,1000,1,2.4006e-05,3.12,0.02159265359
seq_prof,hal02,1000,1,2.1653e-05,3.12,0.02159265359
seq_prof,hal02,1000,1,1.6133e-05,3.12,0.02159265359
seq_prof,hal02,1000,1,2.3966e-05,3.12,0.02159265359
seq_prof,hal02,1000,1,2.158e-05,3.196,0.05440734641
seq_prof,hal02,10000,1,0.000197257,3.1528,0.01120734641
seq_prof,hal02,10000,1,0.000128038,3.1528,0.01120734641
seq_prof,hal02,10000,1,0.00019855,3.1528,0.01120734641
seq_prof,hal02,10000,1,0.000196912,3.1528,0.01120734641
seq_prof,hal02,10000,1,0.000197598,3.1552,0.01360734641
seq_prof,hal02,10000,1,0.000198423,3.1552,0.01360734641
seq_prof,hal02,10000,1,0.000197616,3.1552,0.01360734641
seq_prof,hal02,10000,1,0.000200291,3.1552,0.01360734641
seq_prof,hal02,10000,1,0.000201218,3.1552,0.01360734641
seq_prof,hal02,10000,1,0.000197157,3.1552,0.01360734641
seq_prof,hal02,10000,1,0.000198217,3.1328,0.00879265359
seq_prof,hal02,10000,1,0.000198602,3.1328,0.00879265359
seq_prof,hal02,10000,1,0.00020104,3.1328,0.00879265359
seq_prof,hal02,10000,1,0.000199174,3.1328,0.00879265359
seq_prof,hal02,10000,1,0.00019793,3.1328,0.00879265359
seq_prof,hal02,10000,1,0.000207673,3.1588,0.01720734641
seq_prof,hal02,10000,1,0.000204761,3.1588,0.01720734641
seq_prof,hal02,10000,1,0.000196902,3.1588,0.01720734641
seq_prof,hal02,10000,1,0.000196958,3.1588,0.01720734641
seq_prof,hal02,10000,1,0.000196745,3.1588,0.01720734641
seq_prof,hal02,10000,1,0.00019731,3.1448,0.00320734641
seq_prof,hal02,10000,1,0.000197457,3.1448,0.00320734641
seq_prof,hal02,10000,1,0.000128538,3.1448,0.00320734641
seq_prof,hal02,10000,1,0.000197913,3.1448,0.00320734641
seq_prof,hal02,10000,1,0.000199613,3.1448,0.00320734641
seq_prof,hal02,100000,1,0.001983392,3.13472,0.00687265359
seq_prof,hal02,100000,1,0.001958419,3.13472,0.00687265359
seq_prof,hal02,100000,1,0.002037696,3.13472,0.00687265359
seq_prof,hal02,100000,1,0.001973366,3.13472,0.00687265359
seq_prof,hal02,100000,1,0.001978302,3.13472,0.00687265359
seq_prof,hal02,100000,1,0.001958928,3.139,0.00259265359
seq_prof,hal02,100000,1,0.001962643,3.139,0.00259265359
seq_prof,hal02,100000,1,0.00197134,3.139,0.00259265359
seq_prof,hal02,100000,1,0.001955775,3.139,0.00259265359
seq_prof,hal02,100000,1,0.001960099,3.139,0.00259265359
seq_prof,hal02,100000,1,0.001977918,3.1366,0.00499265359
seq_prof,hal02,100000,1,0.002014371,3.1366,0.00499265359
seq_prof,hal02,100000,1,0.002034735,3.1366,0.00499265359
seq_prof,hal02,100000,1,0.001322562,3.1366,0.00499265359
seq_prof,hal02,100000,1,0.001976272,3.1366,0.00499265359
seq_prof,hal02,100000,1,0.001967294,3.1458,0.00420734641
seq_prof,hal02,100000,1,0.0019812,3.1458,0.00420734641
seq_prof,hal02,100000,1,0.001985528,3.1458,0.00420734641
seq_prof,hal02,100000,1,0.00197707,3.1458,0.00420734641
seq_prof,hal02,100000,1,0.001959649,3.1458,0.00420734641
seq_prof,hal02,100000,1,0.001969645,3.1458,0.00420734641
seq_prof,hal02,100000,1,0.001964126,3.15188,0.01028734641
seq_prof,hal02,100000,1,0.002003769,3.15188,0.01028734641
seq_prof,hal02,100000,1,0.001955433,3.15188,0.01028734641
seq_prof,hal02,100000,1,0.002024322,3.15188,0.01028734641
seq_prof,hal02,1000000,1,0.01807232,3.141604,1.134641e-05
seq_prof,hal02,1000000,1,0.018326291,3.140416,0.00117665359
seq_prof,hal02,1000000,1,0.018163789,3.140416,0.00117665359
seq_prof,hal02,1000000,1,0.018405356,3.140416,0.00117665359
seq_prof,hal02,1000000,1,0.018495063,3.140416,0.00117665359
seq_prof,hal02,1000000,1,0.018099638,3.142276,0.00068334641
seq_prof,hal02,1000000,1,0.018563013,3.142276,0.00068334641
seq_prof,hal02,1000000,1,0.014136971,3.142276,0.00068334641
seq_prof,hal02,1000000,1,0.018278363,3.142276,0.00068334641
seq_prof,hal02,1000000,1,0.018358577,3.142276,0.00068334641
seq_prof,hal02,1000000,1,0.018132287,3.141616,2.334641e-05
seq_prof,hal02,1000000,1,0.018190875,3.141616,2.334641e-05
seq_prof,hal02,1000000,1,0.018486379,3.141616,2.334641e-05
seq_prof,hal02,1000000,1,0.018559965,3.141616,2.334641e-05
seq_prof,hal02,1000000,1,0.018127385,3.141616,2.334641e-05
seq_prof,hal02,1000000,1,0.017733155,3.140776,0.00081665359
seq_prof,hal02,1000000,1,0.018505876,3.140776,0.00081665359
seq_prof,hal02,1000000,1,0.018148978,3.140776,0.00081665359
seq_prof,hal02,1000000,1,0.018272236,3.140776,0.00081665359
seq_prof,hal02,1000000,1,0.01872896,3.140776,0.00081665359
seq_prof,hal02,1000000,1,0.018231871,3.141868,0.00027534641
seq_prof,hal02,1000000,1,0.018403553,3.141868,0.00027534641
seq_prof,hal02,1000000,1,0.018021399,3.141868,0.00027534641
seq_prof,hal02,1000000,1,0.018373943,3.141868,0.00027534641
seq_prof,hal02,1000000,1,0.01834088,3.141868,0.00027534641
seq_prof,hal02,10000000,1,0.136985071,3.1422136,0.00062094641
seq_prof,hal02,10000000,1,0.137070192,3.1422136,0.00062094641
seq_prof,hal02,10000000,1,0.137571887,3.1422136,0.00062094641
seq_prof,hal02,10000000,1,0.136992352,3.1418972,0.00030454641
seq_prof,hal02,10000000,1,0.136678623,3.1418972,0.00030454641
seq_prof,hal02,10000000,1,0.135991615,3.1418972,0.00030454641
seq_prof,hal02,10000000,1,0.135177697,3.1414148,0.00017785359
seq_prof,hal02,10000000,1,0.137218988,3.1414148,0.00017785359
seq_prof,hal02,10000000,1,0.135985496,3.1414148,0.00017785359
seq_prof,hal02,10000000,1,0.138104567,3.1416196,2.694641e-05
seq_prof,hal02,10000000,1,0.135426759,3.1416196,2.694641e-05
seq_prof,hal02,10000000,1,0.136884103,3.1416196,2.694641e-05
seq_prof,hal02,10000000,1,0.136576989,3.1420712,0.00047854641
seq_prof,hal02,10000000,1,0.134848809,3.1420712,0.00047854641
seq_prof,hal02,10000000,1,0.135639503,3.1420712,0.00047854641
seq_prof,hal02,10000000,1,0.136073164,3.1424464,0.00085374641
seq_prof,hal02,10000000,1,0.137029806,3.1424464,0.00085374641
seq_prof,hal02,10000000,1,0.136203226,3.1424464,0.00085374641
seq_prof,hal02,10000000,1,0.136904648,3.1406028,0.00098985359
seq_prof,hal02,10000000,1,0.136648759,3.1406028,0.00098985359
seq_prof,hal02,10000000,1,0.128309078,3.1406028,0.00098985359
seq_prof,hal02,10000000,1,0.136231098,3.1408884,0.00070425359
seq_prof,hal02,10000000,1,0.137347019,3.1408884,0.00070425359
seq_prof,hal02,10000000,1,0.137089379,3.1408884,0.00070425359
seq_prof,hal02,10000000,1,0.1373726,3.1421832,0.00059054641
seq_prof,hal02,100000000,1,1.286184558,3.14146708,0.00012557359
seq_prof,hal02,100000000,1,1.283107757,3.14167756,8.490641e-05
seq_prof,hal02,100000000,1,1.287571733,3.14149352,9.913359e-05
seq_prof,hal02,100000000,1,1.287522106,3.14135148,0.00024117359
seq_prof,hal02,100000000,1,1.273630111,3.1416152,2.254641e-05
seq_prof,hal02,100000000,1,1.285514886,3.1418354,0.00024274641
seq_prof,hal02,100000000,1,1.278685763,3.1417628,0.00017014641
seq_prof,hal02,100000000,1,1.287658541,3.14145028,0.00014237359
seq_prof,hal02,100000000,1,1.285186838,3.14138088,0.00021177359
seq_prof,hal02,100000000,1,1.275390703,3.1416394,4.674641e-05
seq_prof,hal02,100000000,1,1.281830827,3.14153008,6.257359e-05
seq_prof,hal02,100000000,1,1.29016012,3.14131896,0.00027369359
seq_prof,hal02,100000000,1,1.285528879,3.14169744,0.00010478641
seq_prof,hal02,100000000,1,1.282788329,3.14165456,6.190641e-05
seq_prof,hal02,100000000,1,1.286095334,3.14170736,0.00011470641
seq_prof,hal02,100000000,1,1.283563933,3.1415734,1.925359e-05
seq_prof,hal02,100000000,1,1.282020028,3.14166916,7.650641e-05
seq_prof,hal02,100000000,1,1.284066978,3.14161648,2.382641e-05
seq_prof,hal02,100000000,1,1.286762223,3.14149892,9.373359e-05
seq_prof,hal02,100000000,1,1.28712014,3.14135804,0.00023461359
seq_prof,hal02,100000000,1,1.283738018,3.1419154,0.00032274641
seq_prof,hal02,100000000,1,1.282790358,3.14167984,8.718641e-05
seq_prof,hal02,100000000,1,1.284063353,3.1417318,0.00013914641
seq_prof,hal02,100000000,1,1.277081503,3.1414946,9.805359e-05
seq_prof,hal02,100000000,1,1.287052408,3.14170784,0.00011518641
seq_prof,hal02,1000000000,1,12.780809067,3.141465732,0.00012692159
seq_prof,hal02,1000000000,1,12.752114828,3.141575344,1.730959e-05
seq_prof,hal02,1000000000,1,12.771877056,3.141619372,2.671841e-05
seq_prof,hal02,1000000000,1,12.755300228,3.1414333,0.00015935359
seq_prof,hal02,1000000000,1,12.812124506,3.141596712,4.05841e-06
seq_prof,hal02,1000000000,1,12.816180545,3.141509784,8.286959e-05
seq_prof,hal02,1000000000,1,12.756577645,3.141532076,6.057759e-05
seq_prof,hal02,1000000000,1,12.811836959,3.141525884,6.676959e-05
seq_prof,hal02,1000000000,1,12.762370174,3.141630664,3.801041e-05
seq_prof,hal02,1000000000,1,12.774820136,3.141562488,3.016559e-05
seq_prof,hal02,1000000000,1,12.791757634,3.141540512,5.214159e-05
seq_prof,hal02,1000000000,1,12.780577931,3.141539052,5.360159e-05
seq_prof,hal02,1000000000,1,12.766366103,3.14153916,5.349359e-05
seq_prof,hal02,1000000000,1,12.808289196,3.141570304,2.234959e-05
seq_prof,hal02,1000000000,1,12.797408671,3.141671136,7.848241e-05
seq_prof,hal02,1000000000,1,12.783267296,3.14158762,5.03359e-06
seq_prof,hal02,1000000000,1,12.808591672,3.141562712,2.994159e-05
seq_prof,hal02,1000000000,1,12.781143767,3.141617724,2.507041e-05
seq_prof,hal02,1000000000,1,12.782206016,3.141555588,3.706559e-05
seq_prof,hal02,1000000000,1,12.886486719,3.141554584,3.806959e-05
seq_prof,hal02,1000000000,1,12.785791852,3.141628032,3.537841e-05
seq_prof,hal02,1000000000,1,12.76114911,3.14165574,6.308641e-05
seq_prof,hal02,1000000000,1,12.764155374,3.141620756,2.810241e-05
seq_prof,hal02,1000000000,1,12.750653897,3.141534664,5.798959e-05
seq_prof,hal02,1000000000,1,12.761918448,3.141682852,9.019841e-05
seq_prof,hal02,10000000000,1,127.479349813,3.1415969796,4.32601e-06
seq_prof,hal02,10000000000,1,127.546496856,3.14158691,5.74359e-06
seq_prof,hal02,10000000000,1,127.922600457,3.1415773744,1.527919e-05
seq_prof,hal02,10000000000,1,127.622900965,3.1415782496,1.440399e-05
seq_prof,hal02,10000000000,1,127.738278091,3.1415992036,6.55001e-06
seq_prof,hal02,10000000000,1,127.559373693,3.1415817196,1.093399e-05
seq_prof,hal02,10000000000,1,127.728790326,3.1415958728,3.21921e-06
seq_prof,hal02,10000000000,1,127.450541688,3.141614658,2.200441e-05
seq_prof,hal02,10000000000,1,128.264056421,3.1416032872,1.063361e-05
seq_prof,hal02,10000000000,1,128.212350899,3.1416197744,2.712081e-05
seq_prof,hal02,10000000000,1,127.646725071,3.141580372,1.228159e-05
seq_prof,hal02,10000000000,1,127.836285155,3.1415780764,1.457719e-05
seq_prof,hal02,10000000000,1,127.442499585,3.1415730864,1.956719e-05
seq_prof,hal02,10000000000,1,127.49759351,3.1416149572,2.230361e-05
seq_prof,hal02,10000000000,1,127.718882681,3.1415800516,1.260199e-05
seq_prof,hal02,10000000000,1,127.438051127,3.1415655176,2.713599e-05
seq_prof,hal02,10000000000,1,127.516711505,3.1416031152,1.046161e-05
seq_prof,hal02,10000000000,1,127.769884084,3.1415808752,1.177839e-05
seq_prof,hal02,10000000000,1,127.789999608,3.1415969564,4.30281e-06
seq_prof,hal02,10000000000,1,127.725893493,3.1415868848,5.76879e-06
seq_prof,hal02,10000000000,1,127.769871079,3.1415753116,1.734199e-05
seq_prof,hal02,10000000000,1,128.242180742,3.1415760096,1.664399e-05
seq_prof,hal02,10000000000,1,127.443673506,3.141600466,7.81241e-06
seq_prof,hal02,10000000000,1,127.756981899,3.1416128036,2.015001e-05
seq_prof,hal02,10000000000,1,127.722603467,3.1416099968,1.734321e-05
par_prof,hal02,1000,1,2.5975e-05,3.08,0.06159265359
par_prof,hal02,1000,1,2.5796e-05,3.08,0.06159265359
par_prof,hal02,1000,1,2.5765e-05,3.2,0.05840734641
par_prof,hal02,1000,1,2.5178e-05,3.2,0.05840734641
par_prof,hal02,1000,1,2.5218e-05,3.2,0.05840734641
par_prof,hal02,1000,2,8.6503e-05,3.136,0.00559265359
par_prof,hal02,1000,2,8.9876e-05,3.136,0.00559265359
par_prof,hal02,1000,2,8.167e-05,3.164,0.02240734641
par_prof,hal02,1000,2,9.282e-05,3.164,0.02240734641
par_prof,hal02,1000,2,9.3335e-05,3.164,0.02240734641
par_prof,hal02,1000,4,0.000111934,3.164,0.02240734641
par_prof,hal02,1000,4,0.000130207,3.164,0.02240734641
par_prof,hal02,1000,4,0.000115259,3.184,0.04240734641
par_prof,hal02,1000,4,0.000130944,3.184,0.04240734641
par_prof,hal02,1000,4,0.000112852,3.184,0.04240734641
par_prof,hal02,1000,6,0.000188233,3.128,0.01359265359
par_prof,hal02,1000,6,0.000174411,3.128,0.01359265359
par_prof,hal02,1000,6,0.000150372,3.132,0.00959265359
par_prof,hal02,1000,6,0.000174942,3.132,0.00959265359
par_prof,hal02,1000,6,0.000181216,3.132,0.00959265359
par_prof,hal02,1000,8,0.000233006,3.092,0.04959265359
par_prof,hal02,1000,8,0.000212199,3.092,0.04959265359
par_prof,hal02,1000,8,0.000210087,3.112,0.02959265359
par_prof,hal02,1000,8,0.000217216,3.112,0.02959265359
par_prof,hal02,1000,8,0.000216634,3.112,0.02959265359
par_prof,hal02,10000,1,0.000202422,3.138,0.00359265359
par_prof,hal02,10000,1,0.000205255,3.138,0.00359265359
par_prof,hal02,10000,1,0.000200522,3.1716,0.03000734641
par_prof,hal02,10000,1,0.000201014,3.1716,0.03000734641
par_prof,hal02,10000,1,0.000200787,3.1716,0.03000734641
par_prof,hal02,10000,2,0.000184909,3.1464,0.00480734641
par_prof,hal02,10000,2,0.000177662,3.1464,0.00480734641
par_prof,hal02,10000,2,0.000179964,3.1272,0.01439265359
par_prof,hal02,10000,2,0.000175563,3.1272,0.01439265359
par_prof,hal02,10000,2,0.000172911,3.1272,0.01439265359
par_prof,hal02,10000,4,0.000171974,3.1372,0.00439265359
par_prof,hal02,10000,4,0.000176556,3.1372,0.00439265359
par_prof,hal02,10000,4,0.000157571,3.144,0.00240734641
par_prof,hal02,10000,4,0.000167532,3.144,0.00240734641
par_prof,hal02,10000,4,0.000163382,3.144,0.00240734641
par_prof,hal02,10000,6,0.000214545,3.148,0.00640734641
par_prof,hal02,10000,6,0.000166267,3.148,0.00640734641
par_prof,hal02,10000,6,0.000215748,3.148,0.00640734641
par_prof,hal02,10000,6,0.000235912,3.1436,0.00200734641
par_prof,hal02,10000,6,0.000207894,3.1436,0.00200734641
par_prof,hal02,10000,8,0.000263444,3.1336,0.00799265359
par_prof,hal02,10000,8,0.000185415,3.1336,0.00799265359
par_prof,hal02,10000,8,0.000259416,3.1336,0.00799265359
par_prof,hal02,10000,8,0.000240625,3.128,0.01359265359
par_prof,hal02,10000,8,0.000256543,3.128,0.01359265359
par_prof,hal02,100000,1,0.00196958,3.135,0.00659265359
par_prof,hal02,100000,1,0.001594095,3.135,0.00659265359
par_prof,hal02,100000,1,0.001985113,3.135,0.00659265359
par_prof,hal02,100000,1,0.001966506,3.142,0.00040734641
par_prof,hal02,100000,1,0.00196642,3.142,0.00040734641
par_prof,hal02,100000,2,0.001053847,3.14252,0.00092734641
par_prof,hal02,100000,2,0.001097146,3.14252,0.00092734641
par_prof,hal02,100000,2,0.001059123,3.14252,0.00092734641
par_prof,hal02,100000,2,0.001048271,3.1438,0.00220734641
par_prof,hal02,100000,2,0.001054088,3.1438,0.00220734641
par_prof,hal02,100000,4,0.000437071,3.136,0.00559265359
par_prof,hal02,100000,4,0.000432009,3.136,0.00559265359
par_prof,hal02,100000,4,0.000648512,3.136,0.00559265359
par_prof,hal02,100000,4,0.000614445,3.13724,0.00435265359
par_prof,hal02,100000,4,0.000602535,3.13724,0.00435265359
par_prof,hal02,100000,6,0.00076821,3.13556,0.00603265359
par_prof,hal02,100000,6,0.000752927,3.13556,0.00603265359
par_prof,hal02,100000,6,0.000723221,3.1322,0.00939265359
par_prof,hal02,100000,6,0.00074166,3.1322,0.00939265359
par_prof,hal02,100000,6,0.000745054,3.1322,0.00939265359
par_prof,hal02,100000,8,0.000651844,3.13236,0.00923265359
par_prof,hal02,100000,8,0.000672929,3.13236,0.00923265359
par_prof,hal02,100000,8,0.000655068,3.13236,0.00923265359
par_prof,hal02,100000,8,0.000701941,3.13568,0.00591265359
par_prof,hal02,100000,8,0.000667845,3.13568,0.00591265359
par_prof,hal02,1000000,1,0.017851076,3.139964,0.00162865359
par_prof,hal02,1000000,1,0.014327821,3.139964,0.00162865359
par_prof,hal02,1000000,1,0.018497831,3.142448,0.00085534641
par_prof,hal02,1000000,1,0.017988642,3.142448,0.00085534641
par_prof,hal02,1000000,1,0.015224825,3.142448,0.00085534641
par_prof,hal02,1000000,2,0.009698258,3.142416,0.00082334641
par_prof,hal02,1000000,2,0.009626123,3.142416,0.00082334641
par_prof,hal02,1000000,2,0.00962722,3.140672,0.00092065359
par_prof,hal02,1000000,2,0.009902958,3.140672,0.00092065359
par_prof,hal02,1000000,2,0.009743935,3.140672,0.00092065359
par_prof,hal02,1000000,4,0.004955464,3.139224,0.00236865359
par_prof,hal02,1000000,4,0.005070578,3.139224,0.00236865359
par_prof,hal02,1000000,4,0.004858539,3.140436,0.00115665359
par_prof,hal02,1000000,4,0.004995097,3.140436,0.00115665359
par_prof,hal02,1000000,4,0.003491617,3.140436,0.00115665359
par_prof,hal02,1000000,6,0.005840383,3.140856,0.00073665359
par_prof,hal02,1000000,6,0.005816131,3.140856,0.00073665359
par_prof,hal02,1000000,6,0.005817,3.14222,0.00062734641
par_prof,hal02,1000000,6,0.005850094,3.14222,0.00062734641
par_prof,hal02,1000000,6,0.005610097,3.14222,0.00062734641
par_prof,hal02,1000000,8,0.004561712,3.140944,0.00064865359
par_prof,hal02,1000000,8,0.005130453,3.140944,0.00064865359
par_prof,hal02,1000000,8,0.004477722,3.14246,0.00086734641
par_prof,hal02,1000000,8,0.004923361,3.14246,0.00086734641
par_prof,hal02,1000000,8,0.004530832,3.14246,0.00086734641
par_prof,hal02,10000000,1,0.134424847,3.1427844,0.00119174641
par_prof,hal02,10000000,1,0.137649965,3.141014,0.00057865359
par_prof,hal02,10000000,1,0.136326643,3.141014,0.00057865359
par_prof,hal02,10000000,1,0.136832455,3.141014,0.00057865359
par_prof,hal02,10000000,1,0.137360698,3.1419188,0.00032614641
par_prof,hal02,10000000,2,0.072094289,3.1426452,0.00105254641
par_prof,hal02,10000000,2,0.072991885,3.1426452,0.00105254641
par_prof,hal02,10000000,2,0.072786966,3.1426452,0.00105254641
par_prof,hal02,10000000,2,0.073019094,3.1426156,0.00102294641
par_prof,hal02,10000000,2,0.072938391,3.1426156,0.00102294641
par_prof,hal02,10000000,4,0.036921698,3.1419548,0.00036214641
par_prof,hal02,10000000,4,0.040299793,3.1419548,0.00036214641
par_prof,hal02,10000000,4,0.040605218,3.141654,6.134641e-05
par_prof,hal02,10000000,4,0.040272764,3.141654,6.134641e-05
par_prof,hal02,10000000,4,0.040431075,3.141654,6.134641e-05
par_prof,hal02,10000000,6,0.046302853,3.1414712,0.00012145359
par_prof,hal02,10000000,6,0.046401778,3.1411632,0.00042945359
par_prof,hal02,10000000,6,0.046430612,3.1411632,0.00042945359
par_prof,hal02,10000000,6,0.045770905,3.1411632,0.00042945359
par_prof,hal02,10000000,6,0.04647421,3.1411632,0.00042945359
par_prof,hal02,10000000,8,0.036321747,3.1415796,1.305359e-05
par_prof,hal02,10000000,8,0.035977311,3.1415796,1.305359e-05
par_prof,hal02,10000000,8,0.036410475,3.1415796,1.305359e-05
par_prof,hal02,10000000,8,0.041083845,3.1415796,1.305359e-05
par_prof,hal02,10000000,8,0.035680556,3.1415796,1.305359e-05
par_prof,hal02,100000000,1,1.286122519,3.14125288,0.00033977359
par_prof,hal02,100000000,1,1.285884088,3.14162392,3.126641e-05
par_prof,hal02,100000000,1,1.284620241,3.14164152,4.886641e-05
par_prof,hal02,100000000,1,1.28573565,3.14149324,9.941359e-05
par_prof,hal02,100000000,1,1.284708553,3.14163096,3.830641e-05
par_prof,hal02,100000000,2,0.653985966,3.14160772,1.506641e-05
par_prof,hal02,100000000,2,0.653314913,3.14148664,0.00010601359
par_prof,hal02,100000000,2,0.646983975,3.14165348,6.082641e-05
par_prof,hal02,100000000,2,0.653474633,3.14157984,1.281359e-05
par_prof,hal02,100000000,2,0.651176635,3.14157984,1.281359e-05
par_prof,hal02,100000000,4,0.33766133,3.14141688,0.00017577359
par_prof,hal02,100000000,4,0.343125404,3.14159216,4.9359e-07
par_prof,hal02,100000000,4,0.343573342,3.14159216,4.9359e-07
par_prof,hal02,100000000,4,0.337233607,3.14169264,9.998641e-05
par_prof,hal02,100000000,4,0.343389916,3.14169264,9.998641e-05
par_prof,hal02,100000000,6,0.352978475,3.14166368,7.102641e-05
par_prof,hal02,100000000,6,0.355724336,3.1416938,0.00010114641
par_prof,hal02,100000000,6,0.384992958,3.1416938,0.00010114641
par_prof,hal02,100000000,6,0.385288133,3.14165848,6.582641e-05
par_prof,hal02,100000000,6,0.38858434,3.14165848,6.582641e-05
par_prof,hal02,100000000,8,0.302723964,3.14165164,5.898641e-05
par_prof,hal02,100000000,8,0.304281431,3.14165164,5.898641e-05
par_prof,hal02,100000000,8,0.303795525,3.14153904,5.361359e-05
par_prof,hal02,100000000,8,0.302216161,3.14153904,5.361359e-05
par_prof,hal02,100000000,8,0.302957345,3.14152208,7.057359e-05
par_prof,hal02,1000000000,1,12.803442935,3.141661816,6.916241e-05
par_prof,hal02,1000000000,1,12.781102083,3.141666368,7.371441e-05
par_prof,hal02,1000000000,1,12.77127038,3.14162802,3.536641e-05
par_prof,hal02,1000000000,1,12.800323446,3.141607084,1.443041e-05
par_prof,hal02,1000000000,1,12.793643714,3.141581176,1.147759e-05
par_prof,hal02,1000000000,2,6.430435979,3.141627172,3.451841e-05
par_prof,hal02,1000000000,2,6.411552319,3.141504192,8.846159e-05
par_prof,hal02,1000000000,2,6.441487666,3.141556668,3.598559e-05
par_prof,hal02,1000000000,2,6.459944555,3.141591212,1.44159e-06
par_prof,hal02,1000000000,2,6.441125085,3.141592664,1.041e-08
par_prof,hal02,1000000000,4,3.386000329,3.14157214,2.051359e-05
par_prof,hal02,1000000000,4,3.362872646,3.141548172,4.448159e-05
par_prof,hal02,1000000000,4,3.373390144,3.141565248,2.740559e-05
par_prof,hal02,1000000000,4,3.369053965,3.141561636,3.101759e-05
par_prof,hal02,1000000000,4,3.370583013,3.141654704,6.205041e-05
par_prof,hal02,1000000000,6,3.256874405,3.141690772,9.811841e-05
par_prof,hal02,1000000000,6,3.235841136,3.141585924,6.72959e-06
par_prof,hal02,1000000000,6,3.277158733,3.141555172,3.748159e-05
par_prof,hal02,1000000000,6,3.243860974,3.141584912,7.74159e-06
par_prof,hal02,1000000000,6,3.298159427,3.14158628,6.37359e-06
par_prof,hal02,1000000000,8,2.975077461,3.141549776,4.287759e-05
par_prof,hal02,1000000000,8,2.981580614,3.141612264,1.961041e-05
par_prof,hal02,1000000000,8,2.978229957,3.14159148,1.17359e-06
par_prof,hal02,1000000000,8,2.97355697,3.141624048,3.139441e-05
par_prof,hal02,1000000000,8,2.971507451,3.141563676,2.897759e-05
par_prof,hal02,10000000000,1,127.646550613,3.1416223872,2.973361e-05
par_prof,hal02,10000000000,1,127.891511089,3.1415583764,3.427719e-05
par_prof,hal02,10000000000,1,127.959670674,3.1415754636,1.718999e-05
par_prof,hal02,10000000000,1,127.908424276,3.1415621256,3.052799e-05
par_prof,hal02,10000000000,1,127.652709145,3.1416179624,2.530881e-05
par_prof,hal02,10000000000,2,64.292282625,3.1415881332,4.52039e-06
par_prof,hal02,10000000000,2,64.28880991,3.1416135616,2.090801e-05
par_prof,hal02,10000000000,2,64.161697045,3.1416308956,3.824201e-05
par_prof,hal02,10000000000,2,64.306599307,3.141606464,1.381041e-05
par_prof,hal02,10000000000,2,64.303607004,3.1415984564,5.80281e-06
par_prof,hal02,10000000000,4,33.582789011,3.1416213496,2.869601e-05
par_prof,hal02,10000000000,4,33.653461904,3.1416270444,3.439081e-05
par_prof,hal02,10000000000,4,33.64869654,3.1416104768,1.782321e-05
par_prof,hal02,10000000000,4,33.634665031,3.1416289624,3.630881e-05
par_prof,hal02,10000000000,4,33.60909489,3.1415850896,7.56399e-06
par_prof,hal02,10000000000,6,32.919151187,3.1416137548,2.110121e-05
par_prof,hal02,10000000000,6,32.104899752,3.1415870484,5.60519e-06
par_prof,hal02,10000000000,6,32.168638912,3.141584708,7.94559e-06
par_prof,hal02,10000000000,6,32.120192,3.1416032704,1.061681e-05
par_prof,hal02,10000000000,6,32.152354207,3.1415775496,1.510399e-05
par_prof,hal02,10000000000,8,29.666663481,3.1416033228,1.066921e-05
par_prof,hal02,10000000000,8,29.605864591,3.1416160384,2.338481e-05
par_prof,hal02,10000000000,8,29.647669208,3.1416031844,1.053081e-05
par_prof,hal02,10000000000,8,29.663514476,3.141586508,6.14559e-06
par_prof,hal02,10000000000,8,29.660332497,3.1415542168,3.843679e-05
codigo,hal02,1000,1,9.427e-06,3.156,0.01440734641
codigo,hal02,1000,1,9.567e-06,3.156,0.01440734641
codigo,hal02,1000,1,9.712e-06,3.132,0.00959265359
codigo,hal02,1000,1,6.491e-06,3.16,0.01840734641
codigo,hal02,1000,1,9.562e-06,3.144,0.00240734641
codigo,hal02,1000,2,8.1584e-05,3.136,0.00559265359
codigo,hal02,1000,2,7.9422e-05,3.132,0.00959265359
codigo,hal02,1000,2,7.6387e-05,3.144,0.00240734641
codigo,hal02,1000,2,8.3863e-05,3.16,0.01840734641
codigo,hal02,1000,2,7.2528e-05,3.14,0.00159265359
codigo,hal02,1000,4,0.000106229,3.14,0.00159265359
codigo,hal02,1000,4,0.00011169,3.156,0.01440734641
codigo,hal02,1000,4,0.00011744,3.152,0.01040734641
codigo,hal02,1000,4,0.000114267,3.136,0.00559265359
codigo,hal02,1000,4,9.8632e-05,3.16,0.01840734641
codigo,hal02,1000,6,0.000152146,3.136,0.00559265359
codigo,hal02,1000,6,0.00015674,3.132,0.00959265359
codigo,hal02,1000,6,0.000158695,3.104,0.03759265359
codigo,hal02,1000,6,0.000150593,3.148,0.00640734641
codigo,hal02,1000,6,0.000168522,3.152,0.01040734641
codigo,hal02,1000,8,0.00019192,3.116,0.02559265359
codigo,hal02,1000,8,0.000198134,3.164,0.02240734641
codigo,hal02,1000,8,0.000200746,3.128,0.01359265359
codigo,hal02,1000,8,0.00020423,3.148,0.00640734641
codigo,hal02,1000,8,0.000213477,3.164,0.02240734641
codigo,hal02,10000,1,4.637e-05,3.1456,0.00400734641
codigo,hal02,10000,1,4.6605e-05,3.1404,0.00119265359
codigo,hal02,10000,1,4.6582e-05,3.136,0.00559265359
codigo,hal02,10000,1,4.6544e-05,3.1452,0.00360734641
codigo,hal02,10000,1,4.6297e-05,3.144,0.00240734641
codigo,hal02,10000,2,6.9864e-05,3.1476,0.00600734641
codigo,hal02,10000,2,9.2156e-05,3.1392,0.00239265359
codigo,hal02,10000,2,9.6013e-05,3.138,0.00359265359
codigo,hal02,10000,2,6.6985e-05,3.144,0.00240734641
codigo,hal02,10000,2,8.8526e-05,3.14,0.00159265359
codigo,hal02,10000,4,0.00010373,3.1424,0.00080734641
codigo,hal02,10000,4,0.000125682,3.1436,0.00200734641
codigo,hal02,10000,4,0.000119518,3.1432,0.00160734641
codigo,hal02,10000,4,0.000126835,3.1444,0.00280734641
codigo,hal02,10000,4,0.000132837,3.1364,0.00519265359
codigo,hal02,10000,6,0.000160688,3.1388,0.00279265359
codigo,hal02,10000,6,0.000164027,3.1436,0.00200734641
codigo,hal02,10000,6,0.000172111,3.1396,0.00199265359
codigo,hal02,10000,6,0.000167896,3.1452,0.00360734641
codigo,hal02,10000,6,0.000189699,3.1432,0.00160734641
codigo,hal02,10000,8,0.000201265,3.146,0.00440734641
codigo,hal02,10000,8,0.000207028,3.146,0.00440734641
codigo,hal02,10000,8,0.000207643,3.1392,0.00239265359
codigo,hal02,10000,8,0.000202074,3.1412,0.00039265359
codigo,hal02,10000,8,0.000215529,3.146,0.00440734641
codigo,hal02,100000,1,0.000410559,3.14244,0.00084734641
codigo,hal02,100000,1,0.000411325,3.14132,0.00027265359
codigo,hal02,100000,1,0.000411203,3.1412,0.00039265359
codigo,hal02,100000,1,0.00041102,3.14176,0.00016734641
codigo,hal02,100000,1,0.0004295,3.14084,0.00075265359
codigo,hal02,100000,2,0.000280262,3.14224,0.00064734641
codigo,hal02,100000,2,0.000279806,3.1422,0.00060734641
codigo,hal02,100000,2,0.000272191,3.14164,4.734641e-05
codigo,hal02,100000,2,0.000297748,3.14276,0.00116734641
codigo,hal02,100000,2,0.000277188,3.14088,0.00071265359
codigo,hal02,100000,4,0.000224451,3.14176,0.00016734641
codigo,hal02,100000,4,0.000212917,3.14192,0.00032734641
codigo,hal02,100000,4,0.000209648,3.14212,0.00052734641
codigo,hal02,100000,4,0.000286679,3.14192,0.00032734641
codigo,hal02,100000,4,0.000212664,3.14204,0.00044734641
codigo,hal02,100000,6,0.000269578,3.14156,3.265359e-05
codigo,hal02,100000,6,0.000272342,3.14268,0.00108734641
codigo,hal02,100000,6,0.000208071,3.14188,0.00028734641
codigo,hal02,100000,6,0.000276101,3.14136,0.00023265359
codigo,hal02,100000,6,0.00028794,3.14192,0.00032734641
codigo,hal02,100000,8,0.000216114,3.14048,0.00111265359
codigo,hal02,100000,8,0.000289768,3.14144,0.00015265359
codigo,hal02,100000,8,0.000284619,3.14136,0.00023265359
codigo,hal02,100000,8,0.000297906,3.14188,0.00028734641
codigo,hal02,100000,8,0.000317993,3.14288,0.00128734641
codigo,hal02,1000000,1,0.004063027,3.141544,4.865359e-05
codigo,hal02,1000000,1,0.004004919,3.141636,4.334641e-05
codigo,hal02,1000000,1,0.00405778,3.141676,8.334641e-05
codigo,hal02,1000000,1,0.004056968,3.1417,0.00010734641
codigo,hal02,1000000,1,0.004060437,3.141596,3.34641e-06
codigo,hal02,1000000,2,0.002106136,3.141608,1.534641e-05
codigo,hal02,1000000,2,0.002112479,3.141524,6.865359e-05
codigo,hal02,1000000,2,0.001368256,3.141592,6.5359e-07
codigo,hal02,1000000,2,0.002149901,3.141656,6.334641e-05
codigo,hal02,1000000,2,0.002108591,3.141668,7.534641e-05
codigo,hal02,1000000,4,0.001119875,3.141628,3.534641e-05
codigo,hal02,1000000,4,0.001123199,3.141504,8.865359e-05
codigo,hal02,1000000,4,0.001122771,3.141616,2.334641e-05
codigo,hal02,1000000,4,0.001123836,3.14162,2.734641e-05
codigo,hal02,1000000,4,0.001126154,3.141412,0.00018065359
codigo,hal02,1000000,6,0.001371628,3.141468,0.00012465359
codigo,hal02,1000000,6,0.000949411,3.141548,4.465359e-05
codigo,hal02,1000000,6,0.001372079,3.14178,0.00018734641
codigo,hal02,1000000,6,0.001371274,3.141632,3.934641e-05
codigo,hal02,1000000,6,0.001372804,3.141484,0.00010865359
codigo,hal02,1000000,8,0.00117237,3.141632,3.934641e-05
codigo,hal02,1000000,8,0.001111161,3.141608,1.534641e-05
codigo,hal02,1000000,8,0.001123848,3.141636,4.334641e-05
codigo,hal02,1000000,8,0.001110674,3.141644,5.134641e-05
codigo,hal02,1000000,8,0.001460648,3.14152,7.265359e-05
codigo,hal02,10000000,1,0.034552583,3.141588,4.65359e-06
codigo,hal02,10000000,1,0.033736741,3.1416096,1.694641e-05
codigo,hal02,10000000,1,0.034555713,3.1415832,9.45359e-06
codigo,hal02,10000000,1,0.034757596,3.1415872,5.45359e-06
codigo,hal02,10000000,1,0.034765779,3.1415936,9.4641e-07
codigo,hal02,10000000,2,0.017203476,3.141572,2.065359e-05
codigo,hal02,10000000,2,0.018879175,3.1416104,1.774641e-05
codigo,hal02,10000000,2,0.018873503,3.1416032,1.054641e-05
codigo,hal02,10000000,2,0.018705809,3.1415984,5.74641e-06
codigo,hal02,10000000,2,0.018771563,3.1415908,1.85359e-06
codigo,hal02,10000000,4,0.009995972,3.1415836,9.05359e-06
codigo,hal02,10000000,4,0.009934347,3.1415992,6.54641e-06
codigo,hal02,10000000,4,0.00997613,3.1415948,2.14641e-06
codigo,hal02,10000000,4,0.00993921,3.141596,3.34641e-06
codigo,hal02,10000000,4,0.010022526,3.1415772,1.545359e-05
codigo,hal02,10000000,6,0.011790306,3.1415876,5.05359e-06
codigo,hal02,10000000,6,0.011602833,3.14161,1.734641e-05
codigo,hal02,10000000,6,0.011639454,3.1415936,9.4641e-07
codigo,hal02,10000000,6,0.011632828,3.1416268,3.414641e-05
codigo,hal02,10000000,6,0.011624655,3.1415872,5.45359e-06
codigo,hal02,10000000,8,0.009145128,3.1416088,1.614641e-05
codigo,hal02,10000000,8,0.008874157,3.1415936,9.4641e-07
codigo,hal02,10000000,8,0.008479156,3.1415852,7.45359e-06
codigo,hal02,10000000,8,0.009089552,3.1416,7.34641e-06
codigo,hal02,10000000,8,0.009093666,3.1416092,1.654641e-05
codigo,hal02,100000000,1,0.270264133,3.14158956,3.09359e-06
codigo,hal02,100000000,1,0.271880966,3.14159544,2.78641e-06
codigo,hal02,100000000,1,0.272404091,3.14159484,2.18641e-06
codigo,hal02,100000000,1,0.262389583,3.14159172,9.3359e-07
codigo,hal02,100000000,1,0.27193319,3.14159712,4.46641e-06
codigo,hal02,100000000,2,0.139178254,3.14158812,4.53359e-06
codigo,hal02,100000000,2,0.13992302,3.1415916,1.05359e-06
codigo,hal02,100000000,2,0.139169621,3.14159356,9.0641e-07
codigo,hal02,100000000,2,0.140652986,3.14159212,5.3359e-07
codigo,hal02,100000000,2,0.132714525,3.14159532,2.66641e-06
codigo,hal02,100000000,4,0.07512761,3.14159148,1.17359e-06
codigo,hal02,100000000,4,0.07303309,3.14159552,2.86641e-06
codigo,hal02,100000000,4,0.075340826,3.1415938,1.14641e-06
codigo,hal02,100000000,4,0.069767886,3.14159192,7.3359e-07
codigo,hal02,100000000,4,0.06931522,3.14159792,5.26641e-06
codigo,hal02,100000000,6,0.087042434,3.14159744,4.78641e-06
codigo,hal02,100000000,6,0.088442851,3.14158892,3.73359e-06
codigo,hal02,100000000,6,0.088740263,3.14159324,5.8641e-07
codigo,hal02,100000000,6,0.087724538,3.14159164,1.01359e-06
codigo,hal02,100000000,6,0.086669388,3.14159352,8.6641e-07
codigo,hal02,100000000,8,0.067350963,3.14159232,3.3359e-07
codigo,hal02,100000000,8,0.068852862,3.14158964,3.01359e-06
codigo,hal02,100000000,8,0.068521325,3.14158664,6.01359e-06
codigo,hal02,100000000,8,0.066897835,3.14159092,1.73359e-06
codigo,hal02,100000000,8,0.07004441,3.14159232,3.3359e-07
codigo,hal02,1000000000,1,2.633917623,3.141592764,1.1041e-07
codigo,hal02,1000000000,1,2.635135128,3.1415922,4.5359e-07
codigo,hal02,1000000000,1,2.624238835,3.141592532,1.2159e-07
codigo,hal02,1000000000,1,2.63314956,3.141592884,2.3041e-07
codigo,hal02,1000000000,1,2.633595847,3.141592728,7.441e-08
codigo,hal02,1000000000,2,1.323523888,3.141592716,6.241e-08
codigo,hal02,1000000000,2,1.325608395,3.141592848,1.9441e-07
codigo,hal02,1000000000,2,1.331012071,3.14159248,1.7359e-07
codigo,hal02,1000000000,2,1.323354031,3.1415922,4.5359e-07
codigo,hal02,1000000000,2,1.329749252,3.141592712,5.841e-08
codigo,hal02,1000000000,4,0.691758742,3.141593388,7.3441e-07
codigo,hal02,1000000000,4,0.692719404,3.141592432,2.2159e-07
codigo,hal02,1000000000,4,0.693812022,3.141591596,1.05759e-06
codigo,hal02,1000000000,4,0.697633207,3.141592308,3.4559e-07
codigo,hal02,1000000000,4,0.695169805,3.14159294,2.8641e-07
codigo,hal02,1000000000,6,0.729406675,3.141593368,7.1441e-07
codigo,hal02,1000000000,6,0.737543192,3.14159274,8.641e-08
codigo,hal02,1000000000,6,0.725970812,3.141592712,5.841e-08
codigo,hal02,1000000000,6,0.740180508,3.141592264,3.8959e-07
codigo,hal02,1000000000,6,0.817597261,3.141591784,8.6959e-07
codigo,hal02,1000000000,8,0.631268878,3.141591968,6.8559e-07
codigo,hal02,1000000000,8,0.627870129,3.141592904,2.5041e-07
codigo,hal02,1000000000,8,0.627845627,3.141592496,1.5759e-07
codigo,hal02,1000000000,8,0.62715086,3.141593336,6.8241e-07
codigo,hal02,1000000000,8,0.62817669,3.141592892,2.3841e-07
codigo,hal02,10000000000,1,26.25827692,3.1415924696,1.8399e-07
codigo,hal02,10000000000,1,26.249608805,3.141592654,4.1e-10
codigo,hal02,10000000000,1,26.258463783,3.1415927964,1.4281e-07
codigo,hal02,10000000000,1,26.263010172,3.1415925724,8.119e-08
codigo,hal02,10000000000,1,26.265999274,3.1415926524,1.19e-09
codigo,hal02,10000000000,2,13.224808004,3.1415927044,5.081e-08
codigo,hal02,10000000000,2,13.210270246,3.14159284,1.8641e-07
codigo,hal02,10000000000,2,13.227614431,3.1415926716,1.801e-08
codigo,hal02,10000000000,2,13.237473125,3.1415927644,1.1081e-07
codigo,hal02,10000000000,2,13.235221007,3.1415927744,1.2081e-07
codigo,hal02,10000000000,4,6.917970026,3.1415928604,2.0681e-07
codigo,hal02,10000000000,4,6.919331808,3.1415926828,2.921e-08
codigo,hal02,10000000000,4,6.916737405,3.1415926764,2.281e-08
codigo,hal02,10000000000,4,6.922319081,3.1415926004,5.319e-08
codigo,hal02,10000000000,4,6.941657073,3.1415926048,4.879e-08
codigo,hal02,10000000000,6,6.699678205,3.1415926788,2.521e-08
codigo,hal02,10000000000,6,6.696844941,3.1415926948,4.121e-08
codigo,hal02,10000000000,6,6.694889267,3.1415926904,3.681e-08
codigo,hal02,10000000000,6,6.7128509,3.14159266,6.41e-09
codigo,hal02,10000000000,6,6.746663795,3.1415924796,1.7399e-07
codigo,hal02,10000000000,8,6.210057119,3.1415926208,3.279e-08
codigo,hal02,10000000000,8,6.211063909,3.1415928508,1.9721e-07
codigo,hal02,10000000000,8,6.213943723,3.141592816,1.6241e-07
codigo,hal02,10000000000,8,6.216147964,3.1415928032,1.4961e-07
codigo,hal02,10000000000,8,6.217265445,3.1415926468,6.79e-09
seq_prof,hal01,1000,1,2.2687e-05,3.1,0.04159265359
seq_prof,hal01,1000,1,2.1877e-05,3.1,0.04159265359
seq_prof,hal01,1000,1,2.183e-05,3.1,0.04159265359
seq_prof,hal01,1000,1,2.1361e-05,3.1,0.04159265359
seq_prof,hal01,1000,1,2.1519e-05,3.172,0.03040734641
seq_prof,hal01,1000,1,2.1465e-05,3.172,0.03040734641
seq_prof,hal01,1000,1,2.1292e-05,3.172,0.03040734641
seq_prof,hal01,1000,1,2.152e-05,3.172,0.03040734641
seq_prof,hal01,1000,1,2.1352e-05,3.172,0.03040734641
seq_prof,hal01,1000,1,2.4955e-05,3.172,0.03040734641
seq_prof,hal01,1000,1,2.1426e-05,3.124,0.01759265359
seq_prof,hal01,1000,1,2.1616e-05,3.124,0.01759265359
seq_prof,hal01,1000,1,2.1362e-05,3.124,0.01759265359
seq_prof,hal01,1000,1,2.1798e-05,3.124,0.01759265359
seq_prof,hal01,1000,1,2.1364e-05,3.156,0.01440734641
seq_prof,hal01,1000,1,2.1421e-05,3.156,0.01440734641
seq_prof,hal01,1000,1,2.1282e-05,3.156,0.01440734641
seq_prof,hal01,1000,1,2.3677e-05,3.156,0.01440734641
seq_prof,hal01,1000,1,1.3896e-05,3.156,0.01440734641
seq_prof,hal01,1000,1,2.1806e-05,3.12,0.02159265359
seq_prof,hal01,1000,1,2.1765e-05,3.12,0.02159265359
seq_prof,hal01,1000,1,2.1705e-05,3.12,0.02159265359
seq_prof,hal01,1000,1,2.1738e-05,3.12,0.02159265359
seq_prof,hal01,1000,1,2.1904e-05,3.12,0.02159265359
seq_prof,hal01,1000,1,2.1557e-05,3.196,0.05440734641
seq_prof,hal01,10000,1,0.000196911,3.1528,0.01120734641
seq_prof,hal01,10000,1,0.000199901,3.1528,0.01120734641
seq_prof,hal01,10000,1,0.000199603,3.1528,0.01120734641
seq_prof,hal01,10000,1,0.000139058,3.1528,0.01120734641
seq_prof,hal01,10000,1,0.000196974,3.1528,0.01120734641
seq_prof,hal01,10000,1,0.000197759,3.1552,0.01360734641
seq_prof,hal01,10000,1,0.000197717,3.1552,0.01360734641
seq_prof,hal01,10000,1,0.000198477,3.1552,0.01360734641
seq_prof,hal01,10000,1,0.000200342,3.1552,0.01360734641
seq_prof,hal01,10000,1,0.00019858,3.1552,0.01360734641
seq_prof,hal01,10000,1,0.000200936,3.1328,0.00879265359
seq_prof,hal01,10000,1,0.000198468,3.1328,0.00879265359
seq_prof,hal01,10000,1,0.00019825,3.1328,0.00879265359
seq_prof,hal01,10000,1,0.000200954,3.1328,0.00879265359
seq_prof,hal01,10000,1,0.000131053,3.1328,0.00879265359
seq_prof,hal01,10000,1,0.000212854,3.1588,0.01720734641
seq_prof,hal01,10000,1,0.000204906,3.1588,0.01720734641
seq_prof,hal01,10000,1,0.000208135,3.1588,0.01720734641
seq_prof,hal01,10000,1,0.000199752,3.1588,0.01720734641
seq_prof,hal01,10000,1,0.000196582,3.1588,0.01720734641
seq_prof,hal01,10000,1,0.000196795,3.1588,0.01720734641
seq_prof,hal01,10000,1,0.000200406,3.1448,0.00320734641
seq_prof,hal01,10000,1,0.000197332,3.1448,0.00320734641
seq_prof,hal01,10000,1,0.000197689,3.1448,0.00320734641
seq_prof,hal01,10000,1,0.00019728,3.1448,0.00320734641
seq_prof,hal01,100000,1,0.001958003,3.14488,0.00328734641
seq_prof,hal01,100000,1,0.001967771,3.13472,0.00687265359
seq_prof,hal01,100000,1,0.001974781,3.13472,0.00687265359
seq_prof,hal01,100000,1,0.001889872,3.13472,0.00687265359
seq_prof,hal01,100000,1,0.001903426,3.13472,0.00687265359
seq_prof,hal01,100000,1,0.001889642,3.13472,0.00687265359
seq_prof,hal01,100000,1,0.001897321,3.139,0.00259265359
seq_prof,hal01,100000,1,0.001968089,3.139,0.00259265359
seq_prof,hal01,100000,1,0.001967001,3.139,0.00259265359
seq_prof,hal01,100000,1,0.001956901,3.139,0.00259265359
seq_prof,hal01,100000,1,0.001971689,3.139,0.00259265359
seq_prof,hal01,100000,1,0.00197334,3.1366,0.00499265359
seq_prof,hal01,100000,1,0.001979357,3.1366,0.00499265359
seq_prof,hal01,100000,1,0.001976621,3.1366,0.00499265359
seq_prof,hal01,100000,1,0.001982366,3.1366,0.00499265359
seq_prof,hal01,100000,1,0.001961313,3.1366,0.00499265359
seq_prof,hal01,100000,1,0.00195735,3.1366,0.00499265359
seq_prof,hal01,100000,1,0.001975349,3.1458,0.00420734641
seq_prof,hal01,100000,1,0.001968163,3.1458,0.00420734641
seq_prof,hal01,100000,1,0.001966927,3.1458,0.00420734641
seq_prof,hal01,100000,1,0.001969392,3.1458,0.00420734641
seq_prof,hal01,100000,1,0.001884306,3.1458,0.00420734641
seq_prof,hal01,100000,1,0.001270123,3.15188,0.01028734641
seq_prof,hal01,100000,1,0.001948691,3.15188,0.01028734641
seq_prof,hal01,100000,1,0.001967234,3.15188,0.01028734641
seq_prof,hal01,1000000,1,0.018703407,3.141604,1.134641e-05
seq_prof,hal01,1000000,1,0.017783242,3.141604,1.134641e-05
seq_prof,hal01,1000000,1,0.015981152,3.140416,0.00117665359
seq_prof,hal01,1000000,1,0.018200845,3.140416,0.00117665359
seq_prof,hal01,1000000,1,0.018038361,3.140416,0.00117665359
seq_prof,hal01,1000000,1,0.017739397,3.140416,0.00117665359
seq_prof,hal01,1000000,1,0.012706587,3.142276,0.00068334641
seq_prof,hal01,1000000,1,0.018009932,3.142276,0.00068334641
seq_prof,hal01,1000000,1,0.018123314,3.142276,0.00068334641
seq_prof,hal01,1000000,1,0.017853387,3.142276,0.00068334641
seq_prof,hal01,1000000,1,0.018258584,3.142276,0.00068334641
seq_prof,hal01,1000000,1,0.012846042,3.141616,2.334641e-05
seq_prof,hal01,1000000,1,0.01836004,3.141616,2.334641e-05
seq_prof,hal01,1000000,1,0.018083699,3.141616,2.334641e-05
seq_prof,hal01,1000000,1,0.017886538,3.141616,2.334641e-05
seq_prof,hal01,1000000,1,0.018600539,3.141616,2.334641e-05
seq_prof,hal01,1000000,1,0.012743382,3.140776,0.00081665359
seq_prof,hal01,1000000,1,0.018447049,3.140776,0.00081665359
seq_prof,hal01,1000000,1,0.018287051,3.140776,0.00081665359
seq_prof,hal01,1000000,1,0.018313911,3.140776,0.00081665359
seq_prof,hal01,1000000,1,0.017945412,3.140776,0.00081665359
seq_prof,hal01,1000000,1,0.018330113,3.141868,0.00027534641
seq_prof,hal01,1000000,1,0.018261674,3.141868,0.00027534641
seq_prof,hal01,1000000,1,0.018458176,3.141868,0.00027534641
seq_prof,hal01,1000000,1,0.017921216,3.141868,0.00027534641
seq_prof,hal01,10000000,1,0.135786821,3.1417772,0.00018454641
seq_prof,hal01,10000000,1,0.132758793,3.1422136,0.00062094641
seq_prof,hal01,10000000,1,0.135993668,3.1422136,0.00062094641
seq_prof,hal01,10000000,1,0.135888683,3.1422136,0.00062094641
seq_prof,hal01,10000000,1,0.136918246,3.1418972,0.00030454641
seq_prof,hal01,10000000,1,0.136167216,3.1418972,0.00030454641
seq_prof,hal01,10000000,1,0.135848362,3.1418972,0.00030454641
seq_prof,hal01,10000000,1,0.136973383,3.1414148,0.00017785359
seq_prof,hal01,10000000,1,0.127454268,3.1414148,0.00017785359
seq_prof,hal01,10000000,1,0.128182364,3.1414148,0.00017785359
seq_prof,hal01,10000000,1,0.128283345,3.1416196,2.694641e-05
seq_prof,hal01,10000000,1,0.136875599,3.1416196,2.694641e-05
seq_prof,hal01,10000000,1,0.127349496,3.1416196,2.694641e-05
seq_prof,hal01,10000000,1,0.12917389,3.1420712,0.00047854641
seq_prof,hal01,10000000,1,0.135628154,3.1420712,0.00047854641
seq_prof,hal01,10000000,1,0.135389175,3.1420712,0.00047854641
seq_prof,hal01,10000000,1,0.127937274,3.1424464,0.00085374641
seq_prof,hal01,10000000,1,0.136538349,3.1424464,0.00085374641
seq_prof,hal01,10000000,1,0.128309554,3.1424464,0.00085374641
seq_prof,hal01,10000000,1,0.128095722,3.1406028,0.00098985359
seq_prof,hal01,10000000,1,0.127436772,3.1406028,0.00098985359
seq_prof,hal01,10000000,1,0.127185815,3.1406028,0.00098985359
seq_prof,hal01,10000000,1,0.127339696,3.1408884,0.00070425359
seq_prof,hal01,10000000,1,0.127608624,3.1408884,0.00070425359
seq_prof,hal01,10000000,1,0.127407939,3.1408884,0.00070425359
seq_prof,hal01,100000000,1,1.279654325,3.14145612,0.00013653359
seq_prof,hal01,100000000,1,1.282315476,3.14167756,8.490641e-05
seq_prof,hal01,100000000,1,1.272912852,3.141636,4.334641e-05
seq_prof,hal01,100000000,1,1.279729126,3.14135148,0.00024117359
seq_prof,hal01,100000000,1,1.282476869,3.1418366,0.00024394641
seq_prof,hal01,100000000,1,1.282032452,3.1418354,0.00024274641
seq_prof,hal01,100000000,1,1.27304439,3.14160584,1.318641e-05
seq_prof,hal01,100000000,1,1.277080452,3.14145028,0.00014237359
seq_prof,hal01,100000000,1,1.275307726,3.14172408,0.00013142641
seq_prof,hal01,100000000,1,1.280340519,3.1416394,4.674641e-05
seq_prof,hal01,100000000,1,1.272210328,3.14145288,0.00013977359
seq_prof,hal01,100000000,1,1.280336155,3.14131896,0.00027369359
seq_prof,hal01,100000000,1,1.280828828,3.14181704,0.00022438641
seq_prof,hal01,100000000,1,1.272205714,3.14165456,6.190641e-05
seq_prof,hal01,100000000,1,1.282078259,3.14165372,6.106641e-05
seq_prof,hal01,100000000,1,1.281921177,3.1415734,1.925359e-05
seq_prof,hal01,100000000,1,1.280075167,3.14163936,4.670641e-05
seq_prof,hal01,100000000,1,1.280365576,3.14166916,7.650641e-05
seq_prof,hal01,100000000,1,1.283831703,3.14150736,8.529359e-05
seq_prof,hal01,100000000,1,1.283086876,3.14149892,9.373359e-05
seq_prof,hal01,100000000,1,1.283313448,3.14155128,4.137359e-05
seq_prof,hal01,100000000,1,1.281220869,3.1419154,0.00032274641
seq_prof,hal01,100000000,1,1.276221487,3.14163204,3.938641e-05
seq_prof,hal01,100000000,1,1.279353845,3.1417318,0.00013914641
seq_prof,hal01,100000000,1,1.281003351,3.14178852,0.00019586641
seq_prof,hal01,1000000000,1,12.725750398,3.141745672,0.00015301841
seq_prof,hal01,1000000000,1,12.755515326,3.14161676,2.410641e-05
seq_prof,hal01,1000000000,1,12.724630762,3.141589676,2.97759e-06
seq_prof,hal01,1000000000,1,12.754724326,3.14160698,1.432641e-05
seq_prof,hal01,1000000000,1,12.751826202,3.141622268,2.961441e-05
seq_prof,hal01,1000000000,1,12.751448108,3.1415975,4.84641e-06
seq_prof,hal01,1000000000,1,12.725287262,3.141566176,2.647759e-05
seq_prof,hal01,1000000000,1,12.7682324,3.141606464,1.381041e-05
seq_prof,hal01,1000000000,1,12.750302976,3.141587232,5.42159e-06
seq_prof,hal01,1000000000,1,12.770951729,3.141582408,1.024559e-05
seq_prof,hal01,1000000000,1,12.724836209,3.141481476,0.00011117759
seq_prof,hal01,1000000000,1,12.756051159,3.141552928,3.972559e-05
seq_prof,hal01,1000000000,1,12.749568674,3.14156292,2.973359e-05
seq_prof,hal01,1000000000,1,12.734442005,3.141566588,2.606559e-05
seq_prof,hal01,1000000000,1,12.707987257,3.141629468,3.681441e-05
seq_prof,hal01,1000000000,1,12.720835359,3.141660412,6.775841e-05
seq_prof,hal01,1000000000,1,12.736645264,3.14160068,8.02641e-06
seq_prof,hal01,1000000000,1,12.740758336,3.141630824,3.817041e-05
seq_prof,hal01,1000000000,1,12.718603704,3.1416033,1.064641e-05
seq_prof,hal01,1000000000,1,12.725153865,3.14160462,1.196641e-05
seq_prof,hal01,1000000000,1,12.746483326,3.141537528,5.512559e-05
seq_prof,hal01,1000000000,1,12.71894578,3.14159094,1.71359e-06
seq_prof,hal01,1000000000,1,12.721258882,3.141597536,4.88241e-06
seq_prof,hal01,1000000000,1,12.723463945,3.141524108,6.854559e-05
seq_prof,hal01,1000000000,1,12.720334239,3.141567796,2.485759e-05
seq_prof,hal01,10000000000,1,127.328881293,3.1415987728,6.11921e-06
seq_prof,hal01,10000000000,1,127.061075271,3.1416027336,1.008001e-05
seq_prof,hal01,10000000000,1,127.088431937,3.1416081876,1.553401e-05
seq_prof,hal01,10000000000,1,127.313602435,3.1415987548,6.10121e-06
seq_prof,hal01,10000000000,1,127.428289951,3.1415859792,6.67439e-06
seq_prof,hal01,10000000000,1,127.309584526,3.1416201768,2.752321e-05
seq_prof,hal01,10000000000,1,127.057176888,3.1416011316,8.47801e-06
seq_prof,hal01,10000000000,1,127.118322773,3.1415785672,1.408639e-05
seq_prof,hal01,10000000000,1,127.308668829,3.14158289,9.76359e-06
seq_prof,hal01,10000000000,1,127.325574144,3.1415880868,4.56679e-06
seq_prof,hal01,10000000000,1,127.026253074,3.1416091192,1.646561e-05
seq_prof,hal01,10000000000,1,127.31683593,3.1415948656,2.21201e-06
seq_prof,hal01,10000000000,1,127.305978116,3.1415668964,2.575719e-05
seq_prof,hal01,10000000000,1,127.409469268,3.1415942236,1.57001e-06
seq_prof,hal01,10000000000,1,127.414039483,3.1415699948,2.265879e-05
seq_prof,hal01,10000000000,1,127.323368402,3.1415927528,9.921e-08
seq_prof,hal01,10000000000,1,127.401392559,3.141588028,4.62559e-06
seq_prof,hal01,10000000000,1,127.099651711,3.1415968004,4.14681e-06
seq_prof,hal01,10000000000,1,127.347803385,3.14157766,1.499359e-05
seq_prof,hal01,10000000000,1,127.355090991,3.1416013636,8.71001e-06
seq_prof,hal01,10000000000,1,127.302613586,3.141592892,2.3841e-07
seq_prof,hal01,10000000000,1,127.316689984,3.1415983492,5.69561e-06
seq_prof,hal01,10000000000,1,127.860851789,3.1415661972,2.645639e-05
seq_prof,hal01,10000000000,1,127.038145807,3.1416149416,2.228801e-05
seq_prof,hal01,10000000000,1,127.404792759,3.1416024876,9.83401e-06
par_prof,hal01,1000,1,2.5471e-05,3.12,0.02159265359
par_prof,hal01,1000,1,2.5771e-05,3.12,0.02159265359
par_prof,hal01,1000,1,2.5925e-05,3.12,0.02159265359
par_prof,hal01,1000,1,2.5691e-05,3.12,0.02159265359
par_prof,hal01,1000,1,1.7115e-05,3.12,0.02159265359
par_prof,hal01,1000,2,8.2163e-05,3.088,0.05359265359
par_prof,hal01,1000,2,8.6587e-05,3.088,0.05359265359
par_prof,hal01,1000,2,8.6639e-05,3.088,0.05359265359
par_prof,hal01,1000,2,7.9825e-05,3.088,0.05359265359
par_prof,hal01,1000,2,7.9271e-05,3.088,0.05359265359
par_prof,hal01,1000,4,0.000109913,3.124,0.01759265359
par_prof,hal01,1000,4,0.00010872,3.124,0.01759265359
par_prof,hal01,1000,4,0.000117211,3.124,0.01759265359
par_prof,hal01,1000,4,0.00011812,3.124,0.01759265359
par_prof,hal01,1000,4,0.000116279,3.124,0.01759265359
par_prof,hal01,1000,6,0.000178934,3.152,0.01040734641
par_prof,hal01,1000,6,0.000157476,3.144,0.00240734641
par_prof,hal01,1000,6,0.000156095,3.144,0.00240734641
par_prof,hal01,1000,6,0.000156162,3.144,0.00240734641
par_prof,hal01,1000,6,0.000160466,3.144,0.00240734641
par_prof,hal01,1000,8,0.000172005,3.104,0.03759265359
par_prof,hal01,1000,8,0.000178971,3.132,0.00959265359
par_prof,hal01,1000,8,0.000198059,3.132,0.00959265359
par_prof,hal01,1000,8,0.000188831,3.132,0.00959265359
par_prof,hal01,1000,8,0.000209867,3.132,0.00959265359
par_prof,hal01,10000,1,0.000201336,3.1608,0.01920734641
par_prof,hal01,10000,1,0.000131088,3.1516,0.01000734641
par_prof,hal01,10000,1,0.000201934,3.1516,0.01000734641
par_prof,hal01,10000,1,0.000201464,3.1516,0.01000734641
par_prof,hal01,10000,1,0.000201777,3.1516,0.01000734641
par_prof,hal01,10000,2,0.000170284,3.1456,0.00400734641
par_prof,hal01,10000,2,0.000175997,3.1456,0.00400734641
par_prof,hal01,10000,2,0.000118825,3.1416,7.34641e-06
par_prof,hal01,10000,2,0.000169861,3.1416,7.34641e-06
par_prof,hal01,10000,2,0.000175635,3.1416,7.34641e-06
par_prof,hal01,10000,4,0.000154816,3.1392,0.00239265359
par_prof,hal01,10000,4,0.000127516,3.1392,0.00239265359
par_prof,hal01,10000,4,0.000162417,3.1492,0.00760734641
par_prof,hal01,10000,4,0.000160756,3.1492,0.00760734641
par_prof,hal01,10000,4,0.000158264,3.1492,0.00760734641
par_prof,hal01,10000,6,0.000245656,3.1476,0.00600734641
par_prof,hal01,10000,6,0.00019075,3.1476,0.00600734641
par_prof,hal01,10000,6,0.000219069,3.158,0.01640734641
par_prof,hal01,10000,6,0.000216099,3.158,0.01640734641
par_prof,hal01,10000,6,0.000218683,3.158,0.01640734641
par_prof,hal01,10000,8,0.000231563,3.1364,0.00519265359
par_prof,hal01,10000,8,0.000245866,3.1364,0.00519265359
par_prof,hal01,10000,8,0.000172806,3.1372,0.00439265359
par_prof,hal01,10000,8,0.000234858,3.1372,0.00439265359
par_prof,hal01,10000,8,0.000233734,3.1372,0.00439265359
par_prof,hal01,100000,1,0.001968995,3.13628,0.00531265359
par_prof,hal01,100000,1,0.001906198,3.13628,0.00531265359
par_prof,hal01,100000,1,0.001910493,3.13628,0.00531265359
par_prof,hal01,100000,1,0.001897118,3.1396,0.00199265359
par_prof,hal01,100000,1,0.001897289,3.1396,0.00199265359
par_prof,hal01,100000,2,0.001021558,3.1428,0.00120734641
par_prof,hal01,100000,2,0.001020969,3.1428,0.00120734641
par_prof,hal01,100000,2,0.0007408,3.1428,0.00120734641
par_prof,hal01,100000,2,0.000736542,3.13964,0.00195265359
par_prof,hal01,100000,2,0.001020733,3.13964,0.00195265359
par_prof,hal01,100000,4,0.000595193,3.1432,0.00160734641
par_prof,hal01,100000,4,0.000610802,3.1432,0.00160734641
par_prof,hal01,100000,4,0.000598523,3.1432,0.00160734641
par_prof,hal01,100000,4,0.000605769,3.1426,0.00100734641
par_prof,hal01,100000,4,0.000605279,3.1426,0.00100734641
par_prof,hal01,100000,6,0.00075695,3.14024,0.00135265359
par_prof,hal01,100000,6,0.000724048,3.14024,0.00135265359
par_prof,hal01,100000,6,0.000727636,3.14024,0.00135265359
par_prof,hal01,100000,6,0.00072258,3.14024,0.00135265359
par_prof,hal01,100000,6,0.000700462,3.14372,0.00212734641
par_prof,hal01,100000,8,0.000599106,3.14356,0.00196734641
par_prof,hal01,100000,8,0.000637608,3.14356,0.00196734641
par_prof,hal01,100000,8,0.00062604,3.14356,0.00196734641
par_prof,hal01,100000,8,0.000451364,3.14356,0.00196734641
par_prof,hal01,100000,8,0.000636284,3.14284,0.00124734641
par_prof,hal01,1000000,1,0.01809211,3.14338,0.00178734641
par_prof,hal01,1000000,1,0.017916984,3.14338,0.00178734641
par_prof,hal01,1000000,1,0.018156524,3.14338,0.00178734641
par_prof,hal01,1000000,1,0.012762599,3.14338,0.00178734641
par_prof,hal01,1000000,1,0.018034665,3.140536,0.00105665359
par_prof,hal01,1000000,2,0.00941038,3.14064,0.00095265359
par_prof,hal01,1000000,2,0.009798763,3.14064,0.00095265359
par_prof,hal01,1000000,2,0.009553007,3.14064,0.00095265359
par_prof,hal01,1000000,2,0.008256895,3.14064,0.00095265359
par_prof,hal01,1000000,2,0.008863444,3.14152,7.265359e-05
par_prof,hal01,1000000,4,0.004531195,3.140356,0.00123665359
par_prof,hal01,1000000,4,0.004959592,3.140356,0.00123665359
par_prof,hal01,1000000,4,0.005074229,3.140356,0.00123665359
par_prof,hal01,1000000,4,0.004838206,3.140356,0.00123665359
par_prof,hal01,1000000,4,0.004834579,3.140884,0.00070865359
par_prof,hal01,1000000,6,0.005909143,3.139236,0.00235665359
par_prof,hal01,1000000,6,0.005742279,3.139236,0.00235665359
par_prof,hal01,1000000,6,0.005850649,3.139236,0.00235665359
par_prof,hal01,1000000,6,0.005883093,3.139236,0.00235665359
par_prof,hal01,1000000,6,0.005752861,3.139708,0.00188465359
par_prof,hal01,1000000,8,0.004520319,3.140864,0.00072865359
par_prof,hal01,1000000,8,0.004537925,3.140864,0.00072865359
par_prof,hal01,1000000,8,0.004362353,3.140864,0.00072865359
par_prof,hal01,1000000,8,0.004538947,3.140864,0.00072865359
par_prof,hal01,1000000,8,0.004378283,3.140652,0.00094065359
par_prof,hal01,10000000,1,0.135903528,3.1413256,0.00026705359
par_prof,hal01,10000000,1,0.135610829,3.1413256,0.00026705359
par_prof,hal01,10000000,1,0.128515903,3.1413256,0.00026705359
par_prof,hal01,10000000,1,0.127391221,3.14099,0.00060265359
par_prof,hal01,10000000,1,0.127407222,3.14099,0.00060265359
par_prof,hal01,10000000,2,0.064330558,3.1416052,1.254641e-05
par_prof,hal01,10000000,2,0.064305473,3.1413332,0.00025945359
par_prof,hal01,10000000,2,0.064055571,3.1413332,0.00025945359
par_prof,hal01,10000000,2,0.06416222,3.1413332,0.00025945359
par_prof,hal01,10000000,2,0.064032308,3.1413332,0.00025945359
par_prof,hal01,10000000,4,0.033639412,3.1403704,0.00122225359
par_prof,hal01,10000000,4,0.033662477,3.1403704,0.00122225359
par_prof,hal01,10000000,4,0.033674569,3.1403704,0.00122225359
par_prof,hal01,10000000,4,0.033668578,3.1403704,0.00122225359
par_prof,hal01,10000000,4,0.03361262,3.1407572,0.00083545359
par_prof,hal01,10000000,6,0.044031081,3.1408312,0.00076145359
par_prof,hal01,10000000,6,0.042593907,3.1408312,0.00076145359
par_prof,hal01,10000000,6,0.044261171,3.1408312,0.00076145359
par_prof,hal01,10000000,6,0.04167146,3.1408312,0.00076145359
par_prof,hal01,10000000,6,0.044246993,3.1412596,0.00033305359
par_prof,hal01,10000000,8,0.034283687,3.1414836,0.00010905359
par_prof,hal01,10000000,8,0.034821556,3.1414836,0.00010905359
par_prof,hal01,10000000,8,0.03460618,3.1414836,0.00010905359
par_prof,hal01,10000000,8,0.035384399,3.1416572,6.454641e-05
par_prof,hal01,10000000,8,0.035073004,3.1416572,6.454641e-05
par_prof,hal01,100000000,1,1.275272793,3.14158244,1.021359e-05
par_prof,hal01,100000000,1,1.284379945,3.14147408,0.00011857359
par_prof,hal01,100000000,1,1.283507869,3.14166492,7.226641e-05
par_prof,hal01,100000000,1,1.283455377,3.14152272,6.993359e-05
par_prof,hal01,100000000,1,1.274924751,3.14148896,0.00010369359
par_prof,hal01,100000000,2,0.646460962,3.1416294,3.674641e-05
par_prof,hal01,100000000,2,0.643112039,3.14149196,0.00010069359
par_prof,hal01,100000000,2,0.648492309,3.14157468,1.797359e-05
par_prof,hal01,100000000,2,0.646888827,3.14164344,5.078641e-05
par_prof,hal01,100000000,2,0.640866779,3.14182056,0.00022790641
par_prof,hal01,100000000,4,0.347668777,3.14172028,0.00012762641
par_prof,hal01,100000000,4,0.347637503,3.14172028,0.00012762641
par_prof,hal01,100000000,4,0.346963629,3.14156612,2.653359e-05
par_prof,hal01,100000000,4,0.34631155,3.14156612,2.653359e-05
par_prof,hal01,100000000,4,0.342682071,3.141447,0.00014565359
par_prof,hal01,100000000,6,0.379973944,3.14152936,6.329359e-05
par_prof,hal01,100000000,6,0.401173631,3.14153592,5.673359e-05
par_prof,hal01,100000000,6,0.391595113,3.14172504,0.00013238641
par_prof,hal01,100000000,6,0.388868595,3.14172504,0.00013238641
par_prof,hal01,100000000,6,0.357153777,3.14175516,0.00016250641
par_prof,hal01,100000000,8,0.309703056,3.14170192,0.00010926641
par_prof,hal01,100000000,8,0.308794117,3.14170212,0.00010946641
par_prof,hal01,100000000,8,0.308790985,3.14170212,0.00010946641
par_prof,hal01,100000000,8,0.309054458,3.14167776,8.510641e-05
par_prof,hal01,100000000,8,0.308747876,3.14167776,8.510641e-05
par_prof,hal01,1000000000,1,12.722211376,3.1415652,2.745359e-05
par_prof,hal01,1000000000,1,12.758260843,3.141661816,6.916241e-05
par_prof,hal01,1000000000,1,12.721804131,3.141666368,7.371441e-05
par_prof,hal01,1000000000,1,12.914939475,3.14162802,3.536641e-05
par_prof,hal01,1000000000,1,12.721569117,3.141607084,1.443041e-05
par_prof,hal01,1000000000,2,6.396854384,3.14148944,0.00010321359
par_prof,hal01,1000000000,2,6.402821299,3.141683344,9.069041e-05
par_prof,hal01,1000000000,2,6.410345689,3.141627172,3.451841e-05
par_prof,hal01,1000000000,2,6.409380675,3.14153712,5.553359e-05
par_prof,hal01,1000000000,2,6.412975589,3.141596632,3.97841e-06
par_prof,hal01,1000000000,4,3.482896609,3.141524948,6.770559e-05
par_prof,hal01,1000000000,4,3.471329711,3.141598008,5.35441e-06
par_prof,hal01,1000000000,4,3.480075395,3.141616956,2.430241e-05
par_prof,hal01,1000000000,4,3.47430269,3.141558752,3.390159e-05
par_prof,hal01,1000000000,4,3.479831349,3.141565692,2.696159e-05
par_prof,hal01,1000000000,6,3.387768751,3.141557732,3.492159e-05
par_prof,hal01,1000000000,6,3.374913686,3.141575504,1.714959e-05
par_prof,hal01,1000000000,6,3.380995983,3.141583224,9.42959e-06
par_prof,hal01,1000000000,6,3.380949391,3.14170778,0.00011512641
par_prof,hal01,1000000000,6,3.417458634,3.14167534,8.268641e-05
par_prof,hal01,1000000000,8,3.106102388,3.141584308,8.34559e-06
par_prof,hal01,1000000000,8,3.107023388,3.14152984,6.281359e-05
par_prof,hal01,1000000000,8,3.104863565,3.141567584,2.506959e-05
par_prof,hal01,1000000000,8,3.106265864,3.141548132,4.452159e-05
par_prof,hal01,1000000000,8,3.116107686,3.141549776,4.287759e-05
par_prof,hal01,10000000000,1,127.235791565,3.1415972552,4.60161e-06
par_prof,hal01,10000000000,1,127.22227668,3.14162016,2.750641e-05
par_prof,hal01,10000000000,1,127.226855273,3.1415864496,6.20399e-06
par_prof,hal01,10000000000,1,127.677107514,3.1416042932,1.163961e-05
par_prof,hal01,10000000000,1,127.227836691,3.1415611224,3.153119e-05
par_prof,hal01,10000000000,2,64.101235026,3.1416012464,8.59281e-06
par_prof,hal01,10000000000,2,64.08805856,3.141570274,2.237959e-05
par_prof,hal01,10000000000,2,63.949397492,3.141584332,8.32159e-06
par_prof,hal01,10000000000,2,64.099054223,3.1415854768,7.17679e-06
par_prof,hal01,10000000000,2,63.952378641,3.1416241064,3.145281e-05
par_prof,hal01,10000000000,4,35.061028426,3.1416147052,2.205161e-05
par_prof,hal01,10000000000,4,35.231494374,3.1416071676,1.451401e-05
par_prof,hal01,10000000000,4,35.271632684,3.141579548,1.310559e-05
par_prof,hal01,10000000000,4,35.312148125,3.1415680136,2.463999e-05
par_prof,hal01,10000000000,4,35.263650156,3.1415844728,8.18079e-06
par_prof,hal01,10000000000,6,33.779594873,3.1415799256,1.272799e-05
par_prof,hal01,10000000000,6,33.755990887,3.1415835204,9.13319e-06
par_prof,hal01,10000000000,6,33.778854946,3.1415788248,1.382879e-05
par_prof,hal01,10000000000,6,33.738197419,3.1415782304,1.442319e-05
par_prof,hal01,10000000000,6,33.77382406,3.141568386,2.426759e-05
par_prof,hal01,10000000000,8,31.209992668,3.1416033228,1.066921e-05
par_prof,hal01,10000000000,8,31.136997006,3.1416154776,2.282401e-05
par_prof,hal01,10000000000,8,31.235438787,3.141590918,1.73559e-06
par_prof,hal01,10000000000,8,31.268286733,3.1415630112,2.964239e-05
par_prof,hal01,10000000000,8,31.227770897,3.1416111944,1.854081e-05
codigo,hal01,1000,1,6.447e-06,3.164,0.02240734641
codigo,hal01,1000,1,6.491e-06,3.144,0.00240734641
codigo,hal01,1000,1,6.371e-06,3.148,0.00640734641
codigo,hal01,1000,1,6.477e-06,3.14,0.00159265359
codigo,hal01,1000,1,6.501e-06,3.156,0.01440734641
codigo,hal01,1000,2,7.4712e-05,3.136,0.00559265359
codigo,hal01,1000,2,7.7252e-05,3.14,0.00159265359
codigo,hal01,1000,2,5.3203e-05,3.168,0.02640734641
codigo,hal01,1000,2,5.1346e-05,3.152,0.01040734641
codigo,hal01,1000,2,7.1892e-05,3.12,0.02159265359
codigo,hal01,1000,4,0.000115314,3.148,0.00640734641
codigo,hal01,1000,4,0.000107042,3.14,0.00159265359
codigo,hal01,1000,4,0.000119605,3.136,0.00559265359
codigo,hal01,1000,4,0.000118694,3.124,0.01759265359
codigo,hal01,1000,4,0.000112448,3.152,0.01040734641
codigo,hal01,1000,6,0.000151661,3.152,0.01040734641
codigo,hal01,1000,6,0.000146352,3.116,0.02559265359
codigo,hal01,1000,6,0.000121975,3.14,0.00159265359
codigo,hal01,1000,6,0.000142925,3.128,0.01359265359
codigo,hal01,1000,6,0.000144806,3.128,0.01359265359
codigo,hal01,1000,8,0.000189697,3.128,0.01359265359
codigo,hal01,1000,8,0.000187355,3.132,0.00959265359
codigo,hal01,1000,8,0.000182073,3.108,0.03359265359
codigo,hal01,1000,8,0.00019566,3.14,0.00159265359
codigo,hal01,1000,8,0.000187379,3.12,0.02159265359
codigo,hal01,10000,1,4.65e-05,3.1412,0.00039265359
codigo,hal01,10000,1,4.6684e-05,3.142,0.00040734641
codigo,hal01,10000,1,4.6147e-05,3.1364,0.00519265359
codigo,hal01,10000,1,4.6411e-05,3.146,0.00440734641
codigo,hal01,10000,1,4.6517e-05,3.1456,0.00400734641
codigo,hal01,10000,2,0.000100987,3.1416,7.34641e-06
codigo,hal01,10000,2,8.9306e-05,3.1432,0.00160734641
codigo,hal01,10000,2,9.5093e-05,3.1404,0.00119265359
codigo,hal01,10000,2,9.1611e-05,3.1396,0.00199265359
codigo,hal01,10000,2,9.1739e-05,3.142,0.00040734641
codigo,hal01,10000,4,0.000114341,3.14,0.00159265359
codigo,hal01,10000,4,0.000118257,3.144,0.00240734641
codigo,hal01,10000,4,0.000123134,3.1388,0.00279265359
codigo,hal01,10000,4,0.000114987,3.1444,0.00280734641
codigo,hal01,10000,4,0.000123234,3.1408,0.00079265359
codigo,hal01,10000,6,0.00015244,3.14,0.00159265359
codigo,hal01,10000,6,0.000146314,3.1392,0.00239265359
codigo,hal01,10000,6,0.000147256,3.144,0.00240734641
codigo,hal01,10000,6,0.000154845,3.1448,0.00320734641
codigo,hal01,10000,6,0.000159839,3.1408,0.00079265359
codigo,hal01,10000,8,0.000190592,3.14,0.00159265359
codigo,hal01,10000,8,0.00134623,3.1444,0.00280734641
codigo,hal01,10000,8,0.000197617,3.1428,0.00120734641
codigo,hal01,10000,8,0.000174367,3.1404,0.00119265359
codigo,hal01,10000,8,0.000190696,3.148,0.00640734641
codigo,hal01,100000,1,0.000395508,3.14272,0.00112734641
codigo,hal01,100000,1,0.000411042,3.14236,0.00076734641
codigo,hal01,100000,1,0.000411451,3.1418,0.00020734641
codigo,hal01,100000,1,0.000410574,3.1412,0.00039265359
codigo,hal01,100000,1,0.00041065,3.14188,0.00028734641
codigo,hal01,100000,2,0.000272683,3.1412,0.00039265359
codigo,hal01,100000,2,0.000277902,3.14156,3.265359e-05
codigo,hal01,100000,2,0.000281943,3.14168,8.734641e-05
codigo,hal01,100000,2,0.000277418,3.14208,0.00048734641
codigo,hal01,100000,2,0.000183448,3.14256,0.00096734641
codigo,hal01,100000,4,0.000215616,3.1418,0.00020734641
codigo,hal01,100000,4,0.000210542,3.14084,0.00075265359
codigo,hal01,100000,4,0.000205897,3.14208,0.00048734641
codigo,hal01,100000,4,0.00021035,3.1408,0.00079265359
codigo,hal01,100000,4,0.000156819,3.14164,4.734641e-05
codigo,hal01,100000,6,0.000270234,3.14204,0.00044734641
codigo,hal01,100000,6,0.000273265,3.14192,0.00032734641
codigo,hal01,100000,6,0.00026849,3.14184,0.00024734641
codigo,hal01,100000,6,0.000270472,3.14164,4.734641e-05
codigo,hal01,100000,6,0.000202445,3.1412,0.00039265359
codigo,hal01,100000,8,0.000263219,3.14196,0.00036734641
codigo,hal01,100000,8,0.000278159,3.14064,0.00095265359
codigo,hal01,100000,8,0.000293134,3.1428,0.00120734641
codigo,hal01,100000,8,0.000274175,3.142,0.00040734641
codigo,hal01,100000,8,0.000288235,3.14212,0.00052734641
codigo,hal01,1000000,1,0.003978577,3.141476,0.00011665359
codigo,hal01,1000000,1,0.00400772,3.141504,8.865359e-05
codigo,hal01,1000000,1,0.003977335,3.141544,4.865359e-05
codigo,hal01,1000000,1,0.004055598,3.14162,2.734641e-05
codigo,hal01,1000000,1,0.00405781,3.141532,6.065359e-05
codigo,hal01,1000000,2,0.00211119,3.141556,3.665359e-05
codigo,hal01,1000000,2,0.002024936,3.141544,4.865359e-05
codigo,hal01,1000000,2,0.002015392,3.141612,1.934641e-05
codigo,hal01,1000000,2,0.002029698,3.141484,0.00010865359
codigo,hal01,1000000,2,0.002013699,3.141488,0.00010465359
codigo,hal01,1000000,4,0.000779032,3.141592,6.5359e-07
codigo,hal01,1000000,4,0.001086652,3.141764,0.00017134641
codigo,hal01,1000000,4,0.001087618,3.14156,3.265359e-05
codigo,hal01,1000000,4,0.001136719,3.141532,6.065359e-05
codigo,hal01,1000000,4,0.00113968,3.141632,3.934641e-05
codigo,hal01,1000000,6,0.00136465,3.141532,6.065359e-05
codigo,hal01,1000000,6,0.00134225,3.141684,9.134641e-05
codigo,hal01,1000000,6,0.001371161,3.141568,2.465359e-05
codigo,hal01,1000000,6,0.001355127,3.141552,4.065359e-05
codigo,hal01,1000000,6,0.001357082,3.141708,0.00011534641
codigo,hal01,1000000,8,0.001095146,3.141652,5.934641e-05
codigo,hal01,1000000,8,0.001118654,3.141648,5.534641e-05
codigo,hal01,1000000,8,0.001097273,3.141388,0.00020465359
codigo,hal01,1000000,8,0.001107997,3.14166,6.734641e-05
codigo,hal01,1000000,8,0.001095619,3.14168,8.734641e-05
codigo,hal01,10000000,1,0.034058048,3.1415996,6.94641e-06
codigo,hal01,10000000,1,0.033973769,3.1415896,3.05359e-06
codigo,hal01,10000000,1,0.034145762,3.141604,1.134641e-05
codigo,hal01,10000000,1,0.034031875,3.1416048,1.214641e-05
codigo,hal01,10000000,1,0.028005459,3.1415716,2.105359e-05
codigo,hal01,10000000,2,0.013989301,3.1416124,1.974641e-05
codigo,hal01,10000000,2,0.018601133,3.1415888,3.85359e-06
codigo,hal01,10000000,2,0.018839749,3.1415828,9.85359e-06
codigo,hal01,10000000,2,0.018464421,3.1415952,2.54641e-06
codigo,hal01,10000000,2,0.013532539,3.1415672,2.545359e-05
codigo,hal01,10000000,4,0.008297399,3.1416048,1.214641e-05
codigo,hal01,10000000,4,0.008293776,3.1416024,9.74641e-06
codigo,hal01,10000000,4,0.009824305,3.1415728,1.985359e-05
codigo,hal01,10000000,4,0.009152407,3.1416192,2.654641e-05
codigo,hal01,10000000,4,0.009151466,3.1415836,9.05359e-06
codigo,hal01,10000000,6,0.011298517,3.1415856,7.05359e-06
codigo,hal01,10000000,6,0.011599562,3.1415952,2.54641e-06
codigo,hal01,10000000,6,0.011302226,3.1416092,1.654641e-05
codigo,hal01,10000000,6,0.011566929,3.1416072,1.454641e-05
codigo,hal01,10000000,6,0.011302371,3.1416052,1.254641e-05
codigo,hal01,10000000,8,0.008680462,3.14159,2.65359e-06
codigo,hal01,10000000,8,0.008698224,3.1415852,7.45359e-06
codigo,hal01,10000000,8,0.008923175,3.141606,1.334641e-05
codigo,hal01,10000000,8,0.008766702,3.1416104,1.774641e-05
codigo,hal01,10000000,8,0.00843952,3.141598,5.34641e-06
codigo,hal01,100000000,1,0.270020916,3.14159308,4.2641e-07
codigo,hal01,100000000,1,0.269173494,3.14159176,8.9359e-07
codigo,hal01,100000000,1,0.269824327,3.14159464,1.98641e-06
codigo,hal01,100000000,1,0.269523151,3.14159196,6.9359e-07
codigo,hal01,100000000,1,0.270348683,3.14158868,3.97359e-06
codigo,hal01,100000000,2,0.140942953,3.141591,1.65359e-06
codigo,hal01,100000000,2,0.13830202,3.14159084,1.81359e-06
codigo,hal01,100000000,2,0.131686252,3.14159248,1.7359e-07
codigo,hal01,100000000,2,0.131718058,3.1415944,1.74641e-06
codigo,hal01,100000000,2,0.131710492,3.14159076,1.89359e-06
codigo,hal01,100000000,4,0.06906604,3.14158936,3.29359e-06
codigo,hal01,100000000,4,0.069130967,3.14159488,2.22641e-06
codigo,hal01,100000000,4,0.075218164,3.14159296,3.0641e-07
codigo,hal01,100000000,4,0.069044066,3.14159064,2.01359e-06
codigo,hal01,100000000,4,0.069069802,3.14159188,7.7359e-07
codigo,hal01,100000000,6,0.081125124,3.14159512,2.46641e-06
codigo,hal01,100000000,6,0.087868481,3.14159108,1.57359e-06
codigo,hal01,100000000,6,0.08124033,3.14159252,1.3359e-07
codigo,hal01,100000000,6,0.086899672,3.14158976,2.89359e-06
codigo,hal01,100000000,6,0.081208085,3.14159436,1.70641e-06
codigo,hal01,100000000,8,0.066929632,3.14159396,1.30641e-06
codigo,hal01,100000000,8,0.064750913,3.14158944,3.21359e-06
codigo,hal01,100000000,8,0.067597701,3.1415916,1.05359e-06
codigo,hal01,100000000,8,0.068065618,3.14159408,1.42641e-06
codigo,hal01,100000000,8,0.066933887,3.14159716,4.50641e-06
codigo,hal01,1000000000,1,2.617374952,3.141593216,5.6241e-07
codigo,hal01,1000000000,1,2.62677839,3.1415922,4.5359e-07
codigo,hal01,1000000000,1,2.617555736,3.14159246,1.9359e-07
codigo,hal01,1000000000,1,2.619694175,3.141592264,3.8959e-07
codigo,hal01,1000000000,1,2.625790534,3.141592072,5.8159e-07
codigo,hal01,1000000000,2,1.31617681,3.14159182,8.3359e-07
codigo,hal01,1000000000,2,1.324904842,3.141592888,2.3441e-07
codigo,hal01,1000000000,2,1.316028822,3.14159326,6.0641e-07
codigo,hal01,1000000000,2,1.323195937,3.141592876,2.2241e-07
codigo,hal01,1000000000,2,1.31621776,3.141592476,1.7759e-07
codigo,hal01,1000000000,4,0.694963974,3.14159262,3.359e-08
codigo,hal01,1000000000,4,0.689306206,3.141592736,8.241e-08
codigo,hal01,1000000000,4,0.689152474,3.14159256,9.359e-08
codigo,hal01,1000000000,4,0.691625014,3.141593508,8.5441e-07
codigo,hal01,1000000000,4,0.689190849,3.141592392,2.6159e-07
codigo,hal01,1000000000,6,0.711662198,3.141593128,4.7441e-07
codigo,hal01,1000000000,6,0.707408618,3.1415927,4.641e-08
codigo,hal01,1000000000,6,0.719698005,3.141592232,4.2159e-07
codigo,hal01,1000000000,6,0.711145261,3.141592836,1.8241e-07
codigo,hal01,1000000000,6,0.708051161,3.14159252,1.3359e-07
codigo,hal01,1000000000,8,0.624459856,3.1415923,3.5359e-07
codigo,hal01,1000000000,8,0.623795422,3.141593148,4.9441e-07
codigo,hal01,1000000000,8,0.62500123,3.141592404,2.4959e-07
codigo,hal01,1000000000,8,0.624267792,3.141591864,7.8959e-07
codigo,hal01,1000000000,8,0.623401216,3.141591864,7.8959e-07
codigo,hal01,10000000000,1,26.175836668,3.1415927716,1.1801e-07
codigo,hal01,10000000000,1,26.181637326,3.1415926376,1.599e-08
codigo,hal01,10000000000,1,26.184750527,3.1415928468,1.9321e-07
codigo,hal01,10000000000,1,26.183791925,3.1415927768,1.2321e-07
codigo,hal01,10000000000,1,26.175372173,3.1415926216,3.199e-08
codigo,hal01,10000000000,2,13.155745143,3.1415926728,1.921e-08
codigo,hal01,10000000000,2,13.143103027,3.1415925648,8.879e-08
codigo,hal01,10000000000,2,13.13595178,3.1415926084,4.519e-08
codigo,hal01,10000000000,2,13.163234515,3.1415925168,1.3679e-07
codigo,hal01,10000000000,2,13.151512538,3.141592676,2.241e-08
codigo,hal01,10000000000,4,6.893129145,3.1415927244,7.081e-08
codigo,hal01,10000000000,4,6.890316705,3.1415927372,8.361e-08
codigo,hal01,10000000000,4,6.895896285,3.1415926484,5.19e-09
codigo,hal01,10000000000,4,6.890932703,3.1415927264,7.281e-08
codigo,hal01,10000000000,4,6.889512372,3.1415927492,9.561e-08
codigo,hal01,10000000000,6,6.699020551,3.1415925236,1.2999e-07
codigo,hal01,10000000000,6,6.71028436,3.1415926772,2.361e-08
codigo,hal01,10000000000,6,6.668275388,3.1415926852,3.161e-08
codigo,hal01,10000000000,6,6.704564552,3.1415925736,7.999e-08
codigo,hal01,10000000000,6,6.704162564,3.1415925492,1.0439e-07
codigo,hal01,10000000000,8,6.183986701,3.1415927132,5.961e-08
codigo,hal01,10000000000,8,6.183964844,3.1415928168,1.6321e-07
codigo,hal01,10000000000,8,6.184356222,3.1415926308,2.279e-08
codigo,hal01,10000000000,8,6.184669055,3.1415929112,2.5761e-07
codigo,hal01,10000000000,8,6.184328529,3.1415926888,3.521e-08
seq_prof,hal10,1000,1,2.2033e-05,3.1,0.04159265359
seq_prof,hal10,1000,1,2.1877e-05,3.1,0.04159265359
seq_prof,hal10,1000,1,2.1752e-05,3.1,0.04159265359
seq_prof,hal10,1000,1,2.1844e-05,3.1,0.04159265359
seq_prof,hal10,1000,1,2.4072e-05,3.172,0.03040734641
seq_prof,hal10,1000,1,2.1401e-05,3.172,0.03040734641
seq_prof,hal10,1000,1,2.0884e-05,3.172,0.03040734641
seq_prof,hal10,1000,1,2.1261e-05,3.172,0.03040734641
seq_prof,hal10,1000,1,2.1362e-05,3.172,0.03040734641
seq_prof,hal10,1000,1,2.1503e-05,3.124,0.01759265359
seq_prof,hal10,1000,1,2.1862e-05,3.124,0.01759265359
seq_prof,hal10,1000,1,2.1733e-05,3.124,0.01759265359
seq_prof,hal10,1000,1,2.1814e-05,3.124,0.01759265359
seq_prof,hal10,1000,1,2.1704e-05,3.124,0.01759265359
seq_prof,hal10,1000,1,2.1289e-05,3.156,0.01440734641
seq_prof,hal10,1000,1,2.1526e-05,3.156,0.01440734641
seq_prof,hal10,1000,1,2.1609e-05,3.156,0.01440734641
seq_prof,hal10,1000,1,2.1341e-05,3.156,0.01440734641
seq_prof,hal10,1000,1,2.3053e-05,3.156,0.01440734641
seq_prof,hal10,1000,1,2.1702e-05,3.12,0.02159265359
seq_prof,hal10,1000,1,1.4246e-05,3.12,0.02159265359
seq_prof,hal10,1000,1,2.1708e-05,3.12,0.02159265359
seq_prof,hal10,1000,1,2.1901e-05,3.12,0.02159265359
seq_prof,hal10,1000,1,2.1649e-05,3.12,0.02159265359
seq_prof,hal10,1000,1,2.1386e-05,3.196,0.05440734641
seq_prof,hal10,10000,1,0.000197527,3.1528,0.01120734641
seq_prof,hal10,10000,1,0.000197262,3.1528,0.01120734641
seq_prof,hal10,10000,1,0.000197511,3.1528,0.01120734641
seq_prof,hal10,10000,1,0.000199677,3.1528,0.01120734641
seq_prof,hal10,10000,1,0.000217952,3.1552,0.01360734641
seq_prof,hal10,10000,1,0.000197963,3.1552,0.01360734641
seq_prof,hal10,10000,1,0.000197338,3.1552,0.01360734641
seq_prof,hal10,10000,1,0.00020046,3.1552,0.01360734641
seq_prof,hal10,10000,1,0.000197613,3.1552,0.01360734641
seq_prof,hal10,10000,1,0.000198265,3.1552,0.01360734641
seq_prof,hal10,10000,1,0.000198475,3.1328,0.00879265359
seq_prof,hal10,10000,1,0.00019812,3.1328,0.00879265359
seq_prof,hal10,10000,1,0.000198479,3.1328,0.00879265359
seq_prof,hal10,10000,1,0.000200716,3.1328,0.00879265359
seq_prof,hal10,10000,1,0.00019833,3.1328,0.00879265359
seq_prof,hal10,10000,1,0.000197136,3.1588,0.01720734641
seq_prof,hal10,10000,1,0.00018272,3.1588,0.01720734641
seq_prof,hal10,10000,1,0.000196986,3.1588,0.01720734641
seq_prof,hal10,10000,1,0.000196993,3.1588,0.01720734641
seq_prof,hal10,10000,1,0.000196544,3.1588,0.01720734641
seq_prof,hal10,10000,1,0.000197932,3.1448,0.00320734641
seq_prof,hal10,10000,1,0.000197442,3.1448,0.00320734641
seq_prof,hal10,10000,1,0.000197165,3.1448,0.00320734641
seq_prof,hal10,10000,1,0.000189901,3.1448,0.00320734641
seq_prof,hal10,10000,1,0.000197409,3.1448,0.00320734641
seq_prof,hal10,100000,1,0.001964631,3.13472,0.00687265359
seq_prof,hal10,100000,1,0.00191186,3.13472,0.00687265359
seq_prof,hal10,100000,1,0.001978955,3.13472,0.00687265359
seq_prof,hal10,100000,1,0.001960682,3.13472,0.00687265359
seq_prof,hal10,100000,1,0.001960795,3.13472,0.00687265359
seq_prof,hal10,100000,1,0.001960118,3.139,0.00259265359
seq_prof,hal10,100000,1,0.001952733,3.139,0.00259265359
seq_prof,hal10,100000,1,0.001892195,3.139,0.00259265359
seq_prof,hal10,100000,1,0.001888786,3.139,0.00259265359
seq_prof,hal10,100000,1,0.001971489,3.139,0.00259265359
seq_prof,hal10,100000,1,0.002044132,3.1366,0.00499265359
seq_prof,hal10,100000,1,0.001965198,3.1366,0.00499265359
seq_prof,hal10,100000,1,0.001962071,3.1366,0.00499265359
seq_prof,hal10,100000,1,0.001969495,3.1366,0.00499265359
seq_prof,hal10,100000,1,0.001974066,3.1366,0.00499265359
seq_prof,hal10,100000,1,0.001958003,3.1458,0.00420734641
seq_prof,hal10,100000,1,0.001271979,3.1458,0.00420734641
seq_prof,hal10,100000,1,0.001956727,3.1458,0.00420734641
seq_prof,hal10,100000,1,0.001982468,3.1458,0.00420734641
seq_prof,hal10,100000,1,0.001953976,3.1458,0.00420734641
seq_prof,hal10,100000,1,0.002124074,3.15188,0.01028734641
seq_prof,hal10,100000,1,0.001302039,3.15188,0.01028734641
seq_prof,hal10,100000,1,0.001982734,3.15188,0.01028734641
seq_prof,hal10,100000,1,0.001966038,3.15188,0.01028734641
seq_prof,hal10,100000,1,0.001962482,3.15188,0.01028734641
seq_prof,hal10,1000000,1,0.018198068,3.140416,0.00117665359
seq_prof,hal10,1000000,1,0.018496437,3.140416,0.00117665359
seq_prof,hal10,1000000,1,0.017957801,3.140416,0.00117665359
seq_prof,hal10,1000000,1,0.018495542,3.140416,0.00117665359
seq_prof,hal10,1000000,1,0.018145267,3.140416,0.00117665359
seq_prof,hal10,1000000,1,0.018451135,3.142276,0.00068334641
seq_prof,hal10,1000000,1,0.018193495,3.142276,0.00068334641
seq_prof,hal10,1000000,1,0.017946038,3.142276,0.00068334641
seq_prof,hal10,1000000,1,0.016000381,3.142276,0.00068334641
seq_prof,hal10,1000000,1,0.017916487,3.142276,0.00068334641
seq_prof,hal10,1000000,1,0.018408506,3.141616,2.334641e-05
seq_prof,hal10,1000000,1,0.018519286,3.141616,2.334641e-05
seq_prof,hal10,1000000,1,0.018228091,3.141616,2.334641e-05
seq_prof,hal10,1000000,1,0.017981382,3.141616,2.334641e-05
seq_prof,hal10,1000000,1,0.017944738,3.141616,2.334641e-05
seq_prof,hal10,1000000,1,0.018436942,3.140776,0.00081665359
seq_prof,hal10,1000000,1,0.018484638,3.140776,0.00081665359
seq_prof,hal10,1000000,1,0.018317272,3.140776,0.00081665359
seq_prof,hal10,1000000,1,0.018290191,3.140776,0.00081665359
seq_prof,hal10,1000000,1,0.018326856,3.140776,0.00081665359
seq_prof,hal10,1000000,1,0.01828257,3.141868,0.00027534641
seq_prof,hal10,1000000,1,0.017931104,3.141868,0.00027534641
seq_prof,hal10,1000000,1,0.014768643,3.141868,0.00027534641
seq_prof,hal10,1000000,1,0.018105829,3.141868,0.00027534641
seq_prof,hal10,1000000,1,0.018411134,3.14308,0.00148734641
seq_prof,hal10,10000000,1,0.12890087,3.1422136,0.00062094641
seq_prof,hal10,10000000,1,0.137520584,3.1422136,0.00062094641
seq_prof,hal10,10000000,1,0.13649367,3.1422136,0.00062094641
seq_prof,hal10,10000000,1,0.136289091,3.1418972,0.00030454641
seq_prof,hal10,10000000,1,0.136986277,3.1418972,0.00030454641
seq_prof,hal10,10000000,1,0.136836937,3.1418972,0.00030454641
seq_prof,hal10,10000000,1,0.136495335,3.1414148,0.00017785359
seq_prof,hal10,10000000,1,0.136825103,3.1414148,0.00017785359
seq_prof,hal10,10000000,1,0.137909022,3.1414148,0.00017785359
seq_prof,hal10,10000000,1,0.133893028,3.1416196,2.694641e-05
seq_prof,hal10,10000000,1,0.13494112,3.1416196,2.694641e-05
seq_prof,hal10,10000000,1,0.13661071,3.1416196,2.694641e-05
seq_prof,hal10,10000000,1,0.134850261,3.1420712,0.00047854641
seq_prof,hal10,10000000,1,0.12762082,3.1420712,0.00047854641
seq_prof,hal10,10000000,1,0.136090684,3.1420712,0.00047854641
seq_prof,hal10,10000000,1,0.135788479,3.1424464,0.00085374641
seq_prof,hal10,10000000,1,0.13715473,3.1424464,0.00085374641
seq_prof,hal10,10000000,1,0.13778056,3.1424464,0.00085374641
seq_prof,hal10,10000000,1,0.137248052,3.1406028,0.00098985359
seq_prof,hal10,10000000,1,0.137664779,3.1406028,0.00098985359
seq_prof,hal10,10000000,1,0.13662538,3.1406028,0.00098985359
seq_prof,hal10,10000000,1,0.133455356,3.1408884,0.00070425359
seq_prof,hal10,10000000,1,0.135122999,3.1408884,0.00070425359
seq_prof,hal10,10000000,1,0.136992254,3.1408884,0.00070425359
seq_prof,hal10,10000000,1,0.136051643,3.1421832,0.00059054641
seq_prof,hal10,100000000,1,1.287416229,3.14146708,0.00012557359
seq_prof,hal10,100000000,1,1.283974271,3.14167756,8.490641e-05
seq_prof,hal10,100000000,1,1.287399516,3.14149352,9.913359e-05
seq_prof,hal10,100000000,1,1.286421946,3.14135148,0.00024117359
seq_prof,hal10,100000000,1,1.282247374,3.1416152,2.254641e-05
seq_prof,hal10,100000000,1,1.290335692,3.1418354,0.00024274641
seq_prof,hal10,100000000,1,1.283564533,3.1417628,0.00017014641
seq_prof,hal10,100000000,1,1.276679226,3.14145028,0.00014237359
seq_prof,hal10,100000000,1,1.285843867,3.14138088,0.00021177359
seq_prof,hal10,100000000,1,1.282037978,3.1416394,4.674641e-05
seq_prof,hal10,100000000,1,1.28687529,3.14153008,6.257359e-05
seq_prof,hal10,100000000,1,1.287821159,3.14131896,0.00027369359
seq_prof,hal10,100000000,1,1.285081418,3.14169744,0.00010478641
seq_prof,hal10,100000000,1,1.284020728,3.14165456,6.190641e-05
seq_prof,hal10,100000000,1,1.274295388,3.14170736,0.00011470641
seq_prof,hal10,100000000,1,1.28633917,3.1415734,1.925359e-05
seq_prof,hal10,100000000,1,1.285453395,3.14166916,7.650641e-05
seq_prof,hal10,100000000,1,1.28326177,3.14161648,2.382641e-05
seq_prof,hal10,100000000,1,1.28487156,3.14149892,9.373359e-05
seq_prof,hal10,100000000,1,1.287290636,3.14135804,0.00023461359
seq_prof,hal10,100000000,1,1.283949226,3.1419154,0.00032274641
seq_prof,hal10,100000000,1,1.288032146,3.14167984,8.718641e-05
seq_prof,hal10,100000000,1,1.284355788,3.14163204,3.938641e-05
seq_prof,hal10,100000000,1,1.282950652,3.1414946,9.805359e-05
seq_prof,hal10,100000000,1,1.291505628,3.14178852,0.00019586641
seq_prof,hal10,1000000000,1,12.984105748,3.141465732,0.00012692159
seq_prof,hal10,1000000000,1,12.754489769,3.141575344,1.730959e-05
seq_prof,hal10,1000000000,1,12.748979318,3.141619372,2.671841e-05
seq_prof,hal10,1000000000,1,12.747427816,3.1414333,0.00015935359
seq_prof,hal10,1000000000,1,12.788735392,3.141596712,4.05841e-06
seq_prof,hal10,1000000000,1,12.755360033,3.141509784,8.286959e-05
seq_prof,hal10,1000000000,1,12.789243553,3.141532076,6.057759e-05
seq_prof,hal10,1000000000,1,12.763750137,3.141525884,6.676959e-05
seq_prof,hal10,1000000000,1,12.783248192,3.141630664,3.801041e-05
seq_prof,hal10,1000000000,1,12.75593123,3.141562488,3.016559e-05
seq_prof,hal10,1000000000,1,12.797373348,3.141540512,5.214159e-05
seq_prof,hal10,1000000000,1,12.784617646,3.141539052,5.360159e-05
seq_prof,hal10,1000000000,1,12.758907909,3.14153916,5.349359e-05
seq_prof,hal10,1000000000,1,12.808640646,3.141570304,2.234959e-05
seq_prof,hal10,1000000000,1,12.758084714,3.141671136,7.848241e-05
seq_prof,hal10,1000000000,1,12.790181017,3.14158762,5.03359e-06
seq_prof,hal10,1000000000,1,12.797499813,3.141562712,2.994159e-05
seq_prof,hal10,1000000000,1,12.782246555,3.141617724,2.507041e-05
seq_prof,hal10,1000000000,1,12.786187804,3.141555588,3.706559e-05
seq_prof,hal10,1000000000,1,12.780184126,3.141554584,3.806959e-05
seq_prof,hal10,1000000000,1,12.753662695,3.141628032,3.537841e-05
seq_prof,hal10,1000000000,1,12.783212144,3.141601144,8.49041e-06
seq_prof,hal10,1000000000,1,12.775249664,3.14160892,1.626641e-05
seq_prof,hal10,1000000000,1,12.781557156,3.141554792,3.786159e-05
seq_prof,hal10,1000000000,1,12.798571555,3.14160498,1.232641e-05
seq_prof,hal10,10000000000,1,127.43961303,3.1415969796,4.32601e-06
seq_prof,hal10,10000000000,1,128.236878442,3.14158691,5.74359e-06
seq_prof,hal10,10000000000,1,127.53940981,3.1416133252,2.067161e-05
seq_prof,hal10,10000000000,1,127.703374253,3.1415782496,1.440399e-05
seq_prof,hal10,10000000000,1,127.705862151,3.1415992036,6.55001e-06
seq_prof,hal10,10000000000,1,127.527143229,3.1415817196,1.093399e-05
seq_prof,hal10,10000000000,1,127.758507434,3.1415958728,3.21921e-06
seq_prof,hal10,10000000000,1,127.80956117,3.141614658,2.200441e-05
seq_prof,hal10,10000000000,1,127.459419766,3.1415864204,6.23319e-06
seq_prof,hal10,10000000000,1,127.909610502,3.1415996876,7.03401e-06
seq_prof,hal10,10000000000,1,127.506758389,3.1415815152,1.113839e-05
seq_prof,hal10,10000000000,1,127.709158431,3.1415976852,5.03161e-06
seq_prof,hal10,10000000000,1,127.474528758,3.1416194144,2.676081e-05
seq_prof,hal10,10000000000,1,128.424364964,3.1415655412,2.711239e-05
seq_prof,hal10,10000000000,1,127.481277449,3.1415800516,1.260199e-05
seq_prof,hal10,10000000000,1,127.449062009,3.1415655176,2.713599e-05
seq_prof,hal10,10000000000,1,127.834515641,3.1416031152,1.046161e-05
seq_prof,hal10,10000000000,1,127.735491586,3.1415808752,1.177839e-05
seq_prof,hal10,10000000000,1,127.720945236,3.1416076588,1.500521e-05
seq_prof,hal10,10000000000,1,127.48378256,3.1416133568,2.070321e-05
seq_prof,hal10,10000000000,1,128.505987437,3.1415753116,1.734199e-05
seq_prof,hal10,10000000000,1,127.93538713,3.1416253224,3.266881e-05
seq_prof,hal10,10000000000,1,127.45599356,3.141600466,7.81241e-06
seq_prof,hal10,10000000000,1,127.724221327,3.1415569664,3.568719e-05
seq_prof,hal10,10000000000,1,127.802321288,3.141575488,1.716559e-05
par_prof,hal10,1000,1,2.5336e-05,3.2,0.05840734641
par_prof,hal10,1000,1,2.4704e-05,3.2,0.05840734641
par_prof,hal10,1000,1,1.6708e-05,3.2,0.05840734641
par_prof,hal10,1000,1,2.5137e-05,3.2,0.05840734641
par_prof,hal10,1000,1,2.535e-05,3.2,0.05840734641
par_prof,hal10,1000,2,9.5205e-05,3.136,0.00559265359
par_prof,hal10,1000,2,8.2109e-05,3.164,0.02240734641
par_prof,hal10,1000,2,8.5012e-05,3.164,0.02240734641
par_prof,hal10,1000,2,9.1537e-05,3.164,0.02240734641
par_prof,hal10,1000,2,9.4324e-05,3.164,0.02240734641
par_prof,hal10,1000,4,0.000109055,3.164,0.02240734641
par_prof,hal10,1000,4,0.000124302,3.184,0.04240734641
par_prof,hal10,1000,4,0.000121709,3.184,0.04240734641
par_prof,hal10,1000,4,0.000119694,3.184,0.04240734641
par_prof,hal10,1000,4,0.000116617,3.184,0.04240734641
par_prof,hal10,1000,6,0.000182821,3.128,0.01359265359
par_prof,hal10,1000,6,0.000152269,3.132,0.00959265359
par_prof,hal10,1000,6,0.000176738,3.132,0.00959265359
par_prof,hal10,1000,6,0.000157375,3.132,0.00959265359
par_prof,hal10,1000,6,0.000171012,3.132,0.00959265359
par_prof,hal10,1000,8,0.000225963,3.092,0.04959265359
par_prof,hal10,1000,8,0.000219316,3.112,0.02959265359
par_prof,hal10,1000,8,0.000211782,3.112,0.02959265359
par_prof,hal10,1000,8,0.000237057,3.112,0.02959265359
par_prof,hal10,1000,8,0.000215114,3.112,0.02959265359
par_prof,hal10,10000,1,0.000201924,3.138,0.00359265359
par_prof,hal10,10000,1,0.000202351,3.1716,0.03000734641
par_prof,hal10,10000,1,0.000200836,3.1716,0.03000734641
par_prof,hal10,10000,1,0.000200331,3.1716,0.03000734641
par_prof,hal10,10000,1,0.000200619,3.1716,0.03000734641
par_prof,hal10,10000,2,0.000179761,3.1464,0.00480734641
par_prof,hal10,10000,2,0.000173963,3.1272,0.01439265359
par_prof,hal10,10000,2,0.000180247,3.1272,0.01439265359
par_prof,hal10,10000,2,0.00017235,3.1272,0.01439265359
par_prof,hal10,10000,2,0.000175818,3.1272,0.01439265359
par_prof,hal10,10000,4,0.000162697,3.1372,0.00439265359
par_prof,hal10,10000,4,0.000164398,3.144,0.00240734641
par_prof,hal10,10000,4,0.000165812,3.144,0.00240734641
par_prof,hal10,10000,4,0.000162445,3.144,0.00240734641
par_prof,hal10,10000,4,0.000154269,3.144,0.00240734641
par_prof,hal10,10000,6,0.000219376,3.148,0.00640734641
par_prof,hal10,10000,6,0.000203722,3.148,0.00640734641
par_prof,hal10,10000,6,0.000251108,3.1436,0.00200734641
par_prof,hal10,10000,6,0.000168785,3.1436,0.00200734641
par_prof,hal10,10000,6,0.000225119,3.1436,0.00200734641
par_prof,hal10,10000,8,0.000252699,3.1336,0.00799265359
par_prof,hal10,10000,8,0.000276072,3.1336,0.00799265359
par_prof,hal10,10000,8,0.000259542,3.128,0.01359265359
par_prof,hal10,10000,8,0.000213291,3.128,0.01359265359
par_prof,hal10,10000,8,0.000250093,3.128,0.01359265359
par_prof,hal10,100000,1,0.001967894,3.135,0.00659265359
par_prof,hal10,100000,1,0.001982417,3.135,0.00659265359
par_prof,hal10,100000,1,0.001971141,3.142,0.00040734641
par_prof,hal10,100000,1,0.001982132,3.142,0.00040734641
par_prof,hal10,100000,1,0.001966522,3.142,0.00040734641
par_prof,hal10,100000,2,0.001064462,3.14252,0.00092734641
par_prof,hal10,100000,2,0.001069212,3.14252,0.00092734641
par_prof,hal10,100000,2,0.001066082,3.1438,0.00220734641
par_prof,hal10,100000,2,0.001061621,3.1438,0.00220734641
par_prof,hal10,100000,2,0.001047876,3.1438,0.00220734641
par_prof,hal10,100000,4,0.000607417,3.136,0.00559265359
par_prof,hal10,100000,4,0.000610467,3.136,0.00559265359
par_prof,hal10,100000,4,0.000604524,3.13724,0.00435265359
par_prof,hal10,100000,4,0.000439386,3.13724,0.00435265359
par_prof,hal10,100000,4,0.000600318,3.13724,0.00435265359
par_prof,hal10,100000,6,0.000746256,3.13556,0.00603265359
par_prof,hal10,100000,6,0.000737275,3.1322,0.00939265359
par_prof,hal10,100000,6,0.000719747,3.1322,0.00939265359
par_prof,hal10,100000,6,0.000527016,3.1322,0.00939265359
par_prof,hal10,100000,6,0.000742972,3.1322,0.00939265359
par_prof,hal10,100000,8,0.000620323,3.13236,0.00923265359
par_prof,hal10,100000,8,0.000659217,3.13236,0.00923265359
par_prof,hal10,100000,8,0.000647403,3.13568,0.00591265359
par_prof,hal10,100000,8,0.000675135,3.13568,0.00591265359
par_prof,hal10,100000,8,0.000662023,3.13568,0.00591265359
par_prof,hal10,1000000,1,0.018679945,3.139964,0.00162865359
par_prof,hal10,1000000,1,0.018457762,3.139964,0.00162865359
par_prof,hal10,1000000,1,0.018400607,3.142448,0.00085534641
par_prof,hal10,1000000,1,0.01824564,3.142448,0.00085534641
par_prof,hal10,1000000,1,0.018561932,3.142448,0.00085534641
par_prof,hal10,1000000,2,0.009687685,3.142416,0.00082334641
par_prof,hal10,1000000,2,0.009572742,3.142416,0.00082334641
par_prof,hal10,1000000,2,0.009605892,3.140672,0.00092065359
par_prof,hal10,1000000,2,0.009653852,3.140672,0.00092065359
par_prof,hal10,1000000,2,0.009592577,3.140672,0.00092065359
par_prof,hal10,1000000,4,0.005006894,3.139224,0.00236865359
par_prof,hal10,1000000,4,0.005036482,3.139224,0.00236865359
par_prof,hal10,1000000,4,0.005048345,3.140436,0.00115665359
par_prof,hal10,1000000,4,0.005041734,3.140436,0.00115665359
par_prof,hal10,1000000,4,0.004932385,3.140436,0.00115665359
par_prof,hal10,1000000,6,0.005871088,3.140856,0.00073665359
par_prof,hal10,1000000,6,0.005646779,3.140856,0.00073665359
par_prof,hal10,1000000,6,0.005887464,3.14222,0.00062734641
par_prof,hal10,1000000,6,0.00594816,3.14222,0.00062734641
par_prof,hal10,1000000,6,0.005947044,3.14222,0.00062734641
par_prof,hal10,1000000,8,0.004472775,3.140944,0.00064865359
par_prof,hal10,1000000,8,0.004805039,3.140944,0.00064865359
par_prof,hal10,1000000,8,0.004563507,3.14246,0.00086734641
par_prof,hal10,1000000,8,0.004468194,3.14246,0.00086734641
par_prof,hal10,1000000,8,0.004697985,3.14246,0.00086734641
par_prof,hal10,10000000,1,0.137453503,3.1427844,0.00119174641
par_prof,hal10,10000000,1,0.137902868,3.141014,0.00057865359
par_prof,hal10,10000000,1,0.137540924,3.141014,0.00057865359
par_prof,hal10,10000000,1,0.137511935,3.141014,0.00057865359
par_prof,hal10,10000000,1,0.13722411,3.1419188,0.00032614641
par_prof,hal10,10000000,2,0.073051751,3.1426452,0.00105254641
par_prof,hal10,10000000,2,0.073223696,3.1426452,0.00105254641
par_prof,hal10,10000000,2,0.072823393,3.1426452,0.00105254641
par_prof,hal10,10000000,2,0.073266219,3.1426156,0.00102294641
par_prof,hal10,10000000,2,0.073060286,3.1426156,0.00102294641
par_prof,hal10,10000000,4,0.040378432,3.1419548,0.00036214641
par_prof,hal10,10000000,4,0.040721034,3.141654,6.134641e-05
par_prof,hal10,10000000,4,0.040653528,3.141654,6.134641e-05
par_prof,hal10,10000000,4,0.040318151,3.141654,6.134641e-05
par_prof,hal10,10000000,4,0.038393206,3.141654,6.134641e-05
par_prof,hal10,10000000,6,0.045809191,3.1414712,0.00012145359
par_prof,hal10,10000000,6,0.046188868,3.1411632,0.00042945359
par_prof,hal10,10000000,6,0.046131438,3.1411632,0.00042945359
par_prof,hal10,10000000,6,0.046410647,3.1411632,0.00042945359
par_prof,hal10,10000000,6,0.045371178,3.1411632,0.00042945359
par_prof,hal10,10000000,8,0.036168333,3.1415796,1.305359e-05
par_prof,hal10,10000000,8,0.035967273,3.1415796,1.305359e-05
par_prof,hal10,10000000,8,0.035258456,3.1415796,1.305359e-05
par_prof,hal10,10000000,8,0.029893424,3.1415796,1.305359e-05
par_prof,hal10,10000000,8,0.036260312,3.1415796,1.305359e-05
par_prof,hal10,100000000,1,1.287529472,3.14125288,0.00033977359
par_prof,hal10,100000000,1,1.287922966,3.14162392,3.126641e-05
par_prof,hal10,100000000,1,1.28671576,3.14164152,4.886641e-05
par_prof,hal10,100000000,1,1.288493269,3.14149324,9.941359e-05
par_prof,hal10,100000000,1,1.284159409,3.14163096,3.830641e-05
par_prof,hal10,100000000,2,0.65160606,3.14160772,1.506641e-05
par_prof,hal10,100000000,2,0.650197831,3.14148664,0.00010601359
par_prof,hal10,100000000,2,0.64910728,3.14165348,6.082641e-05
par_prof,hal10,100000000,2,0.651238771,3.14157984,1.281359e-05
par_prof,hal10,100000000,2,0.652301694,3.14157984,1.281359e-05
par_prof,hal10,100000000,4,0.343473925,3.14141688,0.00017577359
par_prof,hal10,100000000,4,0.40087737,3.14159216,4.9359e-07
par_prof,hal10,100000000,4,0.343360894,3.14159216,4.9359e-07
par_prof,hal10,100000000,4,0.343560344,3.14169264,9.998641e-05
par_prof,hal10,100000000,4,0.343419581,3.14177472,0.00018206641
par_prof,hal10,100000000,6,0.379749359,3.14166368,7.102641e-05
par_prof,hal10,100000000,6,0.391707388,3.1416938,0.00010114641
par_prof,hal10,100000000,6,0.394059833,3.1416938,0.00010114641
par_prof,hal10,100000000,6,0.391211712,3.14165848,6.582641e-05
par_prof,hal10,100000000,6,0.394133939,3.14165848,6.582641e-05
par_prof,hal10,100000000,8,0.303597396,3.14165164,5.898641e-05
par_prof,hal10,100000000,8,0.305427969,3.14153904,5.361359e-05
par_prof,hal10,100000000,8,0.30393351,3.14153904,5.361359e-05
par_prof,hal10,100000000,8,0.304360416,3.14152208,7.057359e-05
par_prof,hal10,100000000,8,0.304319415,3.14152208,7.057359e-05
par_prof,hal10,1000000000,1,12.7980016,3.141661816,6.916241e-05
par_prof,hal10,1000000000,1,12.762870466,3.141666368,7.371441e-05
par_prof,hal10,1000000000,1,12.77419623,3.14162802,3.536641e-05
par_prof,hal10,1000000000,1,12.776271231,3.141607084,1.443041e-05
par_prof,hal10,1000000000,1,12.808011291,3.141581176,1.147759e-05
par_prof,hal10,1000000000,2,6.442724352,3.141627172,3.451841e-05
par_prof,hal10,1000000000,2,6.432973033,3.141504192,8.846159e-05
par_prof,hal10,1000000000,2,6.429229873,3.141556668,3.598559e-05
par_prof,hal10,1000000000,2,6.457500145,3.141591212,1.44159e-06
par_prof,hal10,1000000000,2,6.457726602,3.141592664,1.041e-08
par_prof,hal10,1000000000,4,3.370085701,3.141565692,2.696159e-05
par_prof,hal10,1000000000,4,3.365216689,3.141548172,4.448159e-05
par_prof,hal10,1000000000,4,3.367978464,3.141565248,2.740559e-05
par_prof,hal10,1000000000,4,3.366223303,3.141561636,3.101759e-05
par_prof,hal10,1000000000,4,3.374996285,3.141654704,6.205041e-05
par_prof,hal10,1000000000,6,3.362271378,3.141690772,9.811841e-05
par_prof,hal10,1000000000,6,3.258161556,3.141585924,6.72959e-06
par_prof,hal10,1000000000,6,3.26387787,3.141555172,3.748159e-05
par_prof,hal10,1000000000,6,3.301356948,3.141584912,7.74159e-06
par_prof,hal10,1000000000,6,3.289438481,3.14158628,6.37359e-06
par_prof,hal10,1000000000,8,3.021006444,3.141549776,4.287759e-05
par_prof,hal10,1000000000,8,3.026008917,3.141612264,1.961041e-05
par_prof,hal10,1000000000,8,3.027641777,3.14159148,1.17359e-06
par_prof,hal10,1000000000,8,3.027924562,3.141624048,3.139441e-05
par_prof,hal10,1000000000,8,3.020702288,3.141577444,1.520959e-05
par_prof,hal10,10000000000,1,127.684500904,3.1415832404,9.41319e-06
par_prof,hal10,10000000000,1,127.937527244,3.1415944764,1.82281e-06
par_prof,hal10,10000000000,1,127.914595351,3.1416105468,1.789321e-05
par_prof,hal10,10000000000,1,127.971848205,3.1415621256,3.052799e-05
par_prof,hal10,10000000000,1,127.867575514,3.1416179624,2.530881e-05
par_prof,hal10,10000000000,2,64.242637792,3.1415881332,4.52039e-06
par_prof,hal10,10000000000,2,64.269101449,3.1415923344,3.1919e-07
par_prof,hal10,10000000000,2,64.105215462,3.1416100876,1.743401e-05
par_prof,hal10,10000000000,2,64.303934901,3.141606464,1.381041e-05
par_prof,hal10,10000000000,2,64.119315107,3.141601406,8.75241e-06
par_prof,hal10,10000000000,4,33.852158742,3.1416213496,2.869601e-05
par_prof,hal10,10000000000,4,33.921127636,3.1416270444,3.439081e-05
par_prof,hal10,10000000000,4,34.158872323,3.1416001612,7.50761e-06
par_prof,hal10,10000000000,4,34.098218473,3.1415763432,1.631039e-05
par_prof,hal10,10000000000,4,34.052740535,3.1416073756,1.472201e-05
par_prof,hal10,10000000000,6,34.439060336,3.1416167548,2.410121e-05
par_prof,hal10,10000000000,6,32.729689987,3.1415948484,2.19481e-06
par_prof,hal10,10000000000,6,32.801073664,3.1415692996,2.335399e-05
par_prof,hal10,10000000000,6,32.739223664,3.1415950904,2.43681e-06
par_prof,hal10,10000000000,6,32.786234152,3.1416069448,1.429121e-05
par_prof,hal10,10000000000,8,30.399099346,3.1415956036,2.95001e-06
par_prof,hal10,10000000000,8,30.308300539,3.1415961924,3.53881e-06
par_prof,hal10,10000000000,8,30.415493098,3.1415971972,4.54361e-06
par_prof,hal10,10000000000,8,30.396019411,3.1415646612,2.799239e-05
par_prof,hal10,10000000000,8,30.434421603,3.141609652,1.699841e-05
codigo,hal10,1000,1,9.076e-06,3.152,0.01040734641
codigo,hal10,1000,1,9.428e-06,3.148,0.00640734641
codigo,hal10,1000,1,9.657e-06,3.144,0.00240734641
codigo,hal10,1000,1,9.673e-06,3.164,0.02240734641
codigo,hal10,1000,1,9.623e-06,3.156,0.01440734641
codigo,hal10,1000,2,7.8599e-05,3.14,0.00159265359
codigo,hal10,1000,2,7.9189e-05,3.18,0.03840734641
codigo,hal10,1000,2,8.289e-05,3.144,0.00240734641
codigo,hal10,1000,2,7.8099e-05,3.136,0.00559265359
codigo,hal10,1000,2,7.6055e-05,3.152,0.01040734641
codigo,hal10,1000,4,0.000110019,3.152,0.01040734641
codigo,hal10,1000,4,0.00011082,3.156,0.01440734641
codigo,hal10,1000,4,0.000109462,3.16,0.01840734641
codigo,hal10,1000,4,9.2996e-05,3.144,0.00240734641
codigo,hal10,1000,4,0.000108144,3.12,0.02159265359
codigo,hal10,1000,6,0.000151988,3.152,0.01040734641
codigo,hal10,1000,6,0.000143513,3.152,0.01040734641
codigo,hal10,1000,6,0.000151692,3.148,0.00640734641
codigo,hal10,1000,6,0.000122497,3.152,0.01040734641
codigo,hal10,1000,6,0.000147851,3.16,0.01840734641
codigo,hal10,1000,8,0.000189368,3.136,0.00559265359
codigo,hal10,1000,8,0.000206495,3.14,0.00159265359
codigo,hal10,1000,8,0.000193172,3.124,0.01759265359
codigo,hal10,1000,8,0.000191631,3.12,0.02159265359
codigo,hal10,1000,8,0.00015607,3.16,0.01840734641
codigo,hal10,10000,1,4.6457e-05,3.144,0.00240734641
codigo,hal10,10000,1,4.6818e-05,3.1392,0.00239265359
codigo,hal10,10000,1,4.6337e-05,3.14,0.00159265359
codigo,hal10,10000,1,3.056e-05,3.142,0.00040734641
codigo,hal10,10000,1,4.6858e-05,3.1488,0.00720734641
codigo,hal10,10000,2,9.7717e-05,3.1372,0.00439265359
codigo,hal10,10000,2,9.5664e-05,3.1396,0.00199265359
codigo,hal10,10000,2,0.000101847,3.146,0.00440734641
codigo,hal10,10000,2,9.3655e-05,3.1392,0.00239265359
codigo,hal10,10000,2,9.8359e-05,3.142,0.00040734641
codigo,hal10,10000,4,0.000131696,3.142,0.00040734641
codigo,hal10,10000,4,0.000117072,3.1376,0.00399265359
codigo,hal10,10000,4,0.000128129,3.1404,0.00119265359
codigo,hal10,10000,4,0.000115939,3.1448,0.00320734641
codigo,hal10,10000,4,0.000135569,3.1392,0.00239265359
codigo,hal10,10000,6,0.00016432,3.1388,0.00279265359
codigo,hal10,10000,6,0.000147057,3.1436,0.00200734641
codigo,hal10,10000,6,0.000165517,3.1376,0.00399265359
codigo,hal10,10000,6,0.000172405,3.1436,0.00200734641
codigo,hal10,10000,6,0.000134369,3.1432,0.00160734641
codigo,hal10,10000,8,0.00020775,3.1428,0.00120734641
codigo,hal10,10000,8,0.000306807,3.142,0.00040734641
codigo,hal10,10000,8,0.000199676,3.138,0.00359265359
codigo,hal10,10000,8,0.000211341,3.142,0.00040734641
codigo,hal10,10000,8,0.000206118,3.1408,0.00079265359
codigo,hal10,100000,1,0.00041063,3.14136,0.00023265359
codigo,hal10,100000,1,0.000410939,3.1418,0.00020734641
codigo,hal10,100000,1,0.000411368,3.14156,3.265359e-05
codigo,hal10,100000,1,0.000411033,3.14116,0.00043265359
codigo,hal10,100000,1,0.000411072,3.14168,8.734641e-05
codigo,hal10,100000,2,0.000280432,3.14112,0.00047265359
codigo,hal10,100000,2,0.000278616,3.1422,0.00060734641
codigo,hal10,100000,2,0.000298812,3.14028,0.00131265359
codigo,hal10,100000,2,0.000283205,3.14232,0.00072734641
codigo,hal10,100000,2,0.000280773,3.1408,0.00079265359
codigo,hal10,100000,4,0.000209789,3.14068,0.00091265359
codigo,hal10,100000,4,0.000216133,3.142,0.00040734641
codigo,hal10,100000,4,0.000213569,3.14216,0.00056734641
codigo,hal10,100000,4,0.000167367,3.142,0.00040734641
codigo,hal10,100000,4,0.000164861,3.14212,0.00052734641
codigo,hal10,100000,6,0.00028006,3.14048,0.00111265359
codigo,hal10,100000,6,0.000273731,3.14096,0.00063265359
codigo,hal10,100000,6,0.000275899,3.14264,0.00104734641
codigo,hal10,100000,6,0.000265364,3.14168,8.734641e-05
codigo,hal10,100000,6,0.000272915,3.14136,0.00023265359
codigo,hal10,100000,8,0.000298919,3.142,0.00040734641
codigo,hal10,100000,8,0.000286978,3.14148,0.00011265359
codigo,hal10,100000,8,0.000302014,3.14096,0.00063265359
codigo,hal10,100000,8,0.000292941,3.14172,0.00012734641
codigo,hal10,100000,8,0.000286908,3.14216,0.00056734641
codigo,hal10,1000000,1,0.004169048,3.141432,0.00016065359
codigo,hal10,1000000,1,0.004059253,3.141684,9.134641e-05
codigo,hal10,1000000,1,0.004058419,3.141592,6.5359e-07
codigo,hal10,1000000,1,0.004073417,3.141524,6.865359e-05
codigo,hal10,1000000,1,0.004055377,3.14178,0.00018734641
codigo,hal10,1000000,2,0.002093762,3.141624,3.134641e-05
codigo,hal10,1000000,2,0.00210762,3.141584,8.65359e-06
codigo,hal10,1000000,2,0.002109811,3.141568,2.465359e-05
codigo,hal10,1000000,2,0.002270589,3.141624,3.134641e-05
codigo,hal10,1000000,2,0.002111166,3.141572,2.065359e-05
codigo,hal10,1000000,4,0.001117254,3.141612,1.934641e-05
codigo,hal10,1000000,4,0.001269197,3.141444,0.00014865359
codigo,hal10,1000000,4,0.001130375,3.141584,8.65359e-06
codigo,hal10,1000000,4,0.001125002,3.1415,9.265359e-05
codigo,hal10,1000000,4,0.001936624,3.141548,4.465359e-05
codigo,hal10,1000000,6,0.001385683,3.141688,9.534641e-05
codigo,hal10,1000000,6,0.001425922,3.141624,3.134641e-05
codigo,hal10,1000000,6,0.001356574,3.141596,3.34641e-06
codigo,hal10,1000000,6,0.001362716,3.141508,8.465359e-05
codigo,hal10,1000000,6,0.001305345,3.14164,4.734641e-05
codigo,hal10,1000000,8,0.001076807,3.141568,2.465359e-05
codigo,hal10,1000000,8,0.001410397,3.1416,7.34641e-06
codigo,hal10,1000000,8,0.001130142,3.141656,6.334641e-05
codigo,hal10,1000000,8,0.00119507,3.141628,3.534641e-05
codigo,hal10,1000000,8,0.001136223,3.14162,2.734641e-05
codigo,hal10,10000000,1,0.034146649,3.1415828,9.85359e-06
codigo,hal10,10000000,1,0.034960941,3.1415872,5.45359e-06
codigo,hal10,10000000,1,0.034597698,3.1415972,4.54641e-06
codigo,hal10,10000000,1,0.035470206,3.1415984,5.74641e-06
codigo,hal10,10000000,1,0.034971291,3.1416028,1.014641e-05
codigo,hal10,10000000,2,0.019062024,3.1415708,2.185359e-05
codigo,hal10,10000000,2,0.018843765,3.1415836,9.05359e-06
codigo,hal10,10000000,2,0.019011411,3.1415792,1.345359e-05
codigo,hal10,10000000,2,0.018896452,3.1415848,7.85359e-06
codigo,hal10,10000000,2,0.018777237,3.1415876,5.05359e-06
codigo,hal10,10000000,4,0.009920147,3.1415976,4.94641e-06
codigo,hal10,10000000,4,0.009899502,3.1415984,5.74641e-06
codigo,hal10,10000000,4,0.010023977,3.14159,2.65359e-06
codigo,hal10,10000000,4,0.0098638,3.1415784,1.425359e-05
codigo,hal10,10000000,4,0.009918386,3.1415796,1.305359e-05
codigo,hal10,10000000,6,0.011647905,3.1415904,2.25359e-06
codigo,hal10,10000000,6,0.011848024,3.1415752,1.745359e-05
codigo,hal10,10000000,6,0.011813286,3.1415972,4.54641e-06
codigo,hal10,10000000,6,0.010462502,3.1415888,3.85359e-06
codigo,hal10,10000000,6,0.011093378,3.141582,1.065359e-05
codigo,hal10,10000000,8,0.009107515,3.1415996,6.94641e-06
codigo,hal10,10000000,8,0.009556963,3.141588,4.65359e-06
codigo,hal10,10000000,8,0.008957094,3.1415824,1.025359e-05
codigo,hal10,10000000,8,0.009055964,3.141612,1.934641e-05
codigo,hal10,10000000,8,0.00902031,3.1415812,1.145359e-05
codigo,hal10,100000000,1,0.271636945,3.14159132,1.33359e-06
codigo,hal10,100000000,1,0.271813881,3.14159208,5.7359e-07
codigo,hal10,100000000,1,0.272056985,3.14159196,6.9359e-07
codigo,hal10,100000000,1,0.271521782,3.14159,2.65359e-06
codigo,hal10,100000000,1,0.271649374,3.14159024,2.41359e-06
codigo,hal10,100000000,2,0.139714892,3.14159116,1.49359e-06
codigo,hal10,100000000,2,0.141233609,3.14159016,2.49359e-06
codigo,hal10,100000000,2,0.14115608,3.14159372,1.06641e-06
codigo,hal10,100000000,2,0.140781603,3.14159552,2.86641e-06
codigo,hal10,100000000,2,0.141029686,3.14159016,2.49359e-06
codigo,hal10,100000000,4,0.076363733,3.14158672,5.93359e-06
codigo,hal10,100000000,4,0.075930634,3.14159256,9.359e-08
codigo,hal10,100000000,4,0.076046712,3.14159424,1.58641e-06
codigo,hal10,100000000,4,0.0750659,3.14159584,3.18641e-06
codigo,hal10,100000000,4,0.076194794,3.14158968,2.97359e-06
codigo,hal10,100000000,6,0.086882038,3.14159316,5.0641e-07
codigo,hal10,100000000,6,0.087767564,3.14158948,3.17359e-06
codigo,hal10,100000000,6,0.087908491,3.14159344,7.8641e-07
codigo,hal10,100000000,6,0.087330347,3.14159412,1.46641e-06
codigo,hal10,100000000,6,0.088235882,3.14159608,3.42641e-06
codigo,hal10,100000000,8,0.067764969,3.14159364,9.8641e-07
codigo,hal10,100000000,8,0.069131463,3.141592,6.5359e-07
codigo,hal10,100000000,8,0.068784513,3.14159792,5.26641e-06
codigo,hal10,100000000,8,0.06913126,3.14159456,1.90641e-06
codigo,hal10,100000000,8,0.0665655,3.14158956,3.09359e-06
codigo,hal10,1000000000,1,2.634864937,3.141593244,5.9041e-07
codigo,hal10,1000000000,1,2.627148327,3.141591936,7.1759e-07
codigo,hal10,1000000000,1,2.62545084,3.14159302,3.6641e-07
codigo,hal10,1000000000,1,2.634729141,3.141593568,9.1441e-07
codigo,hal10,1000000000,1,2.633548943,3.141592872,2.1841e-07
codigo,hal10,1000000000,2,1.323103864,3.141593212,5.5841e-07
codigo,hal10,1000000000,2,1.320834489,3.141591996,6.5759e-07
codigo,hal10,1000000000,2,1.329618024,3.141592264,3.8959e-07
codigo,hal10,1000000000,2,1.327326934,3.1415914,1.25359e-06
codigo,hal10,1000000000,2,1.328194846,3.141593384,7.3041e-07
codigo,hal10,1000000000,4,0.699364276,3.14159334,6.8641e-07
codigo,hal10,1000000000,4,0.699000798,3.141592312,3.4159e-07
codigo,hal10,1000000000,4,0.697884939,3.141592676,2.241e-08
codigo,hal10,1000000000,4,0.742123035,3.141592776,1.2241e-07
codigo,hal10,1000000000,4,0.695240343,3.141592984,3.3041e-07
codigo,hal10,1000000000,6,0.780712167,3.141592148,5.0559e-07
codigo,hal10,1000000000,6,0.81345878,3.14159354,8.8641e-07
codigo,hal10,1000000000,6,0.717057292,3.141591964,6.8959e-07
codigo,hal10,1000000000,6,0.734913385,3.141594408,1.75441e-06
codigo,hal10,1000000000,6,0.739383654,3.141592572,8.159e-08
codigo,hal10,1000000000,8,0.628876917,3.14159244,2.1359e-07
codigo,hal10,1000000000,8,0.628719503,3.141593352,6.9841e-07
codigo,hal10,1000000000,8,0.62650109,3.141592136,5.1759e-07
codigo,hal10,1000000000,8,0.631633896,3.141592972,3.1841e-07
codigo,hal10,1000000000,8,0.630575976,3.141593116,4.6241e-07
codigo,hal10,10000000000,1,26.261103383,3.14159261,4.359e-08
codigo,hal10,10000000000,1,26.255437348,3.1415925912,6.239e-08
codigo,hal10,10000000000,1,26.267803248,3.1415925224,1.3119e-07
codigo,hal10,10000000000,1,26.271079683,3.1415926576,4.01e-09
codigo,hal10,10000000000,1,26.265708649,3.141592658,4.41e-09
codigo,hal10,10000000000,2,13.245669634,3.1415927376,8.401e-08
codigo,hal10,10000000000,2,13.200611669,3.1415925716,8.199e-08
codigo,hal10,10000000000,2,13.214118973,3.141592662,8.41e-09
codigo,hal10,10000000000,2,13.208814375,3.1415926128,4.079e-08
codigo,hal10,10000000000,2,13.215446775,3.1415925856,6.799e-08
codigo,hal10,10000000000,4,6.920066464,3.1415926496,3.99e-09
codigo,hal10,10000000000,4,6.913697587,3.1415928128,1.5921e-07
codigo,hal10,10000000000,4,6.927056549,3.14159275,9.641e-08
codigo,hal10,10000000000,4,6.937992629,3.141592568,8.559e-08
codigo,hal10,10000000000,4,6.919978859,3.1415928356,1.8201e-07
codigo,hal10,10000000000,6,6.706147546,3.1415927304,7.681e-08
codigo,hal10,10000000000,6,6.773482428,3.1415926756,2.201e-08
codigo,hal10,10000000000,6,6.785413911,3.1415925528,1.0079e-07
codigo,hal10,10000000000,6,6.687930518,3.14159273,7.641e-08
codigo,hal10,10000000000,6,6.790310382,3.141592754,1.0041e-07
codigo,hal10,10000000000,8,6.229834696,3.141592638,1.559e-08
codigo,hal10,10000000000,8,6.232855638,3.1415926408,1.279e-08
codigo,hal10,10000000000,8,6.222523416,3.1415925572,9.639e-08
codigo,hal10,10000000000,8,6.212514668,3.1415926664,1.281e-08
codigo,hal10,10000000000,8,6.216930161,3.1415925428,1.1079e-07
seq_prof,hal06,1000,1,2.1912e-05,3.1,0.04159265359
seq_prof,hal06,1000,1,2.2023e-05,3.1,0.04159265359
seq_prof,hal06,1000,1,2.4935e-05,3.1,0.04159265359
seq_prof,hal06,1000,1,2.2055e-05,3.1,0.04159265359
seq_prof,hal06,1000,1,2.1413e-05,3.172,0.03040734641
seq_prof,hal06,1000,1,2.1476e-05,3.172,0.03040734641
seq_prof,hal06,1000,1,2.1742e-05,3.172,0.03040734641
seq_prof,hal06,1000,1,2.4031e-05,3.172,0.03040734641
seq_prof,hal06,1000,1,2.1494e-05,3.172,0.03040734641
seq_prof,hal06,1000,1,1.4252e-05,3.124,0.01759265359
seq_prof,hal06,1000,1,2.4102e-05,3.124,0.01759265359
seq_prof,hal06,1000,1,2.1579e-05,3.124,0.01759265359
seq_prof,hal06,1000,1,2.168e-05,3.124,0.01759265359
seq_prof,hal06,1000,1,2.1781e-05,3.124,0.01759265359
seq_prof,hal06,1000,1,2.4033e-05,3.156,0.01440734641
seq_prof,hal06,1000,1,2.4216e-05,3.156,0.01440734641
seq_prof,hal06,1000,1,2.1567e-05,3.156,0.01440734641
seq_prof,hal06,1000,1,2.1416e-05,3.156,0.01440734641
seq_prof,hal06,1000,1,2.3935e-05,3.156,0.01440734641
seq_prof,hal06,1000,1,2.1696e-05,3.12,0.02159265359
seq_prof,hal06,1000,1,2.1846e-05,3.12,0.02159265359
seq_prof,hal06,1000,1,2.1886e-05,3.12,0.02159265359
seq_prof,hal06,1000,1,2.1878e-05,3.12,0.02159265359
seq_prof,hal06,1000,1,2.1864e-05,3.12,0.02159265359
seq_prof,hal06,1000,1,2.4313e-05,3.196,0.05440734641
seq_prof,hal06,10000,1,0.000196945,3.1528,0.01120734641
seq_prof,hal06,10000,1,0.000197336,3.1528,0.01120734641
seq_prof,hal06,10000,1,0.00021712,3.1528,0.01120734641
seq_prof,hal06,10000,1,0.000197042,3.1528,0.01120734641
seq_prof,hal06,10000,1,0.000198239,3.1552,0.01360734641
seq_prof,hal06,10000,1,0.000198342,3.1552,0.01360734641
seq_prof,hal06,10000,1,0.000197678,3.1552,0.01360734641
seq_prof,hal06,10000,1,0.000197534,3.1552,0.01360734641
seq_prof,hal06,10000,1,0.000197816,3.1552,0.01360734641
seq_prof,hal06,10000,1,0.000199115,3.1328,0.00879265359
seq_prof,hal06,10000,1,0.0001993,3.1328,0.00879265359
seq_prof,hal06,10000,1,0.000201967,3.1328,0.00879265359
seq_prof,hal06,10000,1,0.000201151,3.1328,0.00879265359
seq_prof,hal06,10000,1,0.000198076,3.1328,0.00879265359
seq_prof,hal06,10000,1,0.00013482,3.1328,0.00879265359
seq_prof,hal06,10000,1,0.000196807,3.1588,0.01720734641
seq_prof,hal06,10000,1,0.000197096,3.1588,0.01720734641
seq_prof,hal06,10000,1,0.000199263,3.1588,0.01720734641
seq_prof,hal06,10000,1,0.000197347,3.1588,0.01720734641
seq_prof,hal06,10000,1,0.000128,3.1588,0.01720734641
seq_prof,hal06,10000,1,0.000214588,3.1448,0.00320734641
seq_prof,hal06,10000,1,0.00020002,3.1448,0.00320734641
seq_prof,hal06,10000,1,0.000199986,3.1448,0.00320734641
seq_prof,hal06,10000,1,0.000212743,3.1448,0.00320734641
seq_prof,hal06,10000,1,0.000197694,3.1448,0.00320734641
seq_prof,hal06,100000,1,0.001972171,3.13472,0.00687265359
seq_prof,hal06,100000,1,0.00197899,3.13472,0.00687265359
seq_prof,hal06,100000,1,0.00208313,3.13472,0.00687265359
seq_prof,hal06,100000,1,0.001975129,3.13472,0.00687265359
seq_prof,hal06,100000,1,0.001309715,3.13472,0.00687265359
seq_prof,hal06,100000,1,0.001998984,3.139,0.00259265359
seq_prof,hal06,100000,1,0.0019722,3.139,0.00259265359
seq_prof,hal06,100000,1,0.002008193,3.139,0.00259265359
seq_prof,hal06,100000,1,0.001959374,3.139,0.00259265359
seq_prof,hal06,100000,1,0.002033404,3.139,0.00259265359
seq_prof,hal06,100000,1,0.0019674,3.1366,0.00499265359
seq_prof,hal06,100000,1,0.001961451,3.1366,0.00499265359
seq_prof,hal06,100000,1,0.001972694,3.1366,0.00499265359
seq_prof,hal06,100000,1,0.001964229,3.1366,0.00499265359
seq_prof,hal06,100000,1,0.001960812,3.1366,0.00499265359
seq_prof,hal06,100000,1,0.001953435,3.1458,0.00420734641
seq_prof,hal06,100000,1,0.001957578,3.1458,0.00420734641
seq_prof,hal06,100000,1,0.001972838,3.1458,0.00420734641
seq_prof,hal06,100000,1,0.001979776,3.1458,0.00420734641
seq_prof,hal06,100000,1,0.001961325,3.1458,0.00420734641
seq_prof,hal06,100000,1,0.00198482,3.15188,0.01028734641
seq_prof,hal06,100000,1,0.001966993,3.15188,0.01028734641
seq_prof,hal06,100000,1,0.001965508,3.15188,0.01028734641
seq_prof,hal06,100000,1,0.001999104,3.15188,0.01028734641
seq_prof,hal06,100000,1,0.001974342,3.15188,0.01028734641
seq_prof,hal06,1000000,1,0.018210871,3.140416,0.00117665359
seq_prof,hal06,1000000,1,0.018167265,3.140416,0.00117665359
seq_prof,hal06,1000000,1,0.018280485,3.140416,0.00117665359
seq_prof,hal06,1000000,1,0.018439393,3.140416,0.00117665359
seq_prof,hal06,1000000,1,0.01842809,3.140416,0.00117665359
seq_prof,hal06,1000000,1,0.01813783,3.142276,0.00068334641
seq_prof,hal06,1000000,1,0.018015573,3.142276,0.00068334641
seq_prof,hal06,1000000,1,0.018337888,3.142276,0.00068334641
seq_prof,hal06,1000000,1,0.018515828,3.142276,0.00068334641
seq_prof,hal06,1000000,1,0.015666558,3.142276,0.00068334641
seq_prof,hal06,1000000,1,0.018216679,3.141616,2.334641e-05
seq_prof,hal06,1000000,1,0.01850276,3.141616,2.334641e-05
seq_prof,hal06,1000000,1,0.018268781,3.141616,2.334641e-05
seq_prof,hal06,1000000,1,0.018210097,3.141616,2.334641e-05
seq_prof,hal06,1000000,1,0.017966461,3.141616,2.334641e-05
seq_prof,hal06,1000000,1,0.018011713,3.140776,0.00081665359
seq_prof,hal06,1000000,1,0.018383348,3.140776,0.00081665359
seq_prof,hal06,1000000,1,0.018474258,3.140776,0.00081665359
seq_prof,hal06,1000000,1,0.018539357,3.140776,0.00081665359
seq_prof,hal06,1000000,1,0.014440424,3.140776,0.00081665359
seq_prof,hal06,1000000,1,0.01868227,3.141868,0.00027534641
seq_prof,hal06,1000000,1,0.018576687,3.141868,0.00027534641
seq_prof,hal06,1000000,1,0.018425953,3.141868,0.00027534641
seq_prof,hal06,1000000,1,0.018551757,3.141868,0.00027534641
seq_prof,hal06,1000000,1,0.018483327,3.14308,0.00148734641
seq_prof,hal06,10000000,1,0.137297457,3.1422136,0.00062094641
seq_prof,hal06,10000000,1,0.13587809,3.1422136,0.00062094641
seq_prof,hal06,10000000,1,0.13592879,3.1422136,0.00062094641
seq_prof,hal06,10000000,1,0.13740865,3.1418972,0.00030454641
seq_prof,hal06,10000000,1,0.137566942,3.1418972,0.00030454641
seq_prof,hal06,10000000,1,0.137229662,3.1418972,0.00030454641
seq_prof,hal06,10000000,1,0.137567989,3.1414148,0.00017785359
seq_prof,hal06,10000000,1,0.137376647,3.1414148,0.00017785359
seq_prof,hal06,10000000,1,0.136288159,3.1414148,0.00017785359
seq_prof,hal06,10000000,1,0.137692693,3.1416196,2.694641e-05
seq_prof,hal06,10000000,1,0.136548302,3.1416196,2.694641e-05
seq_prof,hal06,10000000,1,0.136633598,3.1416196,2.694641e-05
seq_prof,hal06,10000000,1,0.138453569,3.1420712,0.00047854641
seq_prof,hal06,10000000,1,0.136537924,3.1420712,0.00047854641
seq_prof,hal06,10000000,1,0.136045897,3.1420712,0.00047854641
seq_prof,hal06,10000000,1,0.13788448,3.1424464,0.00085374641
seq_prof,hal06,10000000,1,0.135450724,3.1424464,0.00085374641
seq_prof,hal06,10000000,1,0.136327439,3.1424464,0.00085374641
seq_prof,hal06,10000000,1,0.136436935,3.1406028,0.00098985359
seq_prof,hal06,10000000,1,0.135734151,3.1406028,0.00098985359
seq_prof,hal06,10000000,1,0.136566199,3.1406028,0.00098985359
seq_prof,hal06,10000000,1,0.136406919,3.1408884,0.00070425359
seq_prof,hal06,10000000,1,0.136919115,3.1408884,0.00070425359
seq_prof,hal06,10000000,1,0.135909315,3.1408884,0.00070425359
seq_prof,hal06,10000000,1,0.137394891,3.1421832,0.00059054641
seq_prof,hal06,100000000,1,1.292503113,3.14146708,0.00012557359
seq_prof,hal06,100000000,1,1.287933528,3.141636,4.334641e-05
seq_prof,hal06,100000000,1,1.285101383,3.14149352,9.913359e-05
seq_prof,hal06,100000000,1,1.275004172,3.14135148,0.00024117359
seq_prof,hal06,100000000,1,1.289583023,3.1416152,2.254641e-05
seq_prof,hal06,100000000,1,1.283830601,3.1418354,0.00024274641
seq_prof,hal06,100000000,1,1.284754745,3.1417628,0.00017014641
seq_prof,hal06,100000000,1,1.2854072,3.14145028,0.00014237359
seq_prof,hal06,100000000,1,1.289218364,3.14138088,0.00021177359
seq_prof,hal06,100000000,1,1.279175569,3.1416394,4.674641e-05
seq_prof,hal06,100000000,1,1.284473755,3.14153008,6.257359e-05
seq_prof,hal06,100000000,1,1.283321136,3.14131896,0.00027369359
seq_prof,hal06,100000000,1,1.286582076,3.14169744,0.00010478641
seq_prof,hal06,100000000,1,1.283696778,3.14165456,6.190641e-05
seq_prof,hal06,100000000,1,1.285198524,3.14170736,0.00011470641
seq_prof,hal06,100000000,1,1.285867355,3.1415734,1.925359e-05
seq_prof,hal06,100000000,1,1.284181529,3.14166916,7.650641e-05
seq_prof,hal06,100000000,1,1.287390412,3.14161648,2.382641e-05
seq_prof,hal06,100000000,1,1.287704733,3.14149892,9.373359e-05
seq_prof,hal06,100000000,1,1.29044622,3.14135804,0.00023461359
seq_prof,hal06,100000000,1,1.286521204,3.1419154,0.00032274641
seq_prof,hal06,100000000,1,1.283263662,3.14167984,8.718641e-05
seq_prof,hal06,100000000,1,1.289339055,3.1417318,0.00013914641
seq_prof,hal06,100000000,1,1.282980419,3.1414946,9.805359e-05
seq_prof,hal06,100000000,1,1.287372018,3.14170784,0.00011518641
seq_prof,hal06,1000000000,1,12.812264378,3.141465732,0.00012692159
seq_prof,hal06,1000000000,1,12.805120773,3.141575344,1.730959e-05
seq_prof,hal06,1000000000,1,12.770804541,3.141619372,2.671841e-05
seq_prof,hal06,1000000000,1,12.83877816,3.1414333,0.00015935359
seq_prof,hal06,1000000000,1,12.930497122,3.141596712,4.05841e-06
seq_prof,hal06,1000000000,1,12.805942595,3.141509784,8.286959e-05
seq_prof,hal06,1000000000,1,12.852404455,3.141532076,6.057759e-05
seq_prof,hal06,1000000000,1,12.795727983,3.141525884,6.676959e-05
seq_prof,hal06,1000000000,1,12.771800453,3.141630664,3.801041e-05
seq_prof,hal06,1000000000,1,12.78059478,3.141562488,3.016559e-05
seq_prof,hal06,1000000000,1,12.776460478,3.141540512,5.214159e-05
seq_prof,hal06,1000000000,1,12.799762191,3.141539052,5.360159e-05
seq_prof,hal06,1000000000,1,12.793890723,3.14153916,5.349359e-05
seq_prof,hal06,1000000000,1,12.80303624,3.141570304,2.234959e-05
seq_prof,hal06,1000000000,1,12.801150346,3.141671136,7.848241e-05
seq_prof,hal06,1000000000,1,12.801593099,3.14158762,5.03359e-06
seq_prof,hal06,1000000000,1,12.792718371,3.141562712,2.994159e-05
seq_prof,hal06,1000000000,1,12.791586962,3.141617724,2.507041e-05
seq_prof,hal06,1000000000,1,12.796453489,3.141555588,3.706559e-05
seq_prof,hal06,1000000000,1,12.777880502,3.141554584,3.806959e-05
seq_prof,hal06,1000000000,1,12.775218075,3.141628032,3.537841e-05
seq_prof,hal06,1000000000,1,12.78076262,3.14165574,6.308641e-05
seq_prof,hal06,1000000000,1,12.796751788,3.141620756,2.810241e-05
seq_prof,hal06,1000000000,1,12.782347867,3.141534664,5.798959e-05
seq_prof,hal06,1000000000,1,12.784613151,3.141682852,9.019841e-05
seq_prof,hal06,10000000000,1,128.065867441,3.1416121384,1.948481e-05
seq_prof,hal06,10000000000,1,127.918497041,3.1415751084,1.754519e-05
seq_prof,hal06,10000000000,1,127.641766688,3.1416133252,2.067161e-05
seq_prof,hal06,10000000000,1,127.934619395,3.1416037576,1.110401e-05
seq_prof,hal06,10000000000,1,127.884784084,3.1415563992,3.625439e-05
seq_prof,hal06,10000000000,1,128.451443854,3.1416252212,3.256761e-05
seq_prof,hal06,10000000000,1,127.902412034,3.1415948908,2.23721e-06
seq_prof,hal06,10000000000,1,127.913983963,3.1415860824,6.57119e-06
seq_prof,hal06,10000000000,1,127.878587006,3.1416022104,9.55681e-06
seq_prof,hal06,10000000000,1,128.146474996,3.1415756008,1.705279e-05
seq_prof,hal06,10000000000,1,127.671135761,3.1415857552,6.89839e-06
seq_prof,hal06,10000000000,1,127.411923194,3.1415947,2.04641e-06
seq_prof,hal06,10000000000,1,127.630001598,3.1415860884,6.56519e-06
seq_prof,hal06,10000000000,1,127.861206294,3.1416190408,2.638721e-05
seq_prof,hal06,10000000000,1,127.654811815,3.141599516,6.86241e-06
seq_prof,hal06,10000000000,1,127.885127932,3.1415991448,6.49121e-06
seq_prof,hal06,10000000000,1,128.168348726,3.1415978324,5.17881e-06
seq_prof,hal06,10000000000,1,127.974562345,3.1415633484,2.930519e-05
seq_prof,hal06,10000000000,1,127.689506382,3.1416041764,1.152281e-05
seq_prof,hal06,10000000000,1,128.130720038,3.141606586,1.393241e-05
seq_prof,hal06,10000000000,1,128.735017013,3.1416061104,1.345681e-05
seq_prof,hal06,10000000000,1,128.335279165,3.1415824864,1.016719e-05
seq_prof,hal06,10000000000,1,127.886980728,3.1415775356,1.511799e-05
seq_prof,hal06,10000000000,1,127.71293978,3.1415838284,8.82519e-06
seq_prof,hal06,10000000000,1,128.074242495,3.1415954876,2.83401e-06
par_prof,hal06,1000,1,2.5286e-05,3.196,0.05440734641
par_prof,hal06,1000,1,1.7829e-05,3.04,0.10159265359
par_prof,hal06,1000,1,2.6583e-05,3.04,0.10159265359
par_prof,hal06,1000,1,2.6474e-05,3.04,0.10159265359
par_prof,hal06,1000,1,2.6399e-05,3.04,0.10159265359
par_prof,hal06,1000,2,8.3616e-05,3.068,0.07359265359
par_prof,hal06,1000,2,8.3421e-05,3.172,0.03040734641
par_prof,hal06,1000,2,9.063e-05,3.172,0.03040734641
par_prof,hal06,1000,2,8.0244e-05,3.172,0.03040734641
par_prof,hal06,1000,2,9.1127e-05,3.172,0.03040734641
par_prof,hal06,1000,4,0.000111169,3.144,0.00240734641
par_prof,hal06,1000,4,0.000145699,3.144,0.00240734641
par_prof,hal06,1000,4,0.00011709,3.156,0.01440734641
par_prof,hal06,1000,4,0.000135092,3.156,0.01440734641
par_prof,hal06,1000,4,0.000125104,3.156,0.01440734641
par_prof,hal06,1000,6,0.00018963,3.144,0.00240734641
par_prof,hal06,1000,6,0.000167249,3.144,0.00240734641
par_prof,hal06,1000,6,0.000162679,3.128,0.01359265359
par_prof,hal06,1000,6,0.000170454,3.128,0.01359265359
par_prof,hal06,1000,6,0.000173847,3.128,0.01359265359
par_prof,hal06,1000,8,0.000220393,3.1,0.04159265359
par_prof,hal06,1000,8,0.000180341,3.1,0.04159265359
par_prof,hal06,1000,8,0.000221897,3.084,0.05759265359
par_prof,hal06,1000,8,0.000219942,3.084,0.05759265359
par_prof,hal06,1000,8,0.000203686,3.084,0.05759265359
par_prof,hal06,10000,1,0.000202476,3.1348,0.00679265359
par_prof,hal06,10000,1,0.000204978,3.1348,0.00679265359
par_prof,hal06,10000,1,0.000204109,3.1468,0.00520734641
par_prof,hal06,10000,1,0.000202097,3.1468,0.00520734641
par_prof,hal06,10000,1,0.000205063,3.1468,0.00520734641
par_prof,hal06,10000,2,0.000179179,3.1516,0.01000734641
par_prof,hal06,10000,2,0.000180116,3.1516,0.01000734641
par_prof,hal06,10000,2,0.00018637,3.136,0.00559265359
par_prof,hal06,10000,2,0.000172934,3.136,0.00559265359
par_prof,hal06,10000,2,0.000177709,3.136,0.00559265359
par_prof,hal06,10000,4,0.000175268,3.1276,0.01399265359
par_prof,hal06,10000,4,0.000131276,3.1368,0.00479265359
par_prof,hal06,10000,4,0.000201499,3.1368,0.00479265359
par_prof,hal06,10000,4,0.000165921,3.1368,0.00479265359
par_prof,hal06,10000,4,0.000168575,3.1368,0.00479265359
par_prof,hal06,10000,6,0.00023606,3.1156,0.02599265359
par_prof,hal06,10000,6,0.000244791,3.1156,0.02599265359
par_prof,hal06,10000,6,0.00022583,3.0988,0.04279265359
par_prof,hal06,10000,6,0.000224265,3.0988,0.04279265359
par_prof,hal06,10000,6,0.000224398,3.0988,0.04279265359
par_prof,hal06,10000,8,0.000252934,3.1024,0.03919265359
par_prof,hal06,10000,8,0.000259143,3.1024,0.03919265359
par_prof,hal06,10000,8,0.000253596,3.118,0.02359265359
par_prof,hal06,10000,8,0.000259622,3.118,0.02359265359
par_prof,hal06,10000,8,0.000238108,3.118,0.02359265359
par_prof,hal06,100000,1,0.001967047,3.14536,0.00376734641
par_prof,hal06,100000,1,0.001964958,3.14536,0.00376734641
par_prof,hal06,100000,1,0.001981436,3.13884,0.00275265359
par_prof,hal06,100000,1,0.001968072,3.13884,0.00275265359
par_prof,hal06,100000,1,0.002039404,3.13884,0.00275265359
par_prof,hal06,100000,2,0.001067847,3.13712,0.00447265359
par_prof,hal06,100000,2,0.001073447,3.13712,0.00447265359
par_prof,hal06,100000,2,0.000992944,3.13732,0.00427265359
par_prof,hal06,100000,2,0.001090122,3.13732,0.00427265359
par_prof,hal06,100000,2,0.001078262,3.13732,0.00427265359
par_prof,hal06,100000,4,0.000678076,3.13656,0.00503265359
par_prof,hal06,100000,4,0.000606961,3.13656,0.00503265359
par_prof,hal06,100000,4,0.000618333,3.13868,0.00291265359
par_prof,hal06,100000,4,0.000614847,3.13868,0.00291265359
par_prof,hal06,100000,4,0.000713653,3.13868,0.00291265359
par_prof,hal06,100000,6,0.000731257,3.13664,0.00495265359
par_prof,hal06,100000,6,0.000735297,3.13664,0.00495265359
par_prof,hal06,100000,6,0.000528225,3.1424,0.00080734641
par_prof,hal06,100000,6,0.000694334,3.1424,0.00080734641
par_prof,hal06,100000,6,0.000739072,3.1424,0.00080734641
par_prof,hal06,100000,8,0.000650207,3.1474,0.00580734641
par_prof,hal06,100000,8,0.000659778,3.1474,0.00580734641
par_prof,hal06,100000,8,0.000659794,3.14444,0.00284734641
par_prof,hal06,100000,8,0.000623264,3.14444,0.00284734641
par_prof,hal06,100000,8,0.000629514,3.14444,0.00284734641
par_prof,hal06,1000000,1,0.018444479,3.138852,0.00274065359
par_prof,hal06,1000000,1,0.018567468,3.138852,0.00274065359
par_prof,hal06,1000000,1,0.018561301,3.141716,0.00012334641
par_prof,hal06,1000000,1,0.018162864,3.141716,0.00012334641
par_prof,hal06,1000000,1,0.018550493,3.141716,0.00012334641
par_prof,hal06,1000000,2,0.009779666,3.141624,3.134641e-05
par_prof,hal06,1000000,2,0.009859072,3.141624,3.134641e-05
par_prof,hal06,1000000,2,0.009621507,3.143252,0.00165934641
par_prof,hal06,1000000,2,0.009651433,3.143252,0.00165934641
par_prof,hal06,1000000,2,0.009651348,3.143252,0.00165934641
par_prof,hal06,1000000,4,0.004957497,3.143776,0.00218334641
par_prof,hal06,1000000,4,0.004533614,3.143776,0.00218334641
par_prof,hal06,1000000,4,0.005104579,3.143792,0.00219934641
par_prof,hal06,1000000,4,0.005002487,3.143792,0.00219934641
par_prof,hal06,1000000,4,0.005067431,3.143792,0.00219934641
par_prof,hal06,1000000,6,0.005914677,3.143792,0.00219934641
par_prof,hal06,1000000,6,0.005932573,3.143792,0.00219934641
par_prof,hal06,1000000,6,0.005358575,3.142104,0.00051134641
par_prof,hal06,1000000,6,0.005854377,3.142104,0.00051134641
par_prof,hal06,1000000,6,0.005898921,3.142104,0.00051134641
par_prof,hal06,1000000,8,0.004501402,3.14272,0.00112734641
par_prof,hal06,1000000,8,0.004898754,3.14272,0.00112734641
par_prof,hal06,1000000,8,0.004513686,3.142556,0.00096334641
par_prof,hal06,1000000,8,0.004875821,3.142556,0.00096334641
par_prof,hal06,1000000,8,0.004782329,3.142556,0.00096334641
par_prof,hal06,10000000,1,0.136830416,3.141562,3.065359e-05
par_prof,hal06,10000000,1,0.134818506,3.1413124,0.00028025359
par_prof,hal06,10000000,1,0.137360818,3.1413124,0.00028025359
par_prof,hal06,10000000,1,0.13667176,3.1413124,0.00028025359
par_prof,hal06,10000000,1,0.137263769,3.1413124,0.00028025359
par_prof,hal06,10000000,2,0.073191943,3.1425552,0.00096254641
par_prof,hal06,10000000,2,0.073226376,3.1425552,0.00096254641
par_prof,hal06,10000000,2,0.071844949,3.1425552,0.00096254641
par_prof,hal06,10000000,2,0.073023774,3.1419076,0.00031494641
par_prof,hal06,10000000,2,0.0734152,3.1419076,0.00031494641
par_prof,hal06,10000000,4,0.040762795,3.1416888,9.614641e-05
par_prof,hal06,10000000,4,0.03973361,3.1416888,9.614641e-05
par_prof,hal06,10000000,4,0.039864309,3.141552,4.065359e-05
par_prof,hal06,10000000,4,0.035518953,3.141552,4.065359e-05
par_prof,hal06,10000000,4,0.063327573,3.141552,4.065359e-05
par_prof,hal06,10000000,6,0.046159816,3.1418064,0.00021374641
par_prof,hal06,10000000,6,0.045858726,3.1417444,0.00015174641
par_prof,hal06,10000000,6,0.04638405,3.1417444,0.00015174641
par_prof,hal06,10000000,6,0.045740186,3.1417444,0.00015174641
par_prof,hal06,10000000,6,0.045470297,3.1417444,0.00015174641
par_prof,hal06,10000000,8,0.03690177,3.142,0.00040734641
par_prof,hal06,10000000,8,0.035884412,3.142,0.00040734641
par_prof,hal06,10000000,8,0.037331722,3.142,0.00040734641
par_prof,hal06,10000000,8,0.036815544,3.142,0.00040734641
par_prof,hal06,10000000,8,0.036707223,3.142,0.00040734641
par_prof,hal06,100000000,1,1.288343687,3.14163096,3.830641e-05
par_prof,hal06,100000000,1,1.290113939,3.1418804,0.00028774641
par_prof,hal06,100000000,1,1.290656492,3.14162196,2.930641e-05
par_prof,hal06,100000000,1,1.286336765,3.14159252,1.3359e-07
par_prof,hal06,100000000,1,1.287780276,3.14160608,1.342641e-05
par_prof,hal06,100000000,2,0.653566794,3.14163192,3.926641e-05
par_prof,hal06,100000000,2,0.650754586,3.14180424,0.00021158641
par_prof,hal06,100000000,2,0.650125077,3.14186192,0.00026926641
par_prof,hal06,100000000,2,0.646840418,3.14156716,2.549359e-05
par_prof,hal06,100000000,2,0.650915368,3.14156716,2.549359e-05
par_prof,hal06,100000000,4,0.342564735,3.1416774,8.474641e-05
par_prof,hal06,100000000,4,0.343411681,3.14178736,0.00019470641
par_prof,hal06,100000000,4,0.339562164,3.14178736,0.00019470641
par_prof,hal06,100000000,4,0.340903513,3.1416404,4.774641e-05
par_prof,hal06,100000000,4,0.336637644,3.1416404,4.774641e-05
par_prof,hal06,100000000,6,0.359112603,3.14151224,8.041359e-05
par_prof,hal06,100000000,6,0.354509434,3.14151224,8.041359e-05
par_prof,hal06,100000000,6,0.39362337,3.14152332,6.933359e-05
par_prof,hal06,100000000,6,0.394540403,3.1416666,7.394641e-05
par_prof,hal06,100000000,6,0.392976273,3.1416666,7.394641e-05
par_prof,hal06,100000000,8,0.304352017,3.14175528,0.00016262641
par_prof,hal06,100000000,8,0.303303878,3.14175528,0.00016262641
par_prof,hal06,100000000,8,0.304386065,3.14172232,0.00012966641
par_prof,hal06,100000000,8,0.304778035,3.14172232,0.00012966641
par_prof,hal06,100000000,8,0.30516602,3.14169148,9.882641e-05
par_prof,hal06,1000000000,1,12.815276946,3.141552664,3.998959e-05
par_prof,hal06,1000000000,1,12.813956262,3.141602144,9.49041e-06
par_prof,hal06,1000000000,1,12.814779011,3.141517052,7.560159e-05
par_prof,hal06,1000000000,1,12.786540132,3.141639128,4.647441e-05
par_prof,hal06,1000000000,1,12.813361294,3.141639312,4.665841e-05
par_prof,hal06,1000000000,2,6.462282101,3.14153712,5.553359e-05
par_prof,hal06,1000000000,2,6.458992309,3.141596632,3.97841e-06
par_prof,hal06,1000000000,2,6.467079375,3.141591212,1.44159e-06
par_prof,hal06,1000000000,2,6.449244746,3.141695228,0.00010257441
par_prof,hal06,1000000000,2,6.466212187,3.14159352,8.6641e-07
par_prof,hal06,1000000000,4,3.383396392,3.141549868,4.278559e-05
par_prof,hal06,1000000000,4,3.386339495,3.141540108,5.254559e-05
par_prof,hal06,1000000000,4,3.369875165,3.141609884,1.723041e-05
par_prof,hal06,1000000000,4,3.362298701,3.141689216,9.656241e-05
par_prof,hal06,1000000000,4,3.36676159,3.141617168,2.451441e-05
par_prof,hal06,1000000000,6,3.277682766,3.141578828,1.382559e-05
par_prof,hal06,1000000000,6,3.273123574,3.141588284,4.36959e-06
par_prof,hal06,1000000000,6,3.245553988,3.141618752,2.609841e-05
par_prof,hal06,1000000000,6,3.254703314,3.141628176,3.552241e-05
par_prof,hal06,1000000000,6,3.278832556,3.141617112,2.445841e-05
par_prof,hal06,1000000000,8,2.978942874,3.14159148,1.17359e-06
par_prof,hal06,1000000000,8,2.98904499,3.141624048,3.139441e-05
par_prof,hal06,1000000000,8,2.980174778,3.141563676,2.897759e-05
par_prof,hal06,1000000000,8,2.973248384,3.141593792,1.13841e-06
par_prof,hal06,1000000000,8,2.976302293,3.141556016,3.663759e-05
par_prof,hal06,10000000000,1,128.211178797,3.1415886872,3.96639e-06
par_prof,hal06,10000000000,1,128.076135299,3.141598868,6.21441e-06
par_prof,hal06,10000000000,1,128.083117988,3.1415627008,2.995279e-05
par_prof,hal06,10000000000,1,128.094372806,3.141595278,2.62441e-06
par_prof,hal06,10000000000,1,127.827930302,3.1415795868,1.306679e-05
par_prof,hal06,10000000000,2,64.324767911,3.1415856476,7.00599e-06
par_prof,hal06,10000000000,2,64.412053736,3.1416042996,1.164601e-05
par_prof,hal06,10000000000,2,64.567980682,3.1415809928,1.166079e-05
par_prof,hal06,10000000000,2,64.577458641,3.141589022,3.63159e-06
par_prof,hal06,10000000000,2,64.356820967,3.141611248,1.859441e-05
par_prof,hal06,10000000000,4,33.677649515,3.1416051752,1.252161e-05
par_prof,hal06,10000000000,4,33.62223699,3.1416295688,3.691521e-05
par_prof,hal06,10000000000,4,33.654552998,3.1416001964,7.54281e-06
par_prof,hal06,10000000000,4,33.62188979,3.141579726,1.292759e-05
par_prof,hal06,10000000000,4,33.717824164,3.1416020004,9.34681e-06
par_prof,hal06,10000000000,6,32.459902258,3.1415702664,2.238719e-05
par_prof,hal06,10000000000,6,32.411856926,3.1415984888,5.83521e-06
par_prof,hal06,10000000000,6,32.327194261,3.1415745136,1.813999e-05
par_prof,hal06,10000000000,6,32.347585777,3.1415877424,4.91119e-06
par_prof,hal06,10000000000,6,32.545616747,3.1415900036,2.64999e-06
par_prof,hal06,10000000000,8,30.060076638,3.141588856,3.79759e-06
par_prof,hal06,10000000000,8,30.127333694,3.1415836388,9.01479e-06
par_prof,hal06,10000000000,8,30.092779267,3.1416135724,2.091881e-05
par_prof,hal06,10000000000,8,30.127980158,3.14159321,5.5641e-07
par_prof,hal06,10000000000,8,30.061995211,3.1415882276,4.42599e-06
codigo,hal06,1000,1,9.296e-06,3.132,0.00959265359
codigo,hal06,1000,1,9.948e-06,3.156,0.01440734641
codigo,hal06,1000,1,9.797e-06,3.16,0.01840734641
codigo,hal06,1000,1,6.845e-06,3.12,0.02159265359
codigo,hal06,1000,1,9.505e-06,3.152,0.01040734641
codigo,hal06,1000,2,7.0676e-05,3.148,0.00640734641
codigo,hal06,1000,2,8.1119e-05,3.124,0.01759265359
codigo,hal06,1000,2,7.1468e-05,3.132,0.00959265359
codigo,hal06,1000,2,7.9619e-05,3.164,0.02240734641
codigo,hal06,1000,2,8.2108e-05,3.144,0.00240734641
codigo,hal06,1000,4,0.000122502,3.128,0.01359265359
codigo,hal06,1000,4,0.000114413,3.168,0.02640734641
codigo,hal06,1000,4,0.000122805,3.156,0.01440734641
codigo,hal06,1000,4,0.000117845,3.096,0.04559265359
codigo,hal06,1000,4,0.000113963,3.144,0.00240734641
codigo,hal06,1000,6,0.000166451,3.156,0.01440734641
codigo,hal06,1000,6,0.000162629,3.144,0.00240734641
codigo,hal06,1000,6,0.000147642,3.128,0.01359265359
codigo,hal06,1000,6,0.000154082,3.144,0.00240734641
codigo,hal06,1000,6,0.000147785,3.144,0.00240734641
codigo,hal06,1000,8,0.000208275,3.16,0.01840734641
codigo,hal06,1000,8,0.000181948,3.16,0.01840734641
codigo,hal06,1000,8,0.000213077,3.164,0.02240734641
codigo,hal06,1000,8,0.000200878,3.172,0.03040734641
codigo,hal06,1000,8,0.000200612,3.136,0.00559265359
codigo,hal06,10000,1,4.6584e-05,3.1452,0.00360734641
codigo,hal06,10000,1,4.6745e-05,3.1428,0.00120734641
codigo,hal06,10000,1,4.6884e-05,3.1408,0.00079265359
codigo,hal06,10000,1,4.6547e-05,3.1408,0.00079265359
codigo,hal06,10000,1,4.6568e-05,3.142,0.00040734641
codigo,hal06,10000,2,9.2089e-05,3.1384,0.00319265359
codigo,hal06,10000,2,9.8322e-05,3.1404,0.00119265359
codigo,hal06,10000,2,9.2552e-05,3.1388,0.00279265359
codigo,hal06,10000,2,9.7522e-05,3.1384,0.00319265359
codigo,hal06,10000,2,0.000104378,3.1396,0.00199265359
codigo,hal06,10000,4,0.000114698,3.148,0.00640734641
codigo,hal06,10000,4,0.000130923,3.1384,0.00319265359
codigo,hal06,10000,4,0.000120568,3.1404,0.00119265359
codigo,hal06,10000,4,0.000123158,3.136,0.00559265359
codigo,hal06,10000,4,0.00011766,3.14,0.00159265359
codigo,hal06,10000,6,0.000164133,3.1408,0.00079265359
codigo,hal06,10000,6,0.000166544,3.1424,0.00080734641
codigo,hal06,10000,6,0.0001771,3.1344,0.00719265359
codigo,hal06,10000,6,0.000168074,3.1412,0.00039265359
codigo,hal06,10000,6,0.00013774,3.1396,0.00199265359
codigo,hal06,10000,8,0.000203036,3.1432,0.00160734641
codigo,hal06,10000,8,0.000202764,3.138,0.00359265359
codigo,hal06,10000,8,0.000205748,3.1416,7.34641e-06
codigo,hal06,10000,8,0.000212879,3.1392,0.00239265359
codigo,hal06,10000,8,0.00021453,3.1424,0.00080734641
codigo,hal06,100000,1,0.000410892,3.14088,0.00071265359
codigo,hal06,100000,1,0.000411199,3.14164,4.734641e-05
codigo,hal06,100000,1,0.000426599,3.14076,0.00083265359
codigo,hal06,100000,1,0.000410988,3.1414,0.00019265359
codigo,hal06,100000,1,0.000410715,3.14212,0.00052734641
codigo,hal06,100000,2,0.00028961,3.14152,7.265359e-05
codigo,hal06,100000,2,0.000280704,3.14144,0.00015265359
codigo,hal06,100000,2,0.000279253,3.14224,0.00064734641
codigo,hal06,100000,2,0.000274892,3.14172,0.00012734641
codigo,hal06,100000,2,0.000289236,3.14188,0.00028734641
codigo,hal06,100000,4,0.000206656,3.14132,0.00027265359
codigo,hal06,100000,4,0.000213335,3.14144,0.00015265359
codigo,hal06,100000,4,0.000212699,3.14136,0.00023265359
codigo,hal06,100000,4,0.000216749,3.14216,0.00056734641
codigo,hal06,100000,4,0.000209688,3.14092,0.00067265359
codigo,hal06,100000,6,0.000277732,3.14112,0.00047265359
codigo,hal06,100000,6,0.000207682,3.14244,0.00084734641
codigo,hal06,100000,6,0.000266034,3.14116,0.00043265359
codigo,hal06,100000,6,0.00027873,3.14188,0.00028734641
codigo,hal06,100000,6,0.00026941,3.14072,0.00087265359
codigo,hal06,100000,8,0.000294879,3.14104,0.00055265359
codigo,hal06,100000,8,0.000222498,3.14236,0.00076734641
codigo,hal06,100000,8,0.000292062,3.14232,0.00072734641
codigo,hal06,100000,8,0.000284837,3.14176,0.00016734641
codigo,hal06,100000,8,0.000281625,3.14188,0.00028734641
codigo,hal06,1000000,1,0.004065507,3.141564,2.865359e-05
codigo,hal06,1000000,1,0.002969791,3.14154,5.265359e-05
codigo,hal06,1000000,1,0.004055625,3.14166,6.734641e-05
codigo,hal06,1000000,1,0.00406128,3.141536,5.665359e-05
codigo,hal06,1000000,1,0.004055117,3.141576,1.665359e-05
codigo,hal06,1000000,2,0.00209129,3.141544,4.865359e-05
codigo,hal06,1000000,2,0.002102739,3.14156,3.265359e-05
codigo,hal06,1000000,2,0.002116722,3.141544,4.865359e-05
codigo,hal06,1000000,2,0.002095833,3.141636,4.334641e-05
codigo,hal06,1000000,2,0.002149837,3.141452,0.00014065359
codigo,hal06,1000000,4,0.001120965,3.141596,3.34641e-06
codigo,hal06,1000000,4,0.001332291,3.1415,9.265359e-05
codigo,hal06,1000000,4,0.001127083,3.141484,0.00010865359
codigo,hal06,1000000,4,0.001123844,3.141468,0.00012465359
codigo,hal06,1000000,4,0.001152115,3.141552,4.065359e-05
codigo,hal06,1000000,6,0.001372553,3.1417,0.00010734641
codigo,hal06,1000000,6,0.001388778,3.141488,0.00010465359
codigo,hal06,1000000,6,0.00132146,3.14158,1.265359e-05
codigo,hal06,1000000,6,0.001358865,3.141628,3.534641e-05
codigo,hal06,1000000,6,0.001355106,3.14144,0.00015265359
codigo,hal06,1000000,8,0.001129918,3.141668,7.534641e-05
codigo,hal06,1000000,8,0.001599369,3.1417,0.00010734641
codigo,hal06,1000000,8,0.000790585,3.141548,4.465359e-05
codigo,hal06,1000000,8,0.001147287,3.141692,9.934641e-05
codigo,hal06,1000000,8,0.001096895,3.141396,0.00019665359
codigo,hal06,10000000,1,0.034488465,3.1416036,1.094641e-05
codigo,hal06,10000000,1,0.034211001,3.141602,9.34641e-06
codigo,hal06,10000000,1,0.034621384,3.1415744,1.825359e-05
codigo,hal06,10000000,1,0.034337946,3.1415964,3.74641e-06
codigo,hal06,10000000,1,0.034526247,3.1415936,9.4641e-07
codigo,hal06,10000000,2,0.013297033,3.1416164,2.374641e-05
codigo,hal06,10000000,2,0.018665547,3.1415632,2.945359e-05
codigo,hal06,10000000,2,0.018676417,3.1415976,4.94641e-06
codigo,hal06,10000000,2,0.018699431,3.1415744,1.825359e-05
codigo,hal06,10000000,2,0.018651148,3.1415876,5.05359e-06
codigo,hal06,10000000,4,0.010127082,3.1415824,1.025359e-05
codigo,hal06,10000000,4,0.010051776,3.1415916,1.05359e-06
codigo,hal06,10000000,4,0.009873428,3.1415832,9.45359e-06
codigo,hal06,10000000,4,0.009902783,3.1416012,8.54641e-06
codigo,hal06,10000000,4,0.010074633,3.1416008,8.14641e-06
codigo,hal06,10000000,6,0.01172515,3.1416136,2.094641e-05
codigo,hal06,10000000,6,0.011699625,3.1415924,2.5359e-07
codigo,hal06,10000000,6,0.011653233,3.1415992,6.54641e-06
codigo,hal06,10000000,6,0.011534455,3.1416,7.34641e-06
codigo,hal06,10000000,6,0.011715819,3.1415888,3.85359e-06
codigo,hal06,10000000,8,0.009041829,3.1416028,1.014641e-05
codigo,hal06,10000000,8,0.009049264,3.14159,2.65359e-06
codigo,hal06,10000000,8,0.009314312,3.141566,2.665359e-05
codigo,hal06,10000000,8,0.006713419,3.141602,9.34641e-06
codigo,hal06,10000000,8,0.008990512,3.141628,3.534641e-05
codigo,hal06,100000000,1,0.268317889,3.14158936,3.29359e-06
codigo,hal06,100000000,1,0.271828906,3.1415906,2.05359e-06
codigo,hal06,100000000,1,0.272239439,3.1415944,1.74641e-06
codigo,hal06,100000000,1,0.272197146,3.1415972,4.54641e-06
codigo,hal06,100000000,1,0.270835054,3.14158912,3.53359e-06
codigo,hal06,100000000,2,0.140722024,3.14159412,1.46641e-06
codigo,hal06,100000000,2,0.141666174,3.14159552,2.86641e-06
codigo,hal06,100000000,2,0.140838783,3.14159612,3.46641e-06
codigo,hal06,100000000,2,0.141196389,3.14159576,3.10641e-06
codigo,hal06,100000000,2,0.13987451,3.14159496,2.30641e-06
codigo,hal06,100000000,4,0.07529098,3.141594,1.34641e-06
codigo,hal06,100000000,4,0.075627154,3.14158996,2.69359e-06
codigo,hal06,100000000,4,0.075666164,3.14159424,1.58641e-06
codigo,hal06,100000000,4,0.07554064,3.14159364,9.8641e-07
codigo,hal06,100000000,4,0.075721046,3.14159056,2.09359e-06
codigo,hal06,100000000,6,0.08839579,3.14159408,1.42641e-06
codigo,hal06,100000000,6,0.088374841,3.1415898,2.85359e-06
codigo,hal06,100000000,6,0.088216937,3.14159396,1.30641e-06
codigo,hal06,100000000,6,0.087055985,3.14159148,1.17359e-06
codigo,hal06,100000000,6,0.088340902,3.14158944,3.21359e-06
codigo,hal06,100000000,8,0.070535617,3.1415924,2.5359e-07
codigo,hal06,100000000,8,0.067072868,3.14159328,6.2641e-07
codigo,hal06,100000000,8,0.068602632,3.14158832,4.33359e-06
codigo,hal06,100000000,8,0.068683612,3.14159396,1.30641e-06
codigo,hal06,100000000,8,0.068964292,3.14158992,2.73359e-06
codigo,hal06,1000000000,1,2.630100839,3.141591612,1.04159e-06
codigo,hal06,1000000000,1,2.635844155,3.141593744,1.09041e-06
codigo,hal06,1000000000,1,2.637812402,3.14159274,8.641e-08
codigo,hal06,1000000000,1,2.637121681,3.141593208,5.5441e-07
codigo,hal06,1000000000,1,2.627017694,3.14159286,2.0641e-07
codigo,hal06,1000000000,2,1.334735728,3.141593088,4.3441e-07
codigo,hal06,1000000000,2,1.33423432,3.14159208,5.7359e-07
codigo,hal06,1000000000,2,1.333491323,3.141592288,3.6559e-07
codigo,hal06,1000000000,2,1.334269249,3.141592092,5.6159e-07
codigo,hal06,1000000000,2,1.335075207,3.141592116,5.3759e-07
codigo,hal06,1000000000,4,0.692085576,3.141592996,3.4241e-07
codigo,hal06,1000000000,4,0.744522341,3.14159232,3.3359e-07
codigo,hal06,1000000000,4,0.698816573,3.141592696,4.241e-08
codigo,hal06,1000000000,4,0.698487815,3.141592316,3.3759e-07
codigo,hal06,1000000000,4,0.695808406,3.141592996,3.4241e-07
codigo,hal06,1000000000,6,0.718538589,3.14159168,9.7359e-07
codigo,hal06,1000000000,6,0.770739318,3.141592924,2.7041e-07
codigo,hal06,1000000000,6,0.817246498,3.14159182,8.3359e-07
codigo,hal06,1000000000,6,0.787585244,3.141592444,2.0959e-07
codigo,hal06,1000000000,6,0.768847568,3.141592388,2.6559e-07
codigo,hal06,1000000000,8,0.628415394,3.141592172,4.8159e-07
codigo,hal06,1000000000,8,0.627536639,3.14159126,1.39359e-06
codigo,hal06,1000000000,8,0.627980699,3.14159224,4.1359e-07
codigo,hal06,1000000000,8,0.629796998,3.141594288,1.63441e-06
codigo,hal06,1000000000,8,0.63077319,3.141592716,6.241e-08
codigo,hal06,10000000000,1,26.298989417,3.141592768,1.1441e-07
codigo,hal06,10000000000,1,26.287887673,3.141592722,6.841e-08
codigo,hal06,10000000000,1,26.29625612,3.1415925628,9.079e-08
codigo,hal06,10000000000,1,26.293894353,3.1415924788,1.7479e-07
codigo,hal06,10000000000,1,26.306083982,3.1415924184,2.3519e-07
codigo,hal06,10000000000,2,13.269332332,3.1415927148,6.121e-08
codigo,hal06,10000000000,2,13.263740598,3.1415927308,7.721e-08
codigo,hal06,10000000000,2,13.238278976,3.1415926108,4.279e-08
codigo,hal06,10000000000,2,13.249640787,3.1415926852,3.161e-08
codigo,hal06,10000000000,2,13.244590754,3.1415925876,6.599e-08
codigo,hal06,10000000000,4,6.920371812,3.1415927384,8.481e-08
codigo,hal06,10000000000,4,6.920458539,3.141592558,9.559e-08
codigo,hal06,10000000000,4,6.942096857,3.1415926912,3.761e-08
codigo,hal06,10000000000,4,6.921463945,3.1415926708,1.721e-08
codigo,hal06,10000000000,4,6.919449385,3.1415927724,1.1881e-07
codigo,hal06,10000000000,6,6.746889109,3.1415925712,8.239e-08
codigo,hal06,10000000000,6,6.712320054,3.1415925656,8.799e-08
codigo,hal06,10000000000,6,6.729721186,3.1415926504,3.19e-09
codigo,hal06,10000000000,6,6.715838559,3.1415926992,4.561e-08
codigo,hal06,10000000000,6,6.699477951,3.1415926492,4.39e-09
codigo,hal06,10000000000,8,6.218345349,3.1415924828,1.7079e-07
codigo,hal06,10000000000,8,6.209334026,3.1415926052,4.839e-08
codigo,hal06,10000000000,8,6.218334268,3.1415926404,1.319e-08
codigo,hal06,10000000000,8,6.225121006,3.141592658,4.41e-09
codigo,hal06,10000000000,8,6.223444774,3.1415926172,3.639e-08
seq_prof,hal08,1000,1,2.1834e-05,3.1,0.04159265359
seq_prof,hal08,1000,1,2.4281e-05,3.1,0.04159265359
seq_prof,hal08,1000,1,2.1787e-05,3.1,0.04159265359
seq_prof,hal08,1000,1,2.4302e-05,3.1,0.04159265359
seq_prof,hal08,1000,1,2.1261e-05,3.172,0.03040734641
seq_prof,hal08,1000,1,2.1339e-05,3.172,0.03040734641
seq_prof,hal08,1000,1,2.1626e-05,3.172,0.03040734641
seq_prof,hal08,1000,1,2.1441e-05,3.172,0.03040734641
seq_prof,hal08,1000,1,2.1356e-05,3.172,0.03040734641
seq_prof,hal08,1000,1,2.4127e-05,3.124,0.01759265359
seq_prof,hal08,1000,1,2.078e-05,3.124,0.01759265359
seq_prof,hal08,1000,1,1.4047e-05,3.124,0.01759265359
seq_prof,hal08,1000,1,2.1597e-05,3.124,0.01759265359
seq_prof,hal08,1000,1,2.3887e-05,3.124,0.01759265359
seq_prof,hal08,1000,1,2.146e-05,3.156,0.01440734641
seq_prof,hal08,1000,1,2.1371e-05,3.156,0.01440734641
seq_prof,hal08,1000,1,2.1589e-05,3.156,0.01440734641
seq_prof,hal08,1000,1,2.1399e-05,3.156,0.01440734641
seq_prof,hal08,1000,1,2.3782e-05,3.156,0.01440734641
seq_prof,hal08,1000,1,1.4119e-05,3.12,0.02159265359
seq_prof,hal08,1000,1,2.1625e-05,3.12,0.02159265359
seq_prof,hal08,1000,1,2.1659e-05,3.12,0.02159265359
seq_prof,hal08,1000,1,2.2937e-05,3.12,0.02159265359
seq_prof,hal08,1000,1,1.4193e-05,3.12,0.02159265359
seq_prof,hal08,1000,1,2.3648e-05,3.196,0.05440734641
seq_prof,hal08,10000,1,0.000197234,3.1528,0.01120734641
seq_prof,hal08,10000,1,0.000197006,3.1528,0.01120734641
seq_prof,hal08,10000,1,0.000199635,3.1528,0.01120734641
seq_prof,hal08,10000,1,0.000198191,3.1528,0.01120734641
seq_prof,hal08,10000,1,0.00019767,3.1552,0.01360734641
seq_prof,hal08,10000,1,0.00019792,3.1552,0.01360734641
seq_prof,hal08,10000,1,0.00019776,3.1552,0.01360734641
seq_prof,hal08,10000,1,0.000197672,3.1552,0.01360734641
seq_prof,hal08,10000,1,0.000197616,3.1552,0.01360734641
seq_prof,hal08,10000,1,0.000199408,3.1552,0.01360734641
seq_prof,hal08,10000,1,0.000198181,3.1328,0.00879265359
seq_prof,hal08,10000,1,0.000198385,3.1328,0.00879265359
seq_prof,hal08,10000,1,0.000198099,3.1328,0.00879265359
seq_prof,hal08,10000,1,0.000201081,3.1328,0.00879265359
seq_prof,hal08,10000,1,0.000196838,3.1588,0.01720734641
seq_prof,hal08,10000,1,0.000196996,3.1588,0.01720734641
seq_prof,hal08,10000,1,0.000191469,3.1588,0.01720734641
seq_prof,hal08,10000,1,0.000198982,3.1588,0.01720734641
seq_prof,hal08,10000,1,0.000196561,3.1588,0.01720734641
seq_prof,hal08,10000,1,0.000200321,3.1448,0.00320734641
seq_prof,hal08,10000,1,0.000197657,3.1448,0.00320734641
seq_prof,hal08,10000,1,0.000200352,3.1448,0.00320734641
seq_prof,hal08,10000,1,0.000197656,3.1448,0.00320734641
seq_prof,hal08,10000,1,0.000198019,3.1448,0.00320734641
seq_prof,hal08,10000,1,0.000197384,3.1448,0.00320734641
seq_prof,hal08,100000,1,0.001978135,3.13472,0.00687265359
seq_prof,hal08,100000,1,0.001892753,3.13472,0.00687265359
seq_prof,hal08,100000,1,0.001958102,3.13472,0.00687265359
seq_prof,hal08,100000,1,0.001979097,3.13472,0.00687265359
seq_prof,hal08,100000,1,0.001962087,3.13472,0.00687265359
seq_prof,hal08,100000,1,0.001968255,3.139,0.00259265359
seq_prof,hal08,100000,1,0.001883425,3.139,0.00259265359
seq_prof,hal08,100000,1,0.001960053,3.139,0.00259265359
seq_prof,hal08,100000,1,0.001981689,3.139,0.00259265359
seq_prof,hal08,100000,1,0.002025093,3.139,0.00259265359
seq_prof,hal08,100000,1,0.001961106,3.1366,0.00499265359
seq_prof,hal08,100000,1,0.001979272,3.1366,0.00499265359
seq_prof,hal08,100000,1,0.001965271,3.1366,0.00499265359
seq_prof,hal08,100000,1,0.002128854,3.1366,0.00499265359
seq_prof,hal08,100000,1,0.001977557,3.1366,0.00499265359
seq_prof,hal08,100000,1,0.001981482,3.1458,0.00420734641
seq_prof,hal08,100000,1,0.001957479,3.1458,0.00420734641
seq_prof,hal08,100000,1,0.001961638,3.1458,0.00420734641
seq_prof,hal08,100000,1,0.001959239,3.1458,0.00420734641
seq_prof,hal08,100000,1,0.001972095,3.1458,0.00420734641
seq_prof,hal08,100000,1,0.001954374,3.15188,0.01028734641
seq_prof,hal08,100000,1,0.001964531,3.15188,0.01028734641
seq_prof,hal08,100000,1,0.001272883,3.15188,0.01028734641
seq_prof,hal08,100000,1,0.001954742,3.15188,0.01028734641
seq_prof,hal08,100000,1,0.001950689,3.15188,0.01028734641
seq_prof,hal08,1000000,1,0.018422691,3.140416,0.00117665359
seq_prof,hal08,1000000,1,0.018758652,3.140416,0.00117665359
seq_prof,hal08,1000000,1,0.018127062,3.140416,0.00117665359
seq_prof,hal08,1000000,1,0.018525882,3.140416,0.00117665359
seq_prof,hal08,1000000,1,0.018586743,3.140416,0.00117665359
seq_prof,hal08,1000000,1,0.017343981,3.142276,0.00068334641
seq_prof,hal08,1000000,1,0.01850953,3.142276,0.00068334641
seq_prof,hal08,1000000,1,0.018087452,3.142276,0.00068334641
seq_prof,hal08,1000000,1,0.018706324,3.142276,0.00068334641
seq_prof,hal08,1000000,1,0.018672336,3.142276,0.00068334641
seq_prof,hal08,1000000,1,0.018478962,3.141616,2.334641e-05
seq_prof,hal08,1000000,1,0.018244453,3.141616,2.334641e-05
seq_prof,hal08,1000000,1,0.018332915,3.141616,2.334641e-05
seq_prof,hal08,1000000,1,0.018581095,3.141616,2.334641e-05
seq_prof,hal08,1000000,1,0.018536773,3.141616,2.334641e-05
seq_prof,hal08,1000000,1,0.018482103,3.140776,0.00081665359
seq_prof,hal08,1000000,1,0.018077894,3.140776,0.00081665359
seq_prof,hal08,1000000,1,0.01844999,3.140776,0.00081665359
seq_prof,hal08,1000000,1,0.017972907,3.140776,0.00081665359
seq_prof,hal08,1000000,1,0.015204714,3.141868,0.00027534641
seq_prof,hal08,1000000,1,0.018435405,3.141868,0.00027534641
seq_prof,hal08,1000000,1,0.016799792,3.141868,0.00027534641
seq_prof,hal08,1000000,1,0.018482705,3.141868,0.00027534641
seq_prof,hal08,1000000,1,0.018233706,3.141868,0.00027534641
seq_prof,hal08,1000000,1,0.012842977,3.14308,0.00148734641
seq_prof,hal08,10000000,1,0.135762044,3.1422136,0.00062094641
seq_prof,hal08,10000000,1,0.136701073,3.1422136,0.00062094641
seq_prof,hal08,10000000,1,0.136581408,3.1422136,0.00062094641
seq_prof,hal08,10000000,1,0.137482951,3.1418972,0.00030454641
seq_prof,hal08,10000000,1,0.136913299,3.1418972,0.00030454641
seq_prof,hal08,10000000,1,0.137005412,3.1418972,0.00030454641
seq_prof,hal08,10000000,1,0.137467806,3.1414148,0.00017785359
seq_prof,hal08,10000000,1,0.137669991,3.1414148,0.00017785359
seq_prof,hal08,10000000,1,0.137266319,3.1414148,0.00017785359
seq_prof,hal08,10000000,1,0.13767147,3.1416196,2.694641e-05
seq_prof,hal08,10000000,1,0.135874189,3.1416196,2.694641e-05
seq_prof,hal08,10000000,1,0.136520645,3.1416196,2.694641e-05
seq_prof,hal08,10000000,1,0.132205273,3.1420712,0.00047854641
seq_prof,hal08,10000000,1,0.136181991,3.1420712,0.00047854641
seq_prof,hal08,10000000,1,0.13744038,3.1420712,0.00047854641
seq_prof,hal08,10000000,1,0.136080107,3.1424464,0.00085374641
seq_prof,hal08,10000000,1,0.136613204,3.1424464,0.00085374641
seq_prof,hal08,10000000,1,0.136743242,3.1424464,0.00085374641
seq_prof,hal08,10000000,1,0.136513729,3.1406028,0.00098985359
seq_prof,hal08,10000000,1,0.136884141,3.1406028,0.00098985359
seq_prof,hal08,10000000,1,0.137805875,3.1406028,0.00098985359
seq_prof,hal08,10000000,1,0.136643789,3.1408884,0.00070425359
seq_prof,hal08,10000000,1,0.137548947,3.1408884,0.00070425359
seq_prof,hal08,10000000,1,0.137024958,3.1408884,0.00070425359
seq_prof,hal08,10000000,1,0.137014769,3.1421832,0.00059054641
seq_prof,hal08,100000000,1,1.28682828,3.14146708,0.00012557359
seq_prof,hal08,100000000,1,1.275469255,3.141636,4.334641e-05
seq_prof,hal08,100000000,1,1.275010281,3.14149352,9.913359e-05
seq_prof,hal08,100000000,1,1.273300685,3.1418366,0.00024394641
seq_prof,hal08,100000000,1,1.276022785,3.1416152,2.254641e-05
seq_prof,hal08,100000000,1,1.290058151,3.1418354,0.00024274641
seq_prof,hal08,100000000,1,1.281979177,3.1417628,0.00017014641
seq_prof,hal08,100000000,1,1.285643008,3.14145028,0.00014237359
seq_prof,hal08,100000000,1,1.284398152,3.14138088,0.00021177359
seq_prof,hal08,100000000,1,1.290681918,3.1416394,4.674641e-05
seq_prof,hal08,100000000,1,1.276042782,3.14153008,6.257359e-05
seq_prof,hal08,100000000,1,1.288091826,3.14131896,0.00027369359
seq_prof,hal08,100000000,1,1.286982235,3.14169744,0.00010478641
seq_prof,hal08,100000000,1,1.286653335,3.14165456,6.190641e-05
seq_prof,hal08,100000000,1,1.295127099,3.14170736,0.00011470641
seq_prof,hal08,100000000,1,1.284715888,3.1415734,1.925359e-05
seq_prof,hal08,100000000,1,1.284029271,3.14166916,7.650641e-05
seq_prof,hal08,100000000,1,1.285301904,3.14161648,2.382641e-05
seq_prof,hal08,100000000,1,1.286725056,3.14149892,9.373359e-05
seq_prof,hal08,100000000,1,1.284779119,3.14135804,0.00023461359
seq_prof,hal08,100000000,1,1.283143031,3.1419154,0.00032274641
seq_prof,hal08,100000000,1,1.280764288,3.14167984,8.718641e-05
seq_prof,hal08,100000000,1,1.28542001,3.1417318,0.00013914641
seq_prof,hal08,100000000,1,1.276332383,3.1414946,9.805359e-05
seq_prof,hal08,100000000,1,1.288248528,3.14170784,0.00011518641
seq_prof,hal08,1000000000,1,12.79861568,3.141465732,0.00012692159
seq_prof,hal08,1000000000,1,12.814206681,3.141575344,1.730959e-05
seq_prof,hal08,1000000000,1,12.757364545,3.141619372,2.671841e-05
seq_prof,hal08,1000000000,1,12.787914555,3.1414333,0.00015935359
seq_prof,hal08,1000000000,1,12.782694322,3.141596712,4.05841e-06
seq_prof,hal08,1000000000,1,12.761567676,3.141509784,8.286959e-05
seq_prof,hal08,1000000000,1,12.779933739,3.141532076,6.057759e-05
seq_prof,hal08,1000000000,1,12.791414857,3.141525884,6.676959e-05
seq_prof,hal08,1000000000,1,12.777375386,3.141630664,3.801041e-05
seq_prof,hal08,1000000000,1,12.809639618,3.141562488,3.016559e-05
seq_prof,hal08,1000000000,1,12.789574707,3.141540512,5.214159e-05
seq_prof,hal08,1000000000,1,12.807540206,3.141539052,5.360159e-05
seq_prof,hal08,1000000000,1,12.767200826,3.14153916,5.349359e-05
seq_prof,hal08,1000000000,1,12.811790342,3.141570304,2.234959e-05
seq_prof,hal08,1000000000,1,12.81031873,3.141671136,7.848241e-05
seq_prof,hal08,1000000000,1,12.803574389,3.14158762,5.03359e-06
seq_prof,hal08,1000000000,1,12.79853463,3.141562712,2.994159e-05
seq_prof,hal08,1000000000,1,12.802081411,3.141617724,2.507041e-05
seq_prof,hal08,1000000000,1,12.870560732,3.141555588,3.706559e-05
seq_prof,hal08,1000000000,1,12.778867682,3.141554584,3.806959e-05
seq_prof,hal08,1000000000,1,12.783995293,3.141628032,3.537841e-05
seq_prof,hal08,1000000000,1,12.804133581,3.14165574,6.308641e-05
seq_prof,hal08,1000000000,1,12.75975717,3.141620756,2.810241e-05
seq_prof,hal08,1000000000,1,12.811647156,3.141534664,5.798959e-05
seq_prof,hal08,1000000000,1,12.783108916,3.141682852,9.019841e-05
seq_prof,hal08,10000000000,1,127.794868245,3.1416121384,1.948481e-05
seq_prof,hal08,10000000000,1,127.906516659,3.1415751084,1.754519e-05
seq_prof,hal08,10000000000,1,127.840953553,3.1416133252,2.067161e-05
seq_prof,hal08,10000000000,1,127.769634953,3.1416037576,1.110401e-05
seq_prof,hal08,10000000000,1,127.629971022,3.1415563992,3.625439e-05
seq_prof,hal08,10000000000,1,127.822790258,3.1416252212,3.256761e-05
seq_prof,hal08,10000000000,1,128.022290138,3.1415944588,1.80521e-06
seq_prof,hal08,10000000000,1,127.85975751,3.1415910776,1.57599e-06
seq_prof,hal08,10000000000,1,127.535872725,3.1415727592,1.989439e-05
seq_prof,hal08,10000000000,1,127.544083647,3.1416024224,9.76881e-06
seq_prof,hal08,10000000000,1,127.87606968,3.1416063044,1.365081e-05
seq_prof,hal08,10000000000,1,127.923179928,3.1415976748,5.02121e-06
seq_prof,hal08,10000000000,1,127.832388543,3.1415590108,3.364279e-05
seq_prof,hal08,10000000000,1,127.816062857,3.1415719412,2.071239e-05
seq_prof,hal08,10000000000,1,127.573985175,3.1415766828,1.597079e-05
seq_prof,hal08,10000000000,1,127.537672639,3.1415785272,1.412639e-05
seq_prof,hal08,10000000000,1,127.665501496,3.1415863244,6.32919e-06
seq_prof,hal08,10000000000,1,127.831993393,3.1416126856,2.003201e-05
seq_prof,hal08,10000000000,1,128.35812739,3.1415873756,5.27799e-06
seq_prof,hal08,10000000000,1,127.521050788,3.1415664888,2.616479e-05
seq_prof,hal08,10000000000,1,127.618507842,3.1415985016,5.84801e-06
seq_prof,hal08,10000000000,1,127.705637792,3.1416253056,3.265201e-05
seq_prof,hal08,10000000000,1,127.674329275,3.1415958252,3.17161e-06
seq_prof,hal08,10000000000,1,127.445661095,3.1415945888,1.93521e-06
seq_prof,hal08,10000000000,1,127.738793797,3.1415872176,5.43599e-06
par_prof,hal08,1000,1,2.7242e-05,3.104,0.03759265359
par_prof,hal08,1000,1,2.6106e-05,3.104,0.03759265359
par_prof,hal08,1000,1,2.5978e-05,3.104,0.03759265359
par_prof,hal08,1000,1,2.8272e-05,3.104,0.03759265359
par_prof,hal08,1000,1,2.8175e-05,3.104,0.03759265359
par_prof,hal08,1000,2,8.1019e-05,3.196,0.05440734641
par_prof,hal08,1000,2,8.5524e-05,3.196,0.05440734641
par_prof,hal08,1000,2,8.9994e-05,3.196,0.05440734641
par_prof,hal08,1000,2,8.2005e-05,3.196,0.05440734641
par_prof,hal08,1000,2,8.6245e-05,3.196,0.05440734641
par_prof,hal08,1000,4,0.000131451,3.12,0.02159265359
par_prof,hal08,1000,4,9.6771e-05,3.12,0.02159265359
par_prof,hal08,1000,4,0.000117345,3.12,0.02159265359
par_prof,hal08,1000,4,0.000107245,3.12,0.02159265359
par_prof,hal08,1000,4,0.000138101,3.12,0.02159265359
par_prof,hal08,1000,6,0.000180484,3.124,0.01759265359
par_prof,hal08,1000,6,0.000163078,3.124,0.01759265359
par_prof,hal08,1000,6,0.000162945,3.124,0.01759265359
par_prof,hal08,1000,6,0.000179481,3.124,0.01759265359
par_prof,hal08,1000,6,0.000159384,3.124,0.01759265359
par_prof,hal08,1000,8,0.000220256,3.112,0.02959265359
par_prof,hal08,1000,8,0.000225112,3.1,0.04159265359
par_prof,hal08,1000,8,0.000201288,3.1,0.04159265359
par_prof,hal08,1000,8,0.000219435,3.1,0.04159265359
par_prof,hal08,1000,8,0.000218885,3.1,0.04159265359
par_prof,hal08,10000,1,0.000244106,3.1716,0.03000734641
par_prof,hal08,10000,1,0.000202962,3.1224,0.01919265359
par_prof,hal08,10000,1,0.000202833,3.1224,0.01919265359
par_prof,hal08,10000,1,0.000202768,3.1224,0.01919265359
par_prof,hal08,10000,1,0.00020394,3.1224,0.01919265359
par_prof,hal08,10000,2,0.000182216,3.1272,0.01439265359
par_prof,hal08,10000,2,0.000181898,3.1616,0.02000734641
par_prof,hal08,10000,2,0.000173611,3.1616,0.02000734641
par_prof,hal08,10000,2,0.000174194,3.1616,0.02000734641
par_prof,hal08,10000,2,0.000172253,3.1616,0.02000734641
par_prof,hal08,10000,4,0.000157101,3.144,0.00240734641
par_prof,hal08,10000,4,0.000163144,3.1396,0.00199265359
par_prof,hal08,10000,4,0.000162232,3.1396,0.00199265359
par_prof,hal08,10000,4,0.000127289,3.1396,0.00199265359
par_prof,hal08,10000,4,0.000165845,3.1396,0.00199265359
par_prof,hal08,10000,6,0.000232892,3.1436,0.00200734641
par_prof,hal08,10000,6,0.000225033,3.1216,0.01999265359
par_prof,hal08,10000,6,0.000179433,3.1216,0.01999265359
par_prof,hal08,10000,6,0.000217701,3.1216,0.01999265359
par_prof,hal08,10000,6,0.000239222,3.1216,0.01999265359
par_prof,hal08,10000,8,0.000340234,3.128,0.01359265359
par_prof,hal08,10000,8,0.000257891,3.1236,0.01799265359
par_prof,hal08,10000,8,0.000250623,3.1236,0.01799265359
par_prof,hal08,10000,8,0.000257272,3.1236,0.01799265359
par_prof,hal08,10000,8,0.000263848,3.1236,0.01799265359
par_prof,hal08,100000,1,0.001964297,3.142,0.00040734641
par_prof,hal08,100000,1,0.001962148,3.142,0.00040734641
par_prof,hal08,100000,1,0.001964666,3.1442,0.00260734641
par_prof,hal08,100000,1,0.00198653,3.1442,0.00260734641
par_prof,hal08,100000,1,0.001978361,3.1442,0.00260734641
par_prof,hal08,100000,2,0.00106114,3.1438,0.00220734641
par_prof,hal08,100000,2,0.001054687,3.1438,0.00220734641
par_prof,hal08,100000,2,0.001053333,3.139,0.00259265359
par_prof,hal08,100000,2,0.001053982,3.139,0.00259265359
par_prof,hal08,100000,2,0.001076333,3.139,0.00259265359
par_prof,hal08,100000,4,0.000597391,3.13724,0.00435265359
par_prof,hal08,100000,4,0.000620766,3.14044,0.00115265359
par_prof,hal08,100000,4,0.000621639,3.14044,0.00115265359
par_prof,hal08,100000,4,0.000631593,3.14044,0.00115265359
par_prof,hal08,100000,4,0.000603783,3.14044,0.00115265359
par_prof,hal08,100000,6,0.000730342,3.1322,0.00939265359
par_prof,hal08,100000,6,0.000759552,3.1322,0.00939265359
par_prof,hal08,100000,6,0.000759427,3.1344,0.00719265359
par_prof,hal08,100000,6,0.000743018,3.1344,0.00719265359
par_prof,hal08,100000,6,0.000754412,3.1344,0.00719265359
par_prof,hal08,100000,8,0.00066745,3.13568,0.00591265359
par_prof,hal08,100000,8,0.000646313,3.13576,0.00583265359
par_prof,hal08,100000,8,0.000669626,3.13576,0.00583265359
par_prof,hal08,100000,8,0.000725396,3.13576,0.00583265359
par_prof,hal08,100000,8,0.000616469,3.13576,0.00583265359
par_prof,hal08,1000000,1,0.018301397,3.142448,0.00085534641
par_prof,hal08,1000000,1,0.01861109,3.142448,0.00085534641
par_prof,hal08,1000000,1,0.013769736,3.141084,0.00050865359
par_prof,hal08,1000000,1,0.018590469,3.141084,0.00050865359
par_prof,hal08,1000000,1,0.018665486,3.141084,0.00050865359
par_prof,hal08,1000000,2,0.009887638,3.140672,0.00092065359
par_prof,hal08,1000000,2,0.009618049,3.140952,0.00064065359
par_prof,hal08,1000000,2,0.006810305,3.140952,0.00064065359
par_prof,hal08,1000000,2,0.008500702,3.140952,0.00064065359
par_prof,hal08,1000000,2,0.009085638,3.140952,0.00064065359
par_prof,hal08,1000000,4,0.005010563,3.140436,0.00115665359
par_prof,hal08,1000000,4,0.005174582,3.142204,0.00061134641
par_prof,hal08,1000000,4,0.005095112,3.142204,0.00061134641
par_prof,hal08,1000000,4,0.00499385,3.142204,0.00061134641
par_prof,hal08,1000000,4,0.004952002,3.142204,0.00061134641
par_prof,hal08,1000000,6,0.005936604,3.14222,0.00062734641
par_prof,hal08,1000000,6,0.004932774,3.143716,0.00212334641
par_prof,hal08,1000000,6,0.005826717,3.143716,0.00212334641
par_prof,hal08,1000000,6,0.00594853,3.143716,0.00212334641
par_prof,hal08,1000000,6,0.005869521,3.143716,0.00212334641
par_prof,hal08,1000000,8,0.004610202,3.14246,0.00086734641
par_prof,hal08,1000000,8,0.004970308,3.141256,0.00033665359
par_prof,hal08,1000000,8,0.004880174,3.141256,0.00033665359
par_prof,hal08,1000000,8,0.006001552,3.141256,0.00033665359
par_prof,hal08,1000000,8,0.004710718,3.141256,0.00033665359
par_prof,hal08,10000000,1,0.136910015,3.141014,0.00057865359
par_prof,hal08,10000000,1,0.134192208,3.1419188,0.00032614641
par_prof,hal08,10000000,1,0.137058455,3.1419188,0.00032614641
par_prof,hal08,10000000,1,0.138070964,3.142208,0.00061534641
par_prof,hal08,10000000,1,0.137795598,3.142208,0.00061534641
par_prof,hal08,10000000,2,0.073334081,3.1426156,0.00102294641
par_prof,hal08,10000000,2,0.073167475,3.1426156,0.00102294641
par_prof,hal08,10000000,2,0.071379566,3.1411724,0.00042025359
par_prof,hal08,10000000,2,0.072902601,3.1411724,0.00042025359
par_prof,hal08,10000000,2,0.071901745,3.1411724,0.00042025359
par_prof,hal08,10000000,4,0.041101766,3.1413364,0.00025625359
par_prof,hal08,10000000,4,0.040276923,3.1413364,0.00025625359
par_prof,hal08,10000000,4,0.041456135,3.1413364,0.00025625359
par_prof,hal08,10000000,4,0.039255042,3.1413364,0.00025625359
par_prof,hal08,10000000,4,0.040714757,3.1413364,0.00025625359
par_prof,hal08,10000000,6,0.042683114,3.1415812,1.145359e-05
par_prof,hal08,10000000,6,0.043461435,3.1415812,1.145359e-05
par_prof,hal08,10000000,6,0.046026056,3.1415812,1.145359e-05
par_prof,hal08,10000000,6,0.046104945,3.1415812,1.145359e-05
par_prof,hal08,10000000,6,0.045845822,3.1412436,0.00034905359
par_prof,hal08,10000000,8,0.036920765,3.1417824,0.00018974641
par_prof,hal08,10000000,8,0.036415521,3.1417824,0.00018974641
par_prof,hal08,10000000,8,0.036204381,3.1417824,0.00018974641
par_prof,hal08,10000000,8,0.03632993,3.1420708,0.00047814641
par_prof,hal08,10000000,8,0.03603114,3.1420708,0.00047814641
par_prof,hal08,100000000,1,1.284365006,3.14162392,3.126641e-05
par_prof,hal08,100000000,1,1.285787856,3.14164152,4.886641e-05
par_prof,hal08,100000000,1,1.287556943,3.14149324,9.941359e-05
par_prof,hal08,100000000,1,1.289759232,3.14186444,0.00027178641
par_prof,hal08,100000000,1,1.286020411,3.1418804,0.00028774641
par_prof,hal08,100000000,2,0.644921364,3.14148664,0.00010601359
par_prof,hal08,100000000,2,0.652553416,3.14165348,6.082641e-05
par_prof,hal08,100000000,2,0.652124171,3.14157984,1.281359e-05
par_prof,hal08,100000000,2,0.650864759,3.14160216,9.50641e-06
par_prof,hal08,100000000,2,0.653390896,3.141641,4.834641e-05
par_prof,hal08,100000000,4,0.341603947,3.14169264,9.998641e-05
par_prof,hal08,100000000,4,0.390524947,3.14169264,9.998641e-05
par_prof,hal08,100000000,4,0.344669097,3.14177472,0.00018206641
par_prof,hal08,100000000,4,0.343439905,3.14177472,0.00018206641
par_prof,hal08,100000000,4,0.337048912,3.14182104,0.00022838641
par_prof,hal08,100000000,6,0.395514694,3.1416938,0.00010114641
par_prof,hal08,100000000,6,0.389043247,3.14165848,6.582641e-05
par_prof,hal08,100000000,6,0.395006999,3.14153332,5.933359e-05
par_prof,hal08,100000000,6,0.384593148,3.14153332,5.933359e-05
par_prof,hal08,100000000,6,0.382822718,3.1415872,5.45359e-06
par_prof,hal08,100000000,8,0.304044472,3.14153904,5.361359e-05
par_prof,hal08,100000000,8,0.306394384,3.14152208,7.057359e-05
par_prof,hal08,100000000,8,0.305197475,3.14152208,7.057359e-05
par_prof,hal08,100000000,8,0.306186648,3.14163724,4.458641e-05
par_prof,hal08,100000000,8,0.305498676,3.14163724,4.458641e-05
par_prof,hal08,1000000000,1,12.77105388,3.141654836,6.218241e-05
par_prof,hal08,1000000000,1,12.772467991,3.141672604,7.995041e-05
par_prof,hal08,1000000000,1,12.790445755,3.141626236,3.358241e-05
par_prof,hal08,1000000000,1,12.790352436,3.141651052,5.839841e-05
par_prof,hal08,1000000000,1,12.797565898,3.141639904,4.725041e-05
par_prof,hal08,1000000000,2,6.45345689,3.1416129,2.024641e-05
par_prof,hal08,1000000000,2,6.445372997,3.14154682,4.583359e-05
par_prof,hal08,1000000000,2,6.441624286,3.14151308,7.957359e-05
par_prof,hal08,1000000000,2,6.461427114,3.141535764,5.688959e-05
par_prof,hal08,1000000000,2,6.43957854,3.141589856,2.79759e-06
par_prof,hal08,1000000000,4,3.40357375,3.141593356,7.0241e-07
par_prof,hal08,1000000000,4,3.401457494,3.1415186,7.405359e-05
par_prof,hal08,1000000000,4,3.398508463,3.141564332,2.832159e-05
par_prof,hal08,1000000000,4,3.41218816,3.141570884,2.176959e-05
par_prof,hal08,1000000000,4,3.409203114,3.141730232,0.00013757841
par_prof,hal08,1000000000,6,3.352725544,3.141648576,5.592241e-05
par_prof,hal08,1000000000,6,3.355492417,3.141602328,9.67441e-06
par_prof,hal08,1000000000,6,3.294600182,3.141589756,2.89759e-06
par_prof,hal08,1000000000,6,3.327585861,3.141605768,1.311441e-05
par_prof,hal08,1000000000,6,3.379710415,3.141592904,2.5041e-07
par_prof,hal08,1000000000,8,3.036033908,3.14154312,4.953359e-05
par_prof,hal08,1000000000,8,3.044815528,3.141586448,6.20559e-06
par_prof,hal08,1000000000,8,3.052480423,3.141628072,3.541841e-05
par_prof,hal08,1000000000,8,3.035571818,3.141581932,1.072159e-05
par_prof,hal08,1000000000,8,3.034713304,3.141614724,2.207041e-05
par_prof,hal08,10000000000,1,127.65152377,3.1416244484,3.179481e-05
par_prof,hal08,10000000000,1,127.650139701,3.1415930528,3.9921e-07
par_prof,hal08,10000000000,1,127.888246791,3.1415773636,1.528999e-05
par_prof,hal08,10000000000,1,127.638443536,3.1415978836,5.23001e-06
par_prof,hal08,10000000000,1,127.699947636,3.1415991576,6.50401e-06
par_prof,hal08,10000000000,2,64.309146942,3.1415927468,9.321e-08
par_prof,hal08,10000000000,2,64.33954308,3.1416019664,9.31281e-06
par_prof,hal08,10000000000,2,64.225345773,3.1416021864,9.53281e-06
par_prof,hal08,10000000000,2,64.372270861,3.1415784928,1.416079e-05
par_prof,hal08,10000000000,2,64.317312779,3.1415965588,3.90521e-06
par_prof,hal08,10000000000,4,34.334890074,3.1416168068,2.415321e-05
par_prof,hal08,10000000000,4,34.394822501,3.1416229228,3.026921e-05
par_prof,hal08,10000000000,4,34.520906812,3.1415953636,2.71001e-06
par_prof,hal08,10000000000,4,34.441044202,3.1415748656,1.778799e-05
par_prof,hal08,10000000000,4,34.46625178,3.1415903472,2.30639e-06
par_prof,hal08,10000000000,6,33.17711502,3.1415808484,1.180519e-05
par_prof,hal08,10000000000,6,33.104711958,3.141584324,8.32959e-06
par_prof,hal08,10000000000,6,33.045243834,3.1415653528,2.730079e-05
par_prof,hal08,10000000000,6,33.072986067,3.1415877424,4.91119e-06
par_prof,hal08,10000000000,6,33.078222615,3.1415900036,2.64999e-06
par_prof,hal08,10000000000,8,30.714910993,3.1415901828,2.47079e-06
par_prof,hal08,10000000000,8,30.657126515,3.1415735108,1.914279e-05
par_prof,hal08,10000000000,8,30.762900968,3.1416105248,1.787121e-05
par_prof,hal08,10000000000,8,30.74807852,3.14160513,1.247641e-05
par_prof,hal08,10000000000,8,30.7239392,3.1415794424,1.321119e-05
codigo,hal08,1000,1,6.454e-06,3.156,0.01440734641
codigo,hal08,1000,1,9.83e-06,3.168,0.02640734641
codigo,hal08,1000,1,9.474e-06,3.168,0.02640734641
codigo,hal08,1000,1,1.0082e-05,3.14,0.00159265359
codigo,hal08,1000,1,9.448e-06,3.132,0.00959265359
codigo,hal08,1000,2,7.3349e-05,3.156,0.01440734641
codigo,hal08,1000,2,7.4694e-05,3.14,0.00159265359
codigo,hal08,1000,2,8.1589e-05,3.136,0.00559265359
codigo,hal08,1000,2,7.2701e-05,3.152,0.01040734641
codigo,hal08,1000,2,7.6496e-05,3.124,0.01759265359
codigo,hal08,1000,4,9.0527e-05,3.128,0.01359265359
codigo,hal08,1000,4,0.000115852,3.156,0.01440734641
codigo,hal08,1000,4,0.000112825,3.128,0.01359265359
codigo,hal08,1000,4,0.000108985,3.144,0.00240734641
codigo,hal08,1000,4,0.000116536,3.128,0.01359265359
codigo,hal08,1000,6,0.000162019,3.144,0.00240734641
codigo,hal08,1000,6,0.000157242,3.188,0.04640734641
codigo,hal08,1000,6,0.000162571,3.148,0.00640734641
codigo,hal08,1000,6,0.000153025,3.148,0.00640734641
codigo,hal08,1000,6,0.000168269,3.12,0.02159265359
codigo,hal08,1000,8,0.000196691,3.156,0.01440734641
codigo,hal08,1000,8,0.000207752,3.132,0.00959265359
codigo,hal08,1000,8,0.000199595,3.112,0.02959265359
codigo,hal08,1000,8,0.000197024,3.156,0.01440734641
codigo,hal08,1000,8,0.000191006,3.128,0.01359265359
codigo,hal08,10000,1,4.6625e-05,3.1432,0.00160734641
codigo,hal08,10000,1,6.3462e-05,3.1424,0.00080734641
codigo,hal08,10000,1,4.6477e-05,3.1444,0.00280734641
codigo,hal08,10000,1,4.6505e-05,3.1384,0.00319265359
codigo,hal08,10000,1,4.6689e-05,3.136,0.00559265359
codigo,hal08,10000,2,0.000107809,3.1396,0.00199265359
codigo,hal08,10000,2,9.761e-05,3.14,0.00159265359
codigo,hal08,10000,2,0.000113899,3.146,0.00440734641
codigo,hal08,10000,2,9.8221e-05,3.1424,0.00080734641
codigo,hal08,10000,2,9.6142e-05,3.1436,0.00200734641
codigo,hal08,10000,4,0.000125906,3.1452,0.00360734641
codigo,hal08,10000,4,0.000119455,3.1396,0.00199265359
codigo,hal08,10000,4,0.000130962,3.1412,0.00039265359
codigo,hal08,10000,4,0.000130835,3.1344,0.00719265359
codigo,hal08,10000,4,0.000145401,3.1384,0.00319265359
codigo,hal08,10000,6,0.000161159,3.1424,0.00080734641
codigo,hal08,10000,6,0.000167865,3.1464,0.00480734641
codigo,hal08,10000,6,0.000178654,3.1456,0.00400734641
codigo,hal08,10000,6,0.000149378,3.1464,0.00480734641
codigo,hal08,10000,6,0.000162988,3.1412,0.00039265359
codigo,hal08,10000,8,0.0002209,3.1444,0.00280734641
codigo,hal08,10000,8,0.000202111,3.1436,0.00200734641
codigo,hal08,10000,8,0.000217852,3.1464,0.00480734641
codigo,hal08,10000,8,0.00020246,3.1456,0.00400734641
codigo,hal08,10000,8,0.000206003,3.1404,0.00119265359
codigo,hal08,100000,1,0.000410987,3.14196,0.00036734641
codigo,hal08,100000,1,0.000410421,3.14176,0.00016734641
codigo,hal08,100000,1,0.000410474,3.1412,0.00039265359
codigo,hal08,100000,1,0.000410636,3.14076,0.00083265359
codigo,hal08,100000,1,0.000396138,3.14068,0.00091265359
codigo,hal08,100000,2,0.000273603,3.1416,7.34641e-06
codigo,hal08,100000,2,0.000280049,3.14224,0.00064734641
codigo,hal08,100000,2,0.000276234,3.14156,3.265359e-05
codigo,hal08,100000,2,0.000273225,3.14248,0.00088734641
codigo,hal08,100000,2,0.000274329,3.1418,0.00020734641
codigo,hal08,100000,4,0.000209195,3.14136,0.00023265359
codigo,hal08,100000,4,0.000210987,3.14116,0.00043265359
codigo,hal08,100000,4,0.000169376,3.14204,0.00044734641
codigo,hal08,100000,4,0.000209986,3.1426,0.00100734641
codigo,hal08,100000,4,0.000208769,3.14256,0.00096734641
codigo,hal08,100000,6,0.000278953,3.14156,3.265359e-05
codigo,hal08,100000,6,0.000275765,3.14152,7.265359e-05
codigo,hal08,100000,6,0.000275752,3.14128,0.00031265359
codigo,hal08,100000,6,0.000286875,3.14148,0.00011265359
codigo,hal08,100000,6,0.000274509,3.14268,0.00108734641
codigo,hal08,100000,8,0.000283548,3.14152,7.265359e-05
codigo,hal08,100000,8,0.000308656,3.14132,0.00027265359
codigo,hal08,100000,8,0.000308495,3.13976,0.00183265359
codigo,hal08,100000,8,0.000302061,3.1416,7.34641e-06
codigo,hal08,100000,8,0.000295882,3.14184,0.00024734641
codigo,hal08,1000000,1,0.004049894,3.14164,4.734641e-05
codigo,hal08,1000000,1,0.00405522,3.141452,0.00014065359
codigo,hal08,1000000,1,0.004201377,3.141552,4.065359e-05
codigo,hal08,1000000,1,0.004050485,3.141632,3.934641e-05
codigo,hal08,1000000,1,0.004053622,3.14144,0.00015265359
codigo,hal08,1000000,2,0.002098269,3.14158,1.265359e-05
codigo,hal08,1000000,2,0.002108719,3.14156,3.265359e-05
codigo,hal08,1000000,2,0.001394997,3.14158,1.265359e-05
codigo,hal08,1000000,2,0.00209274,3.141652,5.934641e-05
codigo,hal08,1000000,2,0.002110224,3.141664,7.134641e-05
codigo,hal08,1000000,4,0.001111429,3.141516,7.665359e-05
codigo,hal08,1000000,4,0.001120975,3.14156,3.265359e-05
codigo,hal08,1000000,4,0.001281706,3.1416,7.34641e-06
codigo,hal08,1000000,4,0.001140925,3.141564,2.865359e-05
codigo,hal08,1000000,4,0.00117905,3.1418,0.00020734641
codigo,hal08,1000000,6,0.001360414,3.141636,4.334641e-05
codigo,hal08,1000000,6,0.001355854,3.141572,2.065359e-05
codigo,hal08,1000000,6,0.000960464,3.141584,8.65359e-06
codigo,hal08,1000000,6,0.001363876,3.141612,1.934641e-05
codigo,hal08,1000000,6,0.001376452,3.141492,0.00010065359
codigo,hal08,1000000,8,0.001235772,3.141544,4.865359e-05
codigo,hal08,1000000,8,0.00123912,3.141532,6.065359e-05
codigo,hal08,1000000,8,0.001108322,3.14158,1.265359e-05
codigo,hal08,1000000,8,0.001129307,3.141476,0.00011665359
codigo,hal08,1000000,8,0.001130447,3.141556,3.665359e-05
codigo,hal08,10000000,1,0.034016799,3.141614,2.134641e-05
codigo,hal08,10000000,1,0.028496523,3.1415604,3.225359e-05
codigo,hal08,10000000,1,0.0262758,3.1415996,6.94641e-06
codigo,hal08,10000000,1,0.034402661,3.141584,8.65359e-06
codigo,hal08,10000000,1,0.034433711,3.1415768,1.585359e-05
codigo,hal08,10000000,2,0.01886627,3.1415812,1.145359e-05
codigo,hal08,10000000,2,0.018770164,3.1415732,1.945359e-05
codigo,hal08,10000000,2,0.018649849,3.1415768,1.585359e-05
codigo,hal08,10000000,2,0.018719533,3.141582,1.065359e-05
codigo,hal08,10000000,2,0.0187924,3.1415808,1.185359e-05
codigo,hal08,10000000,4,0.009782441,3.1415932,5.4641e-07
codigo,hal08,10000000,4,0.009975814,3.1416168,2.414641e-05
codigo,hal08,10000000,4,0.009870322,3.1415972,4.54641e-06
codigo,hal08,10000000,4,0.009624721,3.1415848,7.85359e-06
codigo,hal08,10000000,4,0.00985631,3.1415952,2.54641e-06
codigo,hal08,10000000,6,0.011852456,3.1416088,1.614641e-05
codigo,hal08,10000000,6,0.011471918,3.1416032,1.054641e-05
codigo,hal08,10000000,6,0.011832404,3.141594,1.34641e-06
codigo,hal08,10000000,6,0.011588161,3.1415884,4.25359e-06
codigo,hal08,10000000,6,0.011770758,3.1416076,1.494641e-05
codigo,hal08,10000000,8,0.009105855,3.1415924,2.5359e-07
codigo,hal08,10000000,8,0.009051486,3.1415892,3.45359e-06
codigo,hal08,10000000,8,0.009345219,3.1415848,7.85359e-06
codigo,hal08,10000000,8,0.009307308,3.1416216,2.894641e-05
codigo,hal08,10000000,8,0.00915356,3.1415908,1.85359e-06
codigo,hal08,100000000,1,0.271231225,3.14158944,3.21359e-06
codigo,hal08,100000000,1,0.272106202,3.14158988,2.77359e-06
codigo,hal08,100000000,1,0.270744835,3.1415934,7.4641e-07
codigo,hal08,100000000,1,0.271251135,3.14158952,3.13359e-06
codigo,hal08,100000000,1,0.27105638,3.14158984,2.81359e-06
codigo,hal08,100000000,2,0.141005589,3.14159284,1.8641e-07
codigo,hal08,100000000,2,0.140834081,3.1415914,1.25359e-06
codigo,hal08,100000000,2,0.141177578,3.14159124,1.41359e-06
codigo,hal08,100000000,2,0.133551633,3.14159672,4.06641e-06
codigo,hal08,100000000,2,0.141117236,3.14158872,3.93359e-06
codigo,hal08,100000000,4,0.07577466,3.1415956,2.94641e-06
codigo,hal08,100000000,4,0.075496095,3.1415932,5.4641e-07
codigo,hal08,100000000,4,0.076353472,3.14159648,3.82641e-06
codigo,hal08,100000000,4,0.075491747,3.1415882,4.45359e-06
codigo,hal08,100000000,4,0.076451928,3.14159092,1.73359e-06
codigo,hal08,100000000,6,0.087755786,3.14159152,1.13359e-06
codigo,hal08,100000000,6,0.087155539,3.14159248,1.7359e-07
codigo,hal08,100000000,6,0.086807929,3.14159716,4.50641e-06
codigo,hal08,100000000,6,0.088218914,3.14159616,3.50641e-06
codigo,hal08,100000000,6,0.087725702,3.14159088,1.77359e-06
codigo,hal08,100000000,8,0.069546261,3.14159404,1.38641e-06
codigo,hal08,100000000,8,0.068227041,3.14159268,2.641e-08
codigo,hal08,100000000,8,0.067601823,3.1415882,4.45359e-06
codigo,hal08,100000000,8,0.068962421,3.14158976,2.89359e-06
codigo,hal08,100000000,8,0.069079395,3.14159484,2.18641e-06
codigo,hal08,1000000000,1,2.6347716,3.141592812,1.5841e-07
codigo,hal08,1000000000,1,2.625479846,3.141592224,4.2959e-07
codigo,hal08,1000000000,1,2.633860631,3.141591628,1.02559e-06
codigo,hal08,1000000000,1,2.624077156,3.14159292,2.6641e-07
codigo,hal08,1000000000,1,2.631870143,3.141592348,3.0559e-07
codigo,hal08,1000000000,2,1.331760138,3.141591984,6.6959e-07
codigo,hal08,1000000000,2,1.332355043,3.141592296,3.5759e-07
codigo,hal08,1000000000,2,1.331920471,3.14159294,2.8641e-07
codigo,hal08,1000000000,2,1.328116591,3.141592536,1.1759e-07
codigo,hal08,1000000000,2,1.325891862,3.141593452,7.9841e-07
codigo,hal08,1000000000,4,0.698264816,3.14159228,3.7359e-07
codigo,hal08,1000000000,4,0.698799946,3.141592516,1.3759e-07
codigo,hal08,1000000000,4,0.699321404,3.141591768,8.8559e-07
codigo,hal08,1000000000,4,0.697853372,3.141592064,5.8959e-07
codigo,hal08,1000000000,4,0.698577562,3.141593716,1.06241e-06
codigo,hal08,1000000000,6,0.740108631,3.141592136,5.1759e-07
codigo,hal08,1000000000,6,0.729581674,3.14159276,1.0641e-07
codigo,hal08,1000000000,6,0.792629126,3.141592272,3.8159e-07
codigo,hal08,1000000000,6,0.720643235,3.141592776,1.2241e-07
codigo,hal08,1000000000,6,0.743245942,3.141592056,5.9759e-07
codigo,hal08,1000000000,8,0.629147732,3.141592632,2.159e-08
codigo,hal08,1000000000,8,0.628590821,3.141593276,6.2241e-07
codigo,hal08,1000000000,8,0.630502045,3.141592588,6.559e-08
codigo,hal08,1000000000,8,0.627797007,3.1415929,2.4641e-07
codigo,hal08,1000000000,8,0.631085758,3.141591624,1.02959e-06
codigo,hal08,10000000000,1,26.265952575,3.1415926688,1.521e-08
codigo,hal08,10000000000,1,26.264428604,3.1415927748,1.2121e-07
codigo,hal08,10000000000,1,26.264369372,3.1415926588,5.21e-09
codigo,hal08,10000000000,1,26.264978912,3.141592506,1.4759e-07
codigo,hal08,10000000000,1,26.267906949,3.1415926584,4.81e-09
codigo,hal08,10000000000,2,13.237924815,3.1415926796,2.601e-08
codigo,hal08,10000000000,2,13.232353918,3.1415925792,7.439e-08
codigo,hal08,10000000000,2,13.238234827,3.1415925576,9.599e-08
codigo,hal08,10000000000,2,13.238592616,3.1415925164,1.3719e-07
codigo,hal08,10000000000,2,13.235298085,3.1415926976,4.401e-08
codigo,hal08,10000000000,4,6.91651422,3.141592694,4.041e-08
codigo,hal08,10000000000,4,6.927943645,3.1415927924,1.3881e-07
codigo,hal08,10000000000,4,6.93043607,3.1415926828,2.921e-08
codigo,hal08,10000000000,4,6.919791728,3.1415927316,7.801e-08
codigo,hal08,10000000000,4,6.915878524,3.1415924996,1.5399e-07
codigo,hal08,10000000000,6,6.699073126,3.1415925688,8.479e-08
codigo,hal08,10000000000,6,6.72874233,3.1415926456,7.99e-09
codigo,hal08,10000000000,6,6.724027143,3.1415926568,3.21e-09
codigo,hal08,10000000000,6,6.721880452,3.1415926148,3.879e-08
codigo,hal08,10000000000,6,6.689432363,3.1415926272,2.639e-08
codigo,hal08,10000000000,8,6.207991822,3.1415926748,2.121e-08
codigo,hal08,10000000000,8,6.212899852,3.141592742,8.841e-08
codigo,hal08,10000000000,8,6.224679571,3.1415926576,4.01e-09
codigo,hal08,10000000000,8,6.218167447,3.1415926176,3.599e-08
codigo,hal08,10000000000,8,6.223367696,3.141592758,1.0441e-07
seq_prof,hal04,1000,1,2.192e-05,3.1,0.04159265359
seq_prof,hal04,1000,1,2.2044e-05,3.1,0.04159265359
seq_prof,hal04,1000,1,1.5819e-05,3.1,0.04159265359
seq_prof,hal04,1000,1,2.1871e-05,3.1,0.04159265359
seq_prof,hal04,1000,1,2.1791e-05,3.172,0.03040734641
seq_prof,hal04,1000,1,2.1314e-05,3.172,0.03040734641
seq_prof,hal04,1000,1,2.1856e-05,3.172,0.03040734641
seq_prof,hal04,1000,1,2.3964e-05,3.172,0.03040734641
seq_prof,hal04,1000,1,2.142e-05,3.172,0.03040734641
seq_prof,hal04,1000,1,2.1786e-05,3.124,0.01759265359
seq_prof,hal04,1000,1,2.1692e-05,3.124,0.01759265359
seq_prof,hal04,1000,1,2.3939e-05,3.124,0.01759265359
seq_prof,hal04,1000,1,2.153e-05,3.124,0.01759265359
seq_prof,hal04,1000,1,2.1434e-05,3.124,0.01759265359
seq_prof,hal04,1000,1,2.1485e-05,3.156,0.01440734641
seq_prof,hal04,1000,1,2.3941e-05,3.156,0.01440734641
seq_prof,hal04,1000,1,2.1401e-05,3.156,0.01440734641
seq_prof,hal04,1000,1,2.1264e-05,3.156,0.01440734641
seq_prof,hal04,1000,1,2.1438e-05,3.156,0.01440734641
seq_prof,hal04,1000,1,2.1779e-05,3.12,0.02159265359
seq_prof,hal04,1000,1,2.4258e-05,3.12,0.02159265359
seq_prof,hal04,1000,1,2.1925e-05,3.12,0.02159265359
seq_prof,hal04,1000,1,2.1871e-05,3.12,0.02159265359
seq_prof,hal04,1000,1,2.1842e-05,3.12,0.02159265359
seq_prof,hal04,1000,1,2.1723e-05,3.196,0.05440734641
seq_prof,hal04,10000,1,0.000197199,3.1528,0.01120734641
seq_prof,hal04,10000,1,0.000197779,3.1528,0.01120734641
seq_prof,hal04,10000,1,0.000197,3.1528,0.01120734641
seq_prof,hal04,10000,1,0.000199585,3.1528,0.01120734641
seq_prof,hal04,10000,1,0.000197973,3.1552,0.01360734641
seq_prof,hal04,10000,1,0.000197579,3.1552,0.01360734641
seq_prof,hal04,10000,1,0.000197602,3.1552,0.01360734641
seq_prof,hal04,10000,1,0.000198112,3.1552,0.01360734641
seq_prof,hal04,10000,1,0.000199522,3.1552,0.01360734641
seq_prof,hal04,10000,1,0.000198784,3.1328,0.00879265359
seq_prof,hal04,10000,1,0.000198437,3.1328,0.00879265359
seq_prof,hal04,10000,1,0.000198172,3.1328,0.00879265359
seq_prof,hal04,10000,1,0.00012902,3.1328,0.00879265359
seq_prof,hal04,10000,1,0.000199884,3.1328,0.00879265359
seq_prof,hal04,10000,1,0.000197333,3.1588,0.01720734641
seq_prof,hal04,10000,1,0.000199144,3.1588,0.01720734641
seq_prof,hal04,10000,1,0.0001965,3.1588,0.01720734641
seq_prof,hal04,10000,1,0.00012781,3.1588,0.01720734641
seq_prof,hal04,10000,1,0.000197067,3.1588,0.01720734641
seq_prof,hal04,10000,1,0.000197607,3.1448,0.00320734641
seq_prof,hal04,10000,1,0.000197188,3.1448,0.00320734641
seq_prof,hal04,10000,1,0.000197839,3.1448,0.00320734641
seq_prof,hal04,10000,1,0.000128209,3.1448,0.00320734641
seq_prof,hal04,10000,1,0.000197936,3.1448,0.00320734641
seq_prof,hal04,10000,1,0.000197612,3.1448,0.00320734641
seq_prof,hal04,100000,1,0.001984225,3.13472,0.00687265359
seq_prof,hal04,100000,1,0.001976584,3.13472,0.00687265359
seq_prof,hal04,100000,1,0.001965645,3.13472,0.00687265359
seq_prof,hal04,100000,1,0.001971027,3.13472,0.00687265359
seq_prof,hal04,100000,1,0.001978802,3.13472,0.00687265359
seq_prof,hal04,100000,1,0.001955839,3.139,0.00259265359
seq_prof,hal04,100000,1,0.001956052,3.139,0.00259265359
seq_prof,hal04,100000,1,0.001976721,3.139,0.00259265359
seq_prof,hal04,100000,1,0.001955947,3.139,0.00259265359
seq_prof,hal04,100000,1,0.001961952,3.139,0.00259265359
seq_prof,hal04,100000,1,0.001985897,3.1366,0.00499265359
seq_prof,hal04,100000,1,0.001980103,3.1366,0.00499265359
seq_prof,hal04,100000,1,0.00211753,3.1366,0.00499265359
seq_prof,hal04,100000,1,0.001976483,3.1366,0.00499265359
seq_prof,hal04,100000,1,0.001976378,3.1366,0.00499265359
seq_prof,hal04,100000,1,0.001968932,3.1458,0.00420734641
seq_prof,hal04,100000,1,0.001956623,3.1458,0.00420734641
seq_prof,hal04,100000,1,0.001971412,3.1458,0.00420734641
seq_prof,hal04,100000,1,0.001958477,3.1458,0.00420734641
seq_prof,hal04,100000,1,0.001979094,3.1458,0.00420734641
seq_prof,hal04,100000,1,0.00192153,3.15188,0.01028734641
seq_prof,hal04,100000,1,0.001965394,3.15188,0.01028734641
seq_prof,hal04,100000,1,0.001957023,3.15188,0.01028734641
seq_prof,hal04,100000,1,0.001975021,3.15188,0.01028734641
seq_prof,hal04,100000,1,0.001949403,3.15188,0.01028734641
seq_prof,hal04,1000000,1,0.018183941,3.140416,0.00117665359
seq_prof,hal04,1000000,1,0.018462538,3.140416,0.00117665359
seq_prof,hal04,1000000,1,0.018412198,3.140416,0.00117665359
seq_prof,hal04,1000000,1,0.01855486,3.140416,0.00117665359
seq_prof,hal04,1000000,1,0.018441338,3.142276,0.00068334641
seq_prof,hal04,1000000,1,0.018409423,3.142276,0.00068334641
seq_prof,hal04,1000000,1,0.018274091,3.142276,0.00068334641
seq_prof,hal04,1000000,1,0.018174683,3.142276,0.00068334641
seq_prof,hal04,1000000,1,0.018017986,3.142276,0.00068334641
seq_prof,hal04,1000000,1,0.018385338,3.141616,2.334641e-05
seq_prof,hal04,1000000,1,0.018408056,3.141616,2.334641e-05
seq_prof,hal04,1000000,1,0.018399641,3.141616,2.334641e-05
seq_prof,hal04,1000000,1,0.012970432,3.141616,2.334641e-05
seq_prof,hal04,1000000,1,0.018025128,3.141616,2.334641e-05
seq_prof,hal04,1000000,1,0.018268106,3.140776,0.00081665359
seq_prof,hal04,1000000,1,0.018375249,3.140776,0.00081665359
seq_prof,hal04,1000000,1,0.01712416,3.140776,0.00081665359
seq_prof,hal04,1000000,1,0.018292445,3.140776,0.00081665359
seq_prof,hal04,1000000,1,0.018482966,3.140776,0.00081665359
seq_prof,hal04,1000000,1,0.018181055,3.141868,0.00027534641
seq_prof,hal04,1000000,1,0.018350475,3.141868,0.00027534641
seq_prof,hal04,1000000,1,0.018166617,3.141868,0.00027534641
seq_prof,hal04,1000000,1,0.018655154,3.141868,0.00027534641
seq_prof,hal04,1000000,1,0.018281953,3.14308,0.00148734641
seq_prof,hal04,1000000,1,0.018562303,3.14308,0.00148734641
seq_prof,hal04,10000000,1,0.137418691,3.1422136,0.00062094641
seq_prof,hal04,10000000,1,0.137466485,3.1422136,0.00062094641
seq_prof,hal04,10000000,1,0.136627528,3.1418972,0.00030454641
seq_prof,hal04,10000000,1,0.13711825,3.1418972,0.00030454641
seq_prof,hal04,10000000,1,0.1274356,3.1418972,0.00030454641
seq_prof,hal04,10000000,1,0.137698177,3.1414148,0.00017785359
seq_prof,hal04,10000000,1,0.137169653,3.1414148,0.00017785359
seq_prof,hal04,10000000,1,0.130296484,3.1414148,0.00017785359
seq_prof,hal04,10000000,1,0.13738989,3.1416196,2.694641e-05
seq_prof,hal04,10000000,1,0.13617988,3.1416196,2.694641e-05
seq_prof,hal04,10000000,1,0.127348617,3.1416196,2.694641e-05
seq_prof,hal04,10000000,1,0.137307953,3.1420712,0.00047854641
seq_prof,hal04,10000000,1,0.136215368,3.1420712,0.00047854641
seq_prof,hal04,10000000,1,0.13471374,3.1420712,0.00047854641
seq_prof,hal04,10000000,1,0.137927028,3.1424464,0.00085374641
seq_prof,hal04,10000000,1,0.139149902,3.1424464,0.00085374641
seq_prof,hal04,10000000,1,0.135168265,3.1424464,0.00085374641
seq_prof,hal04,10000000,1,0.136803957,3.1406028,0.00098985359
seq_prof,hal04,10000000,1,0.136891057,3.1406028,0.00098985359
seq_prof,hal04,10000000,1,0.136799608,3.1406028,0.00098985359
seq_prof,hal04,10000000,1,0.137051921,3.1408884,0.00070425359
seq_prof,hal04,10000000,1,0.137482197,3.1408884,0.00070425359
seq_prof,hal04,10000000,1,0.133009246,3.1408884,0.00070425359
seq_prof,hal04,10000000,1,0.137588015,3.1421832,0.00059054641
seq_prof,hal04,10000000,1,0.137370932,3.1421832,0.00059054641
seq_prof,hal04,100000000,1,1.28820035,3.14146708,0.00012557359
seq_prof,hal04,100000000,1,1.280020844,3.141636,4.334641e-05
seq_prof,hal04,100000000,1,1.277517633,3.14149352,9.913359e-05
seq_prof,hal04,100000000,1,1.2833184,3.1418366,0.00024394641
seq_prof,hal04,100000000,1,1.275602482,3.1416152,2.254641e-05
seq_prof,hal04,100000000,1,1.286271368,3.14160584,1.318641e-05
seq_prof,hal04,100000000,1,1.281745502,3.1417628,0.00017014641
seq_prof,hal04,100000000,1,1.286578417,3.14172408,0.00013142641
seq_prof,hal04,100000000,1,1.28980232,3.14138088,0.00021177359
seq_prof,hal04,100000000,1,1.284202975,3.14145288,0.00013977359
seq_prof,hal04,100000000,1,1.281581429,3.14153008,6.257359e-05
seq_prof,hal04,100000000,1,1.292168477,3.14181704,0.00022438641
seq_prof,hal04,100000000,1,1.282836776,3.14169744,0.00010478641
seq_prof,hal04,100000000,1,1.284763867,3.14165372,6.106641e-05
seq_prof,hal04,100000000,1,1.282423294,3.14170736,0.00011470641
seq_prof,hal04,100000000,1,1.283987734,3.14163936,4.670641e-05
seq_prof,hal04,100000000,1,1.286748587,3.14166916,7.650641e-05
seq_prof,hal04,100000000,1,1.28496867,3.14161648,2.382641e-05
seq_prof,hal04,100000000,1,1.287095971,3.14149892,9.373359e-05
seq_prof,hal04,100000000,1,1.282811348,3.14135804,0.00023461359
seq_prof,hal04,100000000,1,1.286799855,3.1419154,0.00032274641
seq_prof,hal04,100000000,1,1.287818575,3.14167984,8.718641e-05
seq_prof,hal04,100000000,1,1.286824011,3.1417318,0.00013914641
seq_prof,hal04,100000000,1,1.292891788,3.1414946,9.805359e-05
seq_prof,hal04,100000000,1,1.286529296,3.14170784,0.00011518641
seq_prof,hal04,1000000000,1,12.785572275,3.141465732,0.00012692159
seq_prof,hal04,1000000000,1,12.785060911,3.141575344,1.730959e-05
seq_prof,hal04,1000000000,1,12.747156907,3.141619372,2.671841e-05
seq_prof,hal04,1000000000,1,12.769815767,3.1414333,0.00015935359
seq_prof,hal04,1000000000,1,12.777043355,3.141596712,4.05841e-06
seq_prof,hal04,1000000000,1,12.753347105,3.141509784,8.286959e-05
seq_prof,hal04,1000000000,1,12.754134107,3.141532076,6.057759e-05
seq_prof,hal04,1000000000,1,12.756460821,3.141525884,6.676959e-05
seq_prof,hal04,1000000000,1,12.787872508,3.141630664,3.801041e-05
seq_prof,hal04,1000000000,1,12.771497321,3.141562488,3.016559e-05
seq_prof,hal04,1000000000,1,12.77065554,3.141540512,5.214159e-05
seq_prof,hal04,1000000000,1,12.757103483,3.141539052,5.360159e-05
seq_prof,hal04,1000000000,1,12.729463851,3.14153916,5.349359e-05
seq_prof,hal04,1000000000,1,12.7974595,3.141570304,2.234959e-05
seq_prof,hal04,1000000000,1,12.761643437,3.141671136,7.848241e-05
seq_prof,hal04,1000000000,1,12.758393416,3.14158762,5.03359e-06
seq_prof,hal04,1000000000,1,12.801555184,3.141562712,2.994159e-05
seq_prof,hal04,1000000000,1,12.782797081,3.141617724,2.507041e-05
seq_prof,hal04,1000000000,1,12.75905917,3.141555588,3.706559e-05
seq_prof,hal04,1000000000,1,12.783217136,3.141554584,3.806959e-05
seq_prof,hal04,1000000000,1,12.731223816,3.141628032,3.537841e-05
seq_prof,hal04,1000000000,1,12.822192574,3.14165574,6.308641e-05
seq_prof,hal04,1000000000,1,12.784419269,3.141620756,2.810241e-05
seq_prof,hal04,1000000000,1,12.753187738,3.141534664,5.798959e-05
seq_prof,hal04,1000000000,1,12.743117467,3.141682852,9.019841e-05
seq_prof,hal04,10000000000,1,127.784832311,3.1415969796,4.32601e-06
seq_prof,hal04,10000000000,1,127.520980394,3.14158691,5.74359e-06
seq_prof,hal04,10000000000,1,127.71266868,3.1415773744,1.527919e-05
seq_prof,hal04,10000000000,1,127.767249455,3.1415782496,1.440399e-05
seq_prof,hal04,10000000000,1,127.666416611,3.1415992036,6.55001e-06
seq_prof,hal04,10000000000,1,127.459138553,3.1415817196,1.093399e-05
seq_prof,hal04,10000000000,1,127.67587092,3.1415958728,3.21921e-06
seq_prof,hal04,10000000000,1,127.480565947,3.141614658,2.200441e-05
seq_prof,hal04,10000000000,1,127.432866802,3.1416032872,1.063361e-05
seq_prof,hal04,10000000000,1,128.251269056,3.1415996876,7.03401e-06
seq_prof,hal04,10000000000,1,127.493750495,3.1415815152,1.113839e-05
seq_prof,hal04,10000000000,1,127.661680698,3.1415976852,5.03161e-06
seq_prof,hal04,10000000000,1,127.707481698,3.1416194144,2.676081e-05
seq_prof,hal04,10000000000,1,127.509599097,3.1415655412,2.711239e-05
seq_prof,hal04,10000000000,1,127.440579886,3.141599024,6.37041e-06
seq_prof,hal04,10000000000,1,127.453959381,3.1416121564,1.950281e-05
seq_prof,hal04,10000000000,1,127.796828412,3.1415930344,3.8081e-07
seq_prof,hal04,10000000000,1,127.518775163,3.1415891808,3.47279e-06
seq_prof,hal04,10000000000,1,127.444709797,3.1416021548,9.50121e-06
seq_prof,hal04,10000000000,1,127.718639335,3.1416017224,9.06881e-06
seq_prof,hal04,10000000000,1,127.45306021,3.141609014,1.636041e-05
seq_prof,hal04,10000000000,1,127.855964128,3.1416026824,1.002881e-05
seq_prof,hal04,10000000000,1,127.395666898,3.1415933152,6.6161e-07
seq_prof,hal04,10000000000,1,127.407948242,3.1415940028,1.34921e-06
seq_prof,hal04,10000000000,1,127.688027114,3.1416029592,1.030561e-05
par_prof,hal04,1000,1,2.5551e-05,3.164,0.02240734641
par_prof,hal04,1000,1,2.5743e-05,3.164,0.02240734641
par_prof,hal04,1000,1,2.7797e-05,3.164,0.02240734641
par_prof,hal04,1000,1,2.6391e-05,3.164,0.02240734641
par_prof,hal04,1000,1,2.6267e-05,3.128,0.01359265359
par_prof,hal04,1000,2,8.9385e-05,3.076,0.06559265359
par_prof,hal04,1000,2,8.4415e-05,3.076,0.06559265359
par_prof,hal04,1000,2,8.8818e-05,3.076,0.06559265359
par_prof,hal04,1000,2,7.8977e-05,3.076,0.06559265359
par_prof,hal04,1000,2,9.0683e-05,3.1,0.04159265359
par_prof,hal04,1000,4,0.000121738,3.096,0.04559265359
par_prof,hal04,1000,4,0.000111402,3.096,0.04559265359
par_prof,hal04,1000,4,0.000128801,3.096,0.04559265359
par_prof,hal04,1000,4,0.000124867,3.096,0.04559265359
par_prof,hal04,1000,4,0.000125566,3.128,0.01359265359
par_prof,hal04,1000,6,0.000186512,3.108,0.03359265359
par_prof,hal04,1000,6,0.000163664,3.108,0.03359265359
par_prof,hal04,1000,6,0.000182247,3.108,0.03359265359
par_prof,hal04,1000,6,0.00013296,3.108,0.03359265359
par_prof,hal04,1000,6,0.000164816,3.108,0.03359265359
par_prof,hal04,1000,8,0.000225042,3.076,0.06559265359
par_prof,hal04,1000,8,0.00028547,3.076,0.06559265359
par_prof,hal04,1000,8,0.000218482,3.076,0.06559265359
par_prof,hal04,1000,8,0.000216729,3.076,0.06559265359
par_prof,hal04,1000,8,0.000220164,3.076,0.06559265359
par_prof,hal04,10000,1,0.000202399,3.1452,0.00360734641
par_prof,hal04,10000,1,0.000203376,3.1452,0.00360734641
par_prof,hal04,10000,1,0.000203514,3.1452,0.00360734641
par_prof,hal04,10000,1,0.000202336,3.1452,0.00360734641
par_prof,hal04,10000,1,0.000202612,3.1452,0.00360734641
par_prof,hal04,10000,2,0.000167906,3.1388,0.00279265359
par_prof,hal04,10000,2,0.000175026,3.1388,0.00279265359
par_prof,hal04,10000,2,0.000167453,3.1388,0.00279265359
par_prof,hal04,10000,2,0.000174599,3.1388,0.00279265359
par_prof,hal04,10000,2,0.000175118,3.1388,0.00279265359
par_prof,hal04,10000,4,0.000164294,3.1332,0.00839265359
par_prof,hal04,10000,4,0.000183279,3.1332,0.00839265359
par_prof,hal04,10000,4,0.000176165,3.1332,0.00839265359
par_prof,hal04,10000,4,0.000155529,3.1332,0.00839265359
par_prof,hal04,10000,4,0.000187731,3.1332,0.00839265359
par_prof,hal04,10000,6,0.000221822,3.1388,0.00279265359
par_prof,hal04,10000,6,0.000225126,3.1388,0.00279265359
par_prof,hal04,10000,6,0.000226568,3.1388,0.00279265359
par_prof,hal04,10000,6,0.00023043,3.1388,0.00279265359
par_prof,hal04,10000,6,0.000234084,3.1388,0.00279265359
par_prof,hal04,10000,8,0.000254492,3.1392,0.00239265359
par_prof,hal04,10000,8,0.000246308,3.1392,0.00239265359
par_prof,hal04,10000,8,0.00024929,3.1392,0.00239265359
par_prof,hal04,10000,8,0.000246003,3.1392,0.00239265359
par_prof,hal04,10000,8,0.000200076,3.1392,0.00239265359
par_prof,hal04,100000,1,0.001987555,3.14756,0.00596734641
par_prof,hal04,100000,1,0.001978031,3.14756,0.00596734641
par_prof,hal04,100000,1,0.001973731,3.14756,0.00596734641
par_prof,hal04,100000,1,0.001976723,3.14756,0.00596734641
par_prof,hal04,100000,1,0.001305532,3.14756,0.00596734641
par_prof,hal04,100000,2,0.001057198,3.13628,0.00531265359
par_prof,hal04,100000,2,0.001077282,3.13628,0.00531265359
par_prof,hal04,100000,2,0.001060464,3.13628,0.00531265359
par_prof,hal04,100000,2,0.001209901,3.13628,0.00531265359
par_prof,hal04,100000,2,0.001063233,3.13628,0.00531265359
par_prof,hal04,100000,4,0.000615539,3.13604,0.00555265359
par_prof,hal04,100000,4,0.000608508,3.13604,0.00555265359
par_prof,hal04,100000,4,0.00065225,3.13604,0.00555265359
par_prof,hal04,100000,4,0.000628818,3.13604,0.00555265359
par_prof,hal04,100000,4,0.000617937,3.13604,0.00555265359
par_prof,hal04,100000,6,0.000743675,3.1376,0.00399265359
par_prof,hal04,100000,6,0.000741245,3.1376,0.00399265359
par_prof,hal04,100000,6,0.000742989,3.1376,0.00399265359
par_prof,hal04,100000,6,0.000779315,3.1376,0.00399265359
par_prof,hal04,100000,6,0.000736177,3.1376,0.00399265359
par_prof,hal04,100000,8,0.001143705,3.13424,0.00735265359
par_prof,hal04,100000,8,0.00065266,3.13424,0.00735265359
par_prof,hal04,100000,8,0.000667993,3.13424,0.00735265359
par_prof,hal04,100000,8,0.000676741,3.13424,0.00735265359
par_prof,hal04,100000,8,0.000626861,3.13424,0.00735265359
par_prof,hal04,1000000,1,0.018431704,3.142704,0.00111134641
par_prof,hal04,1000000,1,0.018436468,3.142704,0.00111134641
par_prof,hal04,1000000,1,0.018170864,3.142704,0.00111134641
par_prof,hal04,1000000,1,0.018204117,3.142704,0.00111134641
par_prof,hal04,1000000,1,0.018131807,3.142704,0.00111134641
par_prof,hal04,1000000,2,0.009853508,3.140872,0.00072065359
par_prof,hal04,1000000,2,0.009819941,3.140872,0.00072065359
par_prof,hal04,1000000,2,0.008694656,3.140872,0.00072065359
par_prof,hal04,1000000,2,0.009802645,3.140872,0.00072065359
par_prof,hal04,1000000,2,0.009707673,3.140872,0.00072065359
par_prof,hal04,1000000,4,0.005037894,3.139864,0.00172865359
par_prof,hal04,1000000,4,0.005018278,3.139864,0.00172865359
par_prof,hal04,1000000,4,0.003462877,3.139864,0.00172865359
par_prof,hal04,1000000,4,0.005034264,3.139864,0.00172865359
par_prof,hal04,1000000,4,0.004659515,3.139452,0.00214065359
par_prof,hal04,1000000,6,0.005878552,3.140764,0.00082865359
par_prof,hal04,1000000,6,0.005875163,3.140764,0.00082865359
par_prof,hal04,1000000,6,0.005935828,3.140764,0.00082865359
par_prof,hal04,1000000,6,0.005866292,3.140764,0.00082865359
par_prof,hal04,1000000,6,0.005853941,3.14094,0.00065265359
par_prof,hal04,1000000,8,0.005205443,3.140048,0.00154465359
par_prof,hal04,1000000,8,0.004592847,3.140048,0.00154465359
par_prof,hal04,1000000,8,0.004617907,3.140048,0.00154465359
par_prof,hal04,1000000,8,0.004520209,3.140048,0.00154465359
par_prof,hal04,1000000,8,0.004552013,3.140664,0.00092865359
par_prof,hal04,10000000,1,0.136171749,3.141856,0.00026334641
par_prof,hal04,10000000,1,0.129219595,3.141856,0.00026334641
par_prof,hal04,10000000,1,0.136958974,3.141856,0.00026334641
par_prof,hal04,10000000,1,0.136103801,3.141038,0.00055465359
par_prof,hal04,10000000,1,0.129018427,3.141038,0.00055465359
par_prof,hal04,10000000,2,0.073306555,3.1416016,8.94641e-06
par_prof,hal04,10000000,2,0.073105856,3.1418904,0.00029774641
par_prof,hal04,10000000,2,0.07312116,3.1418904,0.00029774641
par_prof,hal04,10000000,2,0.072532387,3.1418904,0.00029774641
par_prof,hal04,10000000,2,0.073337376,3.1415212,7.145359e-05
par_prof,hal04,10000000,4,0.040608753,3.1421048,0.00051214641
par_prof,hal04,10000000,4,0.03848673,3.1421048,0.00051214641
par_prof,hal04,10000000,4,0.040350477,3.1421048,0.00051214641
par_prof,hal04,10000000,4,0.041881834,3.1421508,0.00055814641
par_prof,hal04,10000000,4,0.040735635,3.1421508,0.00055814641
par_prof,hal04,10000000,6,0.046111511,3.1417592,0.00016654641
par_prof,hal04,10000000,6,0.045175413,3.1417592,0.00016654641
par_prof,hal04,10000000,6,0.046050281,3.1415024,9.025359e-05
par_prof,hal04,10000000,6,0.046070677,3.1415024,9.025359e-05
par_prof,hal04,10000000,6,0.046445966,3.1415024,9.025359e-05
par_prof,hal04,10000000,8,0.037105237,3.1414876,0.00010505359
par_prof,hal04,10000000,8,0.038607277,3.1414876,0.00010505359
par_prof,hal04,10000000,8,0.036898829,3.141668,7.534641e-05
par_prof,hal04,10000000,8,0.036502175,3.141668,7.534641e-05
par_prof,hal04,10000000,8,0.036591044,3.141668,7.534641e-05
par_prof,hal04,100000000,1,1.288129972,3.14170784,0.00011518641
par_prof,hal04,100000000,1,1.2855333,3.14164672,5.406641e-05
par_prof,hal04,100000000,1,1.278428206,3.14125288,0.00033977359
par_prof,hal04,100000000,1,1.287109087,3.14173456,0.00014190641
par_prof,hal04,100000000,1,1.285389739,3.14164152,4.886641e-05
par_prof,hal04,100000000,2,0.653457387,3.14180628,0.00021362641
par_prof,hal04,100000000,2,0.650052655,3.14178968,0.00019702641
par_prof,hal04,100000000,2,0.655512154,3.14160772,1.506641e-05
par_prof,hal04,100000000,2,0.653506881,3.14160772,1.506641e-05
par_prof,hal04,100000000,2,0.648687206,3.14148664,0.00010601359
par_prof,hal04,100000000,4,0.345694148,3.14161492,2.226641e-05
par_prof,hal04,100000000,4,0.347363725,3.14141788,0.00017477359
par_prof,hal04,100000000,4,0.346499818,3.14141788,0.00017477359
par_prof,hal04,100000000,4,0.347224048,3.14141688,0.00017577359
par_prof,hal04,100000000,4,0.346470015,3.14141688,0.00017577359
par_prof,hal04,100000000,6,0.391963702,3.14146296,0.00012969359
par_prof,hal04,100000000,6,0.38707135,3.14156296,2.969359e-05
par_prof,hal04,100000000,6,0.39745024,3.14156296,2.969359e-05
par_prof,hal04,100000000,6,0.389106549,3.14166368,7.102641e-05
par_prof,hal04,100000000,6,0.39741585,3.14166368,7.102641e-05
par_prof,hal04,100000000,8,0.311407337,3.1416528,6.014641e-05
par_prof,hal04,100000000,8,0.338017116,3.1416528,6.014641e-05
par_prof,hal04,100000000,8,0.310117753,3.14161348,2.082641e-05
par_prof,hal04,100000000,8,0.309256165,3.14161348,2.082641e-05
par_prof,hal04,100000000,8,0.304426919,3.14165164,5.898641e-05
par_prof,hal04,1000000000,1,12.773381202,3.14156348,2.917359e-05
par_prof,hal04,1000000000,1,12.772794707,3.141666784,7.413041e-05
par_prof,hal04,1000000000,1,12.770595229,3.141589372,3.28159e-06
par_prof,hal04,1000000000,1,12.79684907,3.141574528,1.812559e-05
par_prof,hal04,1000000000,1,12.790652785,3.141574168,1.848559e-05
par_prof,hal04,1000000000,2,6.438169379,3.141567356,2.529759e-05
par_prof,hal04,1000000000,2,6.446178371,3.141600676,8.02241e-06
par_prof,hal04,1000000000,2,6.534967905,3.141544012,4.864159e-05
par_prof,hal04,1000000000,2,6.471597407,3.141676824,8.417041e-05
par_prof,hal04,1000000000,2,6.444839903,3.14168256,8.990641e-05
par_prof,hal04,1000000000,4,3.448504446,3.141571464,2.118959e-05
par_prof,hal04,1000000000,4,3.445555172,3.141593356,7.0241e-07
par_prof,hal04,1000000000,4,3.457911873,3.141535816,5.683759e-05
par_prof,hal04,1000000000,4,3.448144738,3.141540108,5.254559e-05
par_prof,hal04,1000000000,4,3.450164485,3.141570884,2.176959e-05
par_prof,hal04,1000000000,6,3.341884879,3.141694716,0.00010206241
par_prof,hal04,1000000000,6,3.319192698,3.141648576,5.592241e-05
par_prof,hal04,1000000000,6,3.349320254,3.141578828,1.382559e-05
par_prof,hal04,1000000000,6,3.331684073,3.141588284,4.36959e-06
par_prof,hal04,1000000000,6,3.398623321,3.141618752,2.609841e-05
par_prof,hal04,1000000000,8,3.071363615,3.141549748,4.290559e-05
par_prof,hal04,1000000000,8,3.072827818,3.141590444,2.20959e-06
par_prof,hal04,1000000000,8,3.082665746,3.141586448,6.20559e-06
par_prof,hal04,1000000000,8,3.080513386,3.141624048,3.139441e-05
par_prof,hal04,1000000000,8,3.076907093,3.141563676,2.897759e-05
par_prof,hal04,10000000000,1,127.643152167,3.1416223872,2.973361e-05
par_prof,hal04,10000000000,1,127.931744452,3.1415583764,3.427719e-05
par_prof,hal04,10000000000,1,127.623714081,3.1415754636,1.718999e-05
par_prof,hal04,10000000000,1,127.608390402,3.1416121628,1.950921e-05
par_prof,hal04,10000000000,1,127.96342929,3.1415913596,1.29399e-06
par_prof,hal04,10000000000,2,64.468572321,3.1415814188,1.123479e-05
par_prof,hal04,10000000000,2,64.349901212,3.1416135616,2.090801e-05
par_prof,hal04,10000000000,2,64.350847127,3.1416308956,3.824201e-05
par_prof,hal04,10000000000,2,64.478279916,3.141606464,1.381041e-05
par_prof,hal04,10000000000,2,64.355749814,3.1415984564,5.80281e-06
par_prof,hal04,10000000000,4,34.464193422,3.1416213496,2.869601e-05
par_prof,hal04,10000000000,4,34.618921056,3.141628612,3.595841e-05
par_prof,hal04,10000000000,4,34.661782021,3.1416131868,2.053321e-05
par_prof,hal04,10000000000,4,34.617679572,3.141573886,1.876759e-05
par_prof,hal04,10000000000,4,34.617361829,3.1416053032,1.264961e-05
par_prof,hal04,10000000000,6,33.691090886,3.1415858972,6.75639e-06
par_prof,hal04,10000000000,6,33.385848996,3.141584324,8.32959e-06
par_prof,hal04,10000000000,6,33.292901569,3.1415653528,2.730079e-05
par_prof,hal04,10000000000,6,33.355247046,3.1415877424,4.91119e-06
par_prof,hal04,10000000000,6,33.440189658,3.1415900036,2.64999e-06
par_prof,hal04,10000000000,8,31.034768033,3.1416002252,7.57161e-06
par_prof,hal04,10000000000,8,30.935843456,3.1415691128,2.354079e-05
par_prof,hal04,10000000000,8,31.00854915,3.1416205232,2.786961e-05
par_prof,hal04,10000000000,8,30.974802238,3.1416097124,1.705881e-05
par_prof,hal04,10000000000,8,30.977852563,3.1415931092,4.5561e-07
codigo,hal04,1000,1,9.561e-06,3.132,0.00959265359
codigo,hal04,1000,1,9.981e-06,3.16,0.01840734641
codigo,hal04,1000,1,9.462e-06,3.124,0.01759265359
codigo,hal04,1000,1,9.704e-06,3.168,0.02640734641
codigo,hal04,1000,1,9.476e-06,3.18,0.03840734641
codigo,hal04,1000,2,7.4993e-05,3.132,0.00959265359
codigo,hal04,1000,2,7.7697e-05,3.124,0.01759265359
codigo,hal04,1000,2,8.0031e-05,3.136,0.00559265359
codigo,hal04,1000,2,7.4253e-05,3.148,0.00640734641
codigo,hal04,1000,2,7.7166e-05,3.164,0.02240734641
codigo,hal04,1000,4,0.000110685,3.128,0.01359265359
codigo,hal04,1000,4,0.000118146,3.128,0.01359265359
codigo,hal04,1000,4,0.000113286,3.14,0.00159265359
codigo,hal04,1000,4,0.000111347,3.14,0.00159265359
codigo,hal04,1000,4,0.000110607,3.172,0.03040734641
codigo,hal04,1000,6,0.000152159,3.144,0.00240734641
codigo,hal04,1000,6,0.000144223,3.148,0.00640734641
codigo,hal04,1000,6,0.000154556,3.152,0.01040734641
codigo,hal04,1000,6,0.000155751,3.124,0.01759265359
codigo,hal04,1000,6,0.00014087,3.136,0.00559265359
codigo,hal04,1000,8,0.000188924,3.152,0.01040734641
codigo,hal04,1000,8,0.000201242,3.14,0.00159265359
codigo,hal04,1000,8,0.000204686,3.132,0.00959265359
codigo,hal04,1000,8,0.00020481,3.124,0.01759265359
codigo,hal04,1000,8,0.000197246,3.132,0.00959265359
codigo,hal04,10000,1,4.6787e-05,3.1404,0.00119265359
codigo,hal04,10000,1,4.6377e-05,3.1388,0.00279265359
codigo,hal04,10000,1,4.6617e-05,3.1464,0.00480734641
codigo,hal04,10000,1,9.5935e-05,3.1424,0.00080734641
codigo,hal04,10000,1,4.669e-05,3.1368,0.00479265359
codigo,hal04,10000,2,0.000101349,3.142,0.00040734641
codigo,hal04,10000,2,9.7081e-05,3.1424,0.00080734641
codigo,hal04,10000,2,0.000101452,3.1412,0.00039265359
codigo,hal04,10000,2,0.00010341,3.1392,0.00239265359
codigo,hal04,10000,2,9.9975e-05,3.1472,0.00560734641
codigo,hal04,10000,4,0.000117689,3.1436,0.00200734641
codigo,hal04,10000,4,0.000121098,3.1408,0.00079265359
codigo,hal04,10000,4,0.000122396,3.1392,0.00239265359
codigo,hal04,10000,4,0.000132074,3.1468,0.00520734641
codigo,hal04,10000,4,0.000120876,3.1468,0.00520734641
codigo,hal04,10000,6,0.000168881,3.1376,0.00399265359
codigo,hal04,10000,6,0.000123535,3.1424,0.00080734641
codigo,hal04,10000,6,0.000174062,3.1384,0.00319265359
codigo,hal04,10000,6,0.000166259,3.1484,0.00680734641
codigo,hal04,10000,6,0.000171115,3.1412,0.00039265359
codigo,hal04,10000,8,0.00020309,3.1416,7.34641e-06
codigo,hal04,10000,8,0.000205651,3.146,0.00440734641
codigo,hal04,10000,8,0.000205704,3.132,0.00959265359
codigo,hal04,10000,8,0.000221249,3.1384,0.00319265359
codigo,hal04,10000,8,0.000225983,3.1424,0.00080734641
codigo,hal04,100000,1,0.000411069,3.14096,0.00063265359
codigo,hal04,100000,1,0.000411497,3.14212,0.00052734641
codigo,hal04,100000,1,0.000411756,3.1416,7.34641e-06
codigo,hal04,100000,1,0.000410951,3.14216,0.00056734641
codigo,hal04,100000,1,0.0004107,3.14308,0.00148734641
codigo,hal04,100000,2,0.000276853,3.1416,7.34641e-06
codigo,hal04,100000,2,0.00028566,3.14168,8.734641e-05
codigo,hal04,100000,2,0.000275916,3.14172,0.00012734641
codigo,hal04,100000,2,0.000278773,3.14116,0.00043265359
codigo,hal04,100000,2,0.000278133,3.14192,0.00032734641
codigo,hal04,100000,4,0.000211459,3.14196,0.00036734641
codigo,hal04,100000,4,0.00020902,3.14056,0.00103265359
codigo,hal04,100000,4,0.000211611,3.14136,0.00023265359
codigo,hal04,100000,4,0.000220164,3.14064,0.00095265359
codigo,hal04,100000,4,0.000249385,3.14208,0.00048734641
codigo,hal04,100000,6,0.000288633,3.1412,0.00039265359
codigo,hal04,100000,6,0.000281791,3.14096,0.00063265359
codigo,hal04,100000,6,0.000268966,3.1418,0.00020734641
codigo,hal04,100000,6,0.000272714,3.1418,0.00020734641
codigo,hal04,100000,6,0.000267098,3.14124,0.00035265359
codigo,hal04,100000,8,0.000286695,3.1416,7.34641e-06
codigo,hal04,100000,8,0.00028259,3.14108,0.00051265359
codigo,hal04,100000,8,0.000312445,3.1414,0.00019265359
codigo,hal04,100000,8,0.000274661,3.14252,0.00092734641
codigo,hal04,100000,8,0.000286796,3.14096,0.00063265359
codigo,hal04,1000000,1,0.003917914,3.141596,3.34641e-06
codigo,hal04,1000000,1,0.004054399,3.141524,6.865359e-05
codigo,hal04,1000000,1,0.004025602,3.141788,0.00019534641
codigo,hal04,1000000,1,0.004056753,3.14158,1.265359e-05
codigo,hal04,1000000,1,0.004076549,3.141584,8.65359e-06
codigo,hal04,1000000,2,0.002100008,3.14168,8.734641e-05
codigo,hal04,1000000,2,0.002097591,3.141628,3.534641e-05
codigo,hal04,1000000,2,0.002100384,3.141536,5.665359e-05
codigo,hal04,1000000,2,0.002097069,3.141484,0.00010865359
codigo,hal04,1000000,2,0.002099703,3.141656,6.334641e-05
codigo,hal04,1000000,4,0.001129099,3.141492,0.00010065359
codigo,hal04,1000000,4,0.001129676,3.141392,0.00020065359
codigo,hal04,1000000,4,0.001120236,3.141528,6.465359e-05
codigo,hal04,1000000,4,0.001118575,3.14154,5.265359e-05
codigo,hal04,1000000,4,0.001127212,3.141552,4.065359e-05
codigo,hal04,1000000,6,0.001388283,3.141432,0.00016065359
codigo,hal04,1000000,6,0.001378094,3.141612,1.934641e-05
codigo,hal04,1000000,6,0.001380401,3.141652,5.934641e-05
codigo,hal04,1000000,6,0.001360648,3.141564,2.865359e-05
codigo,hal04,1000000,6,0.001372994,3.141748,0.00015534641
codigo,hal04,1000000,8,0.001104828,3.141552,4.065359e-05
codigo,hal04,1000000,8,0.001104193,3.14168,8.734641e-05
codigo,hal04,1000000,8,0.001115214,3.14156,3.265359e-05
codigo,hal04,1000000,8,0.001095965,3.141676,8.334641e-05
codigo,hal04,1000000,8,0.001131045,3.141592,6.5359e-07
codigo,hal04,10000000,1,0.034894378,3.141588,4.65359e-06
codigo,hal04,10000000,1,0.034484582,3.1416056,1.294641e-05
codigo,hal04,10000000,1,0.034860594,3.1416008,8.14641e-06
codigo,hal04,10000000,1,0.033804863,3.1415796,1.305359e-05
codigo,hal04,10000000,1,0.034617155,3.141576,1.665359e-05
codigo,hal04,10000000,2,0.018875187,3.141606,1.334641e-05
codigo,hal04,10000000,2,0.018787523,3.1415804,1.225359e-05
codigo,hal04,10000000,2,0.018849433,3.1416016,8.94641e-06
codigo,hal04,10000000,2,0.018829162,3.1415724,2.025359e-05
codigo,hal04,10000000,2,0.018876267,3.1415896,3.05359e-06
codigo,hal04,10000000,4,0.009795476,3.1415796,1.305359e-05
codigo,hal04,10000000,4,0.008665392,3.1415476,4.505359e-05
codigo,hal04,10000000,4,0.010038481,3.141598,5.34641e-06
codigo,hal04,10000000,4,0.009847429,3.141584,8.65359e-06
codigo,hal04,10000000,4,0.009966827,3.1415552,3.745359e-05
codigo,hal04,10000000,6,0.011738982,3.14158,1.265359e-05
codigo,hal04,10000000,6,0.011743789,3.1415904,2.25359e-06
codigo,hal04,10000000,6,0.011617576,3.141574,1.865359e-05
codigo,hal04,10000000,6,0.011540916,3.141608,1.534641e-05
codigo,hal04,10000000,6,0.011690457,3.141594,1.34641e-06
codigo,hal04,10000000,8,0.00935414,3.1416012,8.54641e-06
codigo,hal04,10000000,8,0.009906315,3.1415936,9.4641e-07
codigo,hal04,10000000,8,0.008929204,3.1415884,4.25359e-06
codigo,hal04,10000000,8,0.009429559,3.1415856,7.05359e-06
codigo,hal04,10000000,8,0.009107334,3.1416012,8.54641e-06
codigo,hal04,100000000,1,0.270348616,3.14159872,6.06641e-06
codigo,hal04,100000000,1,0.271942917,3.1415916,1.05359e-06
codigo,hal04,100000000,1,0.270374349,3.14159336,7.0641e-07
codigo,hal04,100000000,1,0.270619217,3.14159048,2.17359e-06
codigo,hal04,100000000,1,0.272750632,3.14159516,2.50641e-06
codigo,hal04,100000000,2,0.13981075,3.14158848,4.17359e-06
codigo,hal04,100000000,2,0.141371859,3.14159344,7.8641e-07
codigo,hal04,100000000,2,0.140874415,3.14159192,7.3359e-07
codigo,hal04,100000000,2,0.139229462,3.14159248,1.7359e-07
codigo,hal04,100000000,2,0.14136118,3.1415956,2.94641e-06
codigo,hal04,100000000,4,0.075923919,3.1415962,3.54641e-06
codigo,hal04,100000000,4,0.075571429,3.14158972,2.93359e-06
codigo,hal04,100000000,4,0.076536962,3.14159176,8.9359e-07
codigo,hal04,100000000,4,0.075399417,3.14159512,2.46641e-06
codigo,hal04,100000000,4,0.069751586,3.14159036,2.29359e-06
codigo,hal04,100000000,6,0.088265961,3.14159408,1.42641e-06
codigo,hal04,100000000,6,0.088626676,3.1415926,5.359e-08
codigo,hal04,100000000,6,0.08689298,3.14159264,1.359e-08
codigo,hal04,100000000,6,0.087525463,3.1415886,4.05359e-06
codigo,hal04,100000000,6,0.086808706,3.14158928,3.37359e-06
codigo,hal04,100000000,8,0.068952378,3.1415916,1.05359e-06
codigo,hal04,100000000,8,0.068985118,3.14159488,2.22641e-06
codigo,hal04,100000000,8,0.068323689,3.14159548,2.82641e-06
codigo,hal04,100000000,8,0.06831187,3.1415908,1.85359e-06
codigo,hal04,100000000,8,0.069270677,3.14159288,2.2641e-07
codigo,hal04,1000000000,1,2.633992607,3.141591908,7.4559e-07
codigo,hal04,1000000000,1,2.633092509,3.141593684,1.03041e-06
codigo,hal04,1000000000,1,2.63275591,3.141592912,2.5841e-07
codigo,hal04,1000000000,1,2.63300932,3.14159298,3.2641e-07
codigo,hal04,1000000000,1,2.631884749,3.141591488,1.16559e-06
codigo,hal04,1000000000,2,1.3317891,3.141593196,5.4241e-07
codigo,hal04,1000000000,2,1.331576062,3.141592504,1.4959e-07
codigo,hal04,1000000000,2,1.331215614,3.141591768,8.8559e-07
codigo,hal04,1000000000,2,1.333177578,3.141592696,4.241e-08
codigo,hal04,1000000000,2,1.332293209,3.141593292,6.3841e-07
codigo,hal04,1000000000,4,0.698653143,3.141592744,9.041e-08
codigo,hal04,1000000000,4,0.696510542,3.141592044,6.0959e-07
codigo,hal04,1000000000,4,0.697362507,3.141592008,6.4559e-07
codigo,hal04,1000000000,4,0.698548402,3.141590748,1.90559e-06
codigo,hal04,1000000000,4,0.698514542,3.141591976,6.7759e-07
codigo,hal04,1000000000,6,0.716636216,3.14159176,8.9359e-07
codigo,hal04,1000000000,6,0.760107361,3.141593632,9.7841e-07
codigo,hal04,1000000000,6,0.742608777,3.141592776,1.2241e-07
codigo,hal04,1000000000,6,0.71239299,3.141592596,5.759e-08
codigo,hal04,1000000000,6,0.814288887,3.141591816,8.3759e-07
codigo,hal04,1000000000,8,0.631469367,3.141592668,1.441e-08
codigo,hal04,1000000000,8,0.626383264,3.141593232,5.7841e-07
codigo,hal04,1000000000,8,0.628888595,3.14159204,6.1359e-07
codigo,hal04,1000000000,8,0.626609796,3.141592572,8.159e-08
codigo,hal04,1000000000,8,0.628274724,3.141592772,1.1841e-07
codigo,hal04,10000000000,1,26.266638975,3.141592526,1.2759e-07
codigo,hal04,10000000000,1,26.259262824,3.1415926044,4.919e-08
codigo,hal04,10000000000,1,26.245654582,3.1415926348,1.879e-08
codigo,hal04,10000000000,1,26.260536704,3.1415926768,2.321e-08
codigo,hal04,10000000000,1,26.247360161,3.1415926588,5.21e-09
codigo,hal04,10000000000,2,13.19866433,3.1415927776,1.2401e-07
codigo,hal04,10000000000,2,13.240799506,3.1415927252,7.161e-08
codigo,hal04,10000000000,2,13.23527008,3.1415927844,1.3081e-07
codigo,hal04,10000000000,2,13.248205625,3.141592544,1.0959e-07
codigo,hal04,10000000000,2,13.240711982,3.1415927636,1.1001e-07
codigo,hal04,10000000000,4,6.913770209,3.1415925296,1.2399e-07
codigo,hal04,10000000000,4,6.941692841,3.1415926808,2.721e-08
codigo,hal04,10000000000,4,6.915654553,3.1415928764,2.2281e-07
codigo,hal04,10000000000,4,6.914649722,3.1415927372,8.361e-08
codigo,hal04,10000000000,4,6.933765155,3.1415928324,1.7881e-07
codigo,hal04,10000000000,6,6.73841856,3.1415927936,1.4001e-07
codigo,hal04,10000000000,6,6.721345327,3.1415926716,1.801e-08
codigo,hal04,10000000000,6,6.724137971,3.1415926532,3.9e-10
codigo,hal04,10000000000,6,6.709813625,3.1415927668,1.1321e-07
codigo,hal04,10000000000,6,6.777987752,3.1415927596,1.0601e-07
codigo,hal04,10000000000,8,6.206880368,3.1415927376,8.401e-08
codigo,hal04,10000000000,8,6.219184993,3.141592716,6.241e-08
codigo,hal04,10000000000,8,6.221233057,3.1415925272,1.2639e-07
codigo,hal04,10000000000,8,6.2190159,3.1415926796,2.601e-08
codigo,hal04,10000000000,8,6.238294472,3.1415925788,7.479e-08
seq_prof,hal05,1000,1,2.114e-05,3.1,0.04159265359
seq_prof,hal05,1000,1,2.1819e-05,3.1,0.04159265359
seq_prof,hal05,1000,1,2.1374e-05,3.172,0.03040734641
seq_prof,hal05,1000,1,2.1765e-05,3.172,0.03040734641
seq_prof,hal05,1000,1,2.1478e-05,3.172,0.03040734641
seq_prof,hal05,1000,1,2.1274e-05,3.172,0.03040734641
seq_prof,hal05,1000,1,2.1425e-05,3.172,0.03040734641
seq_prof,hal05,1000,1,2.1669e-05,3.172,0.03040734641
seq_prof,hal05,1000,1,2.3987e-05,3.124,0.01759265359
seq_prof,hal05,1000,1,2.1835e-05,3.124,0.01759265359
seq_prof,hal05,1000,1,2.1536e-05,3.124,0.01759265359
seq_prof,hal05,1000,1,2.2729e-05,3.124,0.01759265359
seq_prof,hal05,1000,1,2.1961e-05,3.156,0.01440734641
seq_prof,hal05,1000,1,2.1619e-05,3.156,0.01440734641
seq_prof,hal05,1000,1,2.1585e-05,3.156,0.01440734641
seq_prof,hal05,1000,1,2.1645e-05,3.156,0.01440734641
seq_prof,hal05,1000,1,2.1365e-05,3.156,0.01440734641
seq_prof,hal05,1000,1,2.4126e-05,3.156,0.01440734641
seq_prof,hal05,1000,1,2.1845e-05,3.12,0.02159265359
seq_prof,hal05,1000,1,2.1817e-05,3.12,0.02159265359
seq_prof,hal05,1000,1,2.1817e-05,3.12,0.02159265359
seq_prof,hal05,1000,1,2.1698e-05,3.12,0.02159265359
seq_prof,hal05,1000,1,2.1706e-05,3.12,0.02159265359
seq_prof,hal05,1000,1,2.4089e-05,3.196,0.05440734641
seq_prof,hal05,1000,1,2.1296e-05,3.196,0.05440734641
seq_prof,hal05,10000,1,0.000208661,3.1528,0.01120734641
seq_prof,hal05,10000,1,0.000197301,3.1528,0.01120734641
seq_prof,hal05,10000,1,0.000197224,3.1528,0.01120734641
seq_prof,hal05,10000,1,0.000212922,3.1552,0.01360734641
seq_prof,hal05,10000,1,0.000197989,3.1552,0.01360734641
seq_prof,hal05,10000,1,0.000197679,3.1552,0.01360734641
seq_prof,hal05,10000,1,0.000197524,3.1552,0.01360734641
seq_prof,hal05,10000,1,0.000197655,3.1552,0.01360734641
seq_prof,hal05,10000,1,0.000198335,3.1328,0.00879265359
seq_prof,hal05,10000,1,0.000198422,3.1328,0.00879265359
seq_prof,hal05,10000,1,0.000200457,3.1328,0.00879265359
seq_prof,hal05,10000,1,0.00020101,3.1328,0.00879265359
seq_prof,hal05,10000,1,0.000198088,3.1328,0.00879265359
seq_prof,hal05,10000,1,0.000196646,3.1588,0.01720734641
seq_prof,hal05,10000,1,0.000197222,3.1588,0.01720734641
seq_prof,hal05,10000,1,0.000210895,3.1588,0.01720734641
seq_prof,hal05,10000,1,0.00020133,3.1588,0.01720734641
seq_prof,hal05,10000,1,0.000199287,3.1588,0.01720734641
seq_prof,hal05,10000,1,0.000196835,3.1588,0.01720734641
seq_prof,hal05,10000,1,0.000197169,3.1448,0.00320734641
seq_prof,hal05,10000,1,0.000197278,3.1448,0.00320734641
seq_prof,hal05,10000,1,0.000200133,3.1448,0.00320734641
seq_prof,hal05,10000,1,0.000198086,3.1448,0.00320734641
seq_prof,hal05,10000,1,0.000197329,3.1448,0.00320734641
seq_prof,hal05,10000,1,0.000220365,3.1176,0.02399265359
seq_prof,hal05,100000,1,0.001965058,3.13472,0.00687265359
seq_prof,hal05,100000,1,0.001992352,3.13472,0.00687265359
seq_prof,hal05,100000,1,0.001939658,3.13472,0.00687265359
seq_prof,hal05,100000,1,0.001973479,3.13472,0.00687265359
seq_prof,hal05,100000,1,0.001276498,3.139,0.00259265359
seq_prof,hal05,100000,1,0.001982786,3.139,0.00259265359
seq_prof,hal05,100000,1,0.001977247,3.139,0.00259265359
seq_prof,hal05,100000,1,0.001956441,3.139,0.00259265359
seq_prof,hal05,100000,1,0.0019769,3.139,0.00259265359
seq_prof,hal05,100000,1,0.001313264,3.1366,0.00499265359
seq_prof,hal05,100000,1,0.001975697,3.1366,0.00499265359
seq_prof,hal05,100000,1,0.001961653,3.1366,0.00499265359
seq_prof,hal05,100000,1,0.00211286,3.1366,0.00499265359
seq_prof,hal05,100000,1,0.001961909,3.1366,0.00499265359
seq_prof,hal05,100000,1,0.002032024,3.1458,0.00420734641
seq_prof,hal05,100000,1,0.001956274,3.1458,0.00420734641
seq_prof,hal05,100000,1,0.001952803,3.1458,0.00420734641
seq_prof,hal05,100000,1,0.001312762,3.1458,0.00420734641
seq_prof,hal05,100000,1,0.002035096,3.1458,0.00420734641
seq_prof,hal05,100000,1,0.00203417,3.15188,0.01028734641
seq_prof,hal05,100000,1,0.001878046,3.15188,0.01028734641
seq_prof,hal05,100000,1,0.001950866,3.15188,0.01028734641
seq_prof,hal05,100000,1,0.001957451,3.15188,0.01028734641
seq_prof,hal05,100000,1,0.001967171,3.15188,0.01028734641
seq_prof,hal05,100000,1,0.001971525,3.14836,0.00676734641
seq_prof,hal05,1000000,1,0.01803037,3.140416,0.00117665359
seq_prof,hal05,1000000,1,0.018474909,3.140416,0.00117665359
seq_prof,hal05,1000000,1,0.018014623,3.140416,0.00117665359
seq_prof,hal05,1000000,1,0.018209851,3.140416,0.00117665359
seq_prof,hal05,1000000,1,0.01719537,3.142276,0.00068334641
seq_prof,hal05,1000000,1,0.01855406,3.142276,0.00068334641
seq_prof,hal05,1000000,1,0.01784832,3.142276,0.00068334641
seq_prof,hal05,1000000,1,0.016905165,3.142276,0.00068334641
seq_prof,hal05,1000000,1,0.018775806,3.142276,0.00068334641
seq_prof,hal05,1000000,1,0.018333174,3.141616,2.334641e-05
seq_prof,hal05,1000000,1,0.018405365,3.141616,2.334641e-05
seq_prof,hal05,1000000,1,0.018218888,3.141616,2.334641e-05
seq_prof,hal05,1000000,1,0.017987602,3.141616,2.334641e-05
seq_prof,hal05,1000000,1,0.018502031,3.141616,2.334641e-05
seq_prof,hal05,1000000,1,0.017467203,3.140776,0.00081665359
seq_prof,hal05,1000000,1,0.018453527,3.140776,0.00081665359
seq_prof,hal05,1000000,1,0.018255638,3.140776,0.00081665359
seq_prof,hal05,1000000,1,0.018403576,3.140776,0.00081665359
seq_prof,hal05,1000000,1,0.018436728,3.141868,0.00027534641
seq_prof,hal05,1000000,1,0.017947617,3.141868,0.00027534641
seq_prof,hal05,1000000,1,0.018234252,3.141868,0.00027534641
seq_prof,hal05,1000000,1,0.018282868,3.141868,0.00027534641
seq_prof,hal05,1000000,1,0.018022358,3.141868,0.00027534641
seq_prof,hal05,1000000,1,0.018460319,3.14308,0.00148734641
seq_prof,hal05,1000000,1,0.01827051,3.14308,0.00148734641
seq_prof,hal05,10000000,1,0.137166351,3.1422136,0.00062094641
seq_prof,hal05,10000000,1,0.137976822,3.1422136,0.00062094641
seq_prof,hal05,10000000,1,0.136979008,3.1418972,0.00030454641
seq_prof,hal05,10000000,1,0.136896795,3.1418972,0.00030454641
seq_prof,hal05,10000000,1,0.135284905,3.1418972,0.00030454641
seq_prof,hal05,10000000,1,0.127721347,3.1414148,0.00017785359
seq_prof,hal05,10000000,1,0.136813667,3.1414148,0.00017785359
seq_prof,hal05,10000000,1,0.135245073,3.1414148,0.00017785359
seq_prof,hal05,10000000,1,0.134735252,3.1416196,2.694641e-05
seq_prof,hal05,10000000,1,0.135982173,3.1416196,2.694641e-05
seq_prof,hal05,10000000,1,0.136394124,3.1416196,2.694641e-05
seq_prof,hal05,10000000,1,0.135055569,3.1420712,0.00047854641
seq_prof,hal05,10000000,1,0.136413064,3.1420712,0.00047854641
seq_prof,hal05,10000000,1,0.137033705,3.1420712,0.00047854641
seq_prof,hal05,10000000,1,0.137257841,3.1424464,0.00085374641
seq_prof,hal05,10000000,1,0.136670123,3.1424464,0.00085374641
seq_prof,hal05,10000000,1,0.137233744,3.1424464,0.00085374641
seq_prof,hal05,10000000,1,0.128142641,3.1406028,0.00098985359
seq_prof,hal05,10000000,1,0.137089417,3.1406028,0.00098985359
seq_prof,hal05,10000000,1,0.136332842,3.1406028,0.00098985359
seq_prof,hal05,10000000,1,0.13648466,3.1408884,0.00070425359
seq_prof,hal05,10000000,1,0.136866974,3.1408884,0.00070425359
seq_prof,hal05,10000000,1,0.136556001,3.1408884,0.00070425359
seq_prof,hal05,10000000,1,0.136738336,3.1421832,0.00059054641
seq_prof,hal05,10000000,1,0.13752722,3.1421832,0.00059054641
seq_prof,hal05,100000000,1,1.286369789,3.14146708,0.00012557359
seq_prof,hal05,100000000,1,1.287294481,3.141636,4.334641e-05
seq_prof,hal05,100000000,1,1.28610692,3.14149352,9.913359e-05
seq_prof,hal05,100000000,1,1.277962008,3.1418366,0.00024394641
seq_prof,hal05,100000000,1,1.286597298,3.1416152,2.254641e-05
seq_prof,hal05,100000000,1,1.281582494,3.14160584,1.318641e-05
seq_prof,hal05,100000000,1,1.288048445,3.1417628,0.00017014641
seq_prof,hal05,100000000,1,1.280890757,3.14172408,0.00013142641
seq_prof,hal05,100000000,1,1.286930036,3.14138088,0.00021177359
seq_prof,hal05,100000000,1,1.285711934,3.14145288,0.00013977359
seq_prof,hal05,100000000,1,1.277942907,3.14153008,6.257359e-05
seq_prof,hal05,100000000,1,1.280646172,3.14131896,0.00027369359
seq_prof,hal05,100000000,1,1.275457151,3.14169744,0.00010478641
seq_prof,hal05,100000000,1,1.283746151,3.14165456,6.190641e-05
seq_prof,hal05,100000000,1,1.287027839,3.14170736,0.00011470641
seq_prof,hal05,100000000,1,1.283232932,3.1415734,1.925359e-05
seq_prof,hal05,100000000,1,1.286621136,3.14166916,7.650641e-05
seq_prof,hal05,100000000,1,1.283872753,3.14161648,2.382641e-05
seq_prof,hal05,100000000,1,1.286714064,3.14149892,9.373359e-05
seq_prof,hal05,100000000,1,1.286418643,3.14135804,0.00023461359
seq_prof,hal05,100000000,1,1.295436976,3.1419154,0.00032274641
seq_prof,hal05,100000000,1,1.285119926,3.14167984,8.718641e-05
seq_prof,hal05,100000000,1,1.284606892,3.1417318,0.00013914641
seq_prof,hal05,100000000,1,1.284124669,3.1414946,9.805359e-05
seq_prof,hal05,100000000,1,1.282658959,3.14170784,0.00011518641
seq_prof,hal05,1000000000,1,12.778257762,3.141465732,0.00012692159
seq_prof,hal05,1000000000,1,12.781307945,3.141575344,1.730959e-05
seq_prof,hal05,1000000000,1,12.787356284,3.141619372,2.671841e-05
seq_prof,hal05,1000000000,1,12.790842166,3.1414333,0.00015935359
seq_prof,hal05,1000000000,1,12.786024329,3.141596712,4.05841e-06
seq_prof,hal05,1000000000,1,12.769252744,3.141509784,8.286959e-05
seq_prof,hal05,1000000000,1,12.810840424,3.141532076,6.057759e-05
seq_prof,hal05,1000000000,1,12.835715069,3.141525884,6.676959e-05
seq_prof,hal05,1000000000,1,12.803558646,3.141630664,3.801041e-05
seq_prof,hal05,1000000000,1,12.798222108,3.141562488,3.016559e-05
seq_prof,hal05,1000000000,1,12.788121114,3.141540512,5.214159e-05
seq_prof,hal05,1000000000,1,12.764869029,3.141539052,5.360159e-05
seq_prof,hal05,1000000000,1,12.799293406,3.14153916,5.349359e-05
seq_prof,hal05,1000000000,1,12.826942804,3.141570304,2.234959e-05
seq_prof,hal05,1000000000,1,12.758201791,3.141671136,7.848241e-05
seq_prof,hal05,1000000000,1,12.78284544,3.14158762,5.03359e-06
seq_prof,hal05,1000000000,1,12.76908688,3.141562712,2.994159e-05
seq_prof,hal05,1000000000,1,12.761873021,3.141617724,2.507041e-05
seq_prof,hal05,1000000000,1,12.769636834,3.141555588,3.706559e-05
seq_prof,hal05,1000000000,1,12.766562135,3.141554584,3.806959e-05
seq_prof,hal05,1000000000,1,12.827962973,3.141628032,3.537841e-05
seq_prof,hal05,1000000000,1,12.758411468,3.14165574,6.308641e-05
seq_prof,hal05,1000000000,1,12.7603676,3.141620756,2.810241e-05
seq_prof,hal05,1000000000,1,12.755472239,3.141534664,5.798959e-05
seq_prof,hal05,1000000000,1,12.770778167,3.141682852,9.019841e-05
seq_prof,hal05,10000000000,1,127.792808246,3.1416121384,1.948481e-05
seq_prof,hal05,10000000000,1,127.947032215,3.1415751084,1.754519e-05
seq_prof,hal05,10000000000,1,127.902601999,3.1416133252,2.067161e-05
seq_prof,hal05,10000000000,1,127.802323055,3.1416037576,1.110401e-05
seq_prof,hal05,10000000000,1,127.497551273,3.1415563992,3.625439e-05
seq_prof,hal05,10000000000,1,127.743735807,3.1415817196,1.093399e-05
seq_prof,hal05,10000000000,1,127.512063603,3.1415958728,3.21921e-06
seq_prof,hal05,10000000000,1,128.217668298,3.141614658,2.200441e-05
seq_prof,hal05,10000000000,1,127.520822808,3.1415864204,6.23319e-06
seq_prof,hal05,10000000000,1,127.78977624,3.1416197744,2.712081e-05
seq_prof,hal05,10000000000,1,127.528118739,3.141580372,1.228159e-05
seq_prof,hal05,10000000000,1,127.522321301,3.1415780764,1.457719e-05
seq_prof,hal05,10000000000,1,127.498956081,3.1415730864,1.956719e-05
seq_prof,hal05,10000000000,1,127.510379438,3.1415655412,2.711239e-05
seq_prof,hal05,10000000000,1,127.520325593,3.1415800516,1.260199e-05
seq_prof,hal05,10000000000,1,127.847051884,3.1415655176,2.713599e-05
seq_prof,hal05,10000000000,1,128.197261253,3.1416031152,1.046161e-05
seq_prof,hal05,10000000000,1,127.835595043,3.1415808752,1.177839e-05
seq_prof,hal05,10000000000,1,127.919792163,3.1416076588,1.500521e-05
seq_prof,hal05,10000000000,1,129.789259908,3.1416133568,2.070321e-05
seq_prof,hal05,10000000000,1,127.929464593,3.1415960548,3.40121e-06
seq_prof,hal05,10000000000,1,127.523299158,3.1416029864,1.033281e-05
seq_prof,hal05,10000000000,1,127.473075033,3.1415713576,2.129599e-05
seq_prof,hal05,10000000000,1,127.848993929,3.1416049472,1.229361e-05
seq_prof,hal05,10000000000,1,127.560517684,3.1415780144,1.463919e-05
par_prof,hal05,1000,1,2.8058e-05,3.224,0.08240734641
par_prof,hal05,1000,1,2.5651e-05,3.224,0.08240734641
par_prof,hal05,1000,1,2.5238e-05,3.224,0.08240734641
par_prof,hal05,1000,1,2.8082e-05,3.224,0.08240734641
par_prof,hal05,1000,1,2.5602e-05,3.224,0.08240734641
par_prof,hal05,1000,2,8.6558e-05,3.128,0.01359265359
par_prof,hal05,1000,2,6.1015e-05,3.128,0.01359265359
par_prof,hal05,1000,2,8.5824e-05,3.128,0.01359265359
par_prof,hal05,1000,2,8.4328e-05,3.128,0.01359265359
par_prof,hal05,1000,2,7.9458e-05,3.128,0.01359265359
par_prof,hal05,1000,4,0.000115502,3.108,0.03359265359
par_prof,hal05,1000,4,0.000113795,3.108,0.03359265359
par_prof,hal05,1000,4,0.000137033,3.108,0.03359265359
par_prof,hal05,1000,4,0.000118031,3.108,0.03359265359
par_prof,hal05,1000,4,0.000118314,3.108,0.03359265359
par_prof,hal05,1000,6,0.000176697,3.132,0.00959265359
par_prof,hal05,1000,6,0.000174019,3.132,0.00959265359
par_prof,hal05,1000,6,0.000179408,3.132,0.00959265359
par_prof,hal05,1000,6,0.00018491,3.132,0.00959265359
par_prof,hal05,1000,6,0.000161677,3.132,0.00959265359
par_prof,hal05,1000,8,0.000213104,3.124,0.01759265359
par_prof,hal05,1000,8,0.000216685,3.124,0.01759265359
par_prof,hal05,1000,8,0.000230712,3.124,0.01759265359
par_prof,hal05,1000,8,0.000212454,3.124,0.01759265359
par_prof,hal05,1000,8,0.000214899,3.124,0.01759265359
par_prof,hal05,10000,1,0.000203094,3.1224,0.01919265359
par_prof,hal05,10000,1,0.000203068,3.1312,0.01039265359
par_prof,hal05,10000,1,0.000202879,3.1312,0.01039265359
par_prof,hal05,10000,1,0.000202986,3.1312,0.01039265359
par_prof,hal05,10000,1,0.000202335,3.1312,0.01039265359
par_prof,hal05,10000,2,0.00017779,3.1616,0.02000734641
par_prof,hal05,10000,2,0.000177618,3.1736,0.03200734641
par_prof,hal05,10000,2,0.000178445,3.1736,0.03200734641
par_prof,hal05,10000,2,0.000167569,3.1736,0.03200734641
par_prof,hal05,10000,2,0.000175115,3.1736,0.03200734641
par_prof,hal05,10000,4,0.000160999,3.1396,0.00199265359
par_prof,hal05,10000,4,0.000154445,3.1296,0.01199265359
par_prof,hal05,10000,4,0.000163391,3.1296,0.01199265359
par_prof,hal05,10000,4,0.000151125,3.1296,0.01199265359
par_prof,hal05,10000,4,0.000158856,3.1296,0.01199265359
par_prof,hal05,10000,6,0.000233024,3.1216,0.01999265359
par_prof,hal05,10000,6,0.000230115,3.1196,0.02199265359
par_prof,hal05,10000,6,0.000205781,3.1196,0.02199265359
par_prof,hal05,10000,6,0.000228744,3.1196,0.02199265359
par_prof,hal05,10000,6,0.000223033,3.1196,0.02199265359
par_prof,hal05,10000,8,0.000247615,3.1236,0.01799265359
par_prof,hal05,10000,8,0.000255091,3.1236,0.01799265359
par_prof,hal05,10000,8,0.000259406,3.1124,0.02919265359
par_prof,hal05,10000,8,0.000256179,3.1124,0.02919265359
par_prof,hal05,10000,8,0.000270385,3.1124,0.02919265359
par_prof,hal05,100000,1,0.001975486,3.1442,0.00260734641
par_prof,hal05,100000,1,0.002065773,3.1442,0.00260734641
par_prof,hal05,100000,1,0.001976682,3.13932,0.00227265359
par_prof,hal05,100000,1,0.001969602,3.13932,0.00227265359
par_prof,hal05,100000,1,0.00178883,3.13932,0.00227265359
par_prof,hal05,100000,2,0.001060051,3.139,0.00259265359
par_prof,hal05,100000,2,0.001056383,3.13832,0.00327265359
par_prof,hal05,100000,2,0.00105576,3.13832,0.00327265359
par_prof,hal05,100000,2,0.000690796,3.13832,0.00327265359
par_prof,hal05,100000,2,0.001059471,3.13832,0.00327265359
par_prof,hal05,100000,4,0.000668118,3.14044,0.00115265359
par_prof,hal05,100000,4,0.000604716,3.14044,0.00115265359
par_prof,hal05,100000,4,0.000616213,3.14072,0.00087265359
par_prof,hal05,100000,4,0.000607492,3.14072,0.00087265359
par_prof,hal05,100000,4,0.000629457,3.14072,0.00087265359
par_prof,hal05,100000,6,0.000744156,3.1344,0.00719265359
par_prof,hal05,100000,6,0.000754481,3.1344,0.00719265359
par_prof,hal05,100000,6,0.000727557,3.13548,0.00611265359
par_prof,hal05,100000,6,0.000749323,3.13548,0.00611265359
par_prof,hal05,100000,6,0.000761898,3.13548,0.00611265359
par_prof,hal05,100000,8,0.000533138,3.13576,0.00583265359
par_prof,hal05,100000,8,0.000657359,3.13576,0.00583265359
par_prof,hal05,100000,8,0.000643437,3.13612,0.00547265359
par_prof,hal05,100000,8,0.00063205,3.13612,0.00547265359
par_prof,hal05,100000,8,0.000668008,3.13612,0.00547265359
par_prof,hal05,1000000,1,0.016391361,3.141084,0.00050865359
par_prof,hal05,1000000,1,0.018374032,3.141084,0.00050865359
par_prof,hal05,1000000,1,0.018250933,3.141544,4.865359e-05
par_prof,hal05,1000000,1,0.0179957,3.141544,4.865359e-05
par_prof,hal05,1000000,1,0.017857877,3.141544,4.865359e-05
par_prof,hal05,1000000,2,0.009526366,3.140952,0.00064065359
par_prof,hal05,1000000,2,0.009648665,3.140952,0.00064065359
par_prof,hal05,1000000,2,0.009633827,3.142996,0.00140334641
par_prof,hal05,1000000,2,0.009624838,3.142996,0.00140334641
par_prof,hal05,1000000,2,0.009610927,3.142996,0.00140334641
par_prof,hal05,1000000,4,0.005031356,3.142204,0.00061134641
par_prof,hal05,1000000,4,0.004858723,3.142204,0.00061134641
par_prof,hal05,1000000,4,0.00509349,3.142484,0.00089134641
par_prof,hal05,1000000,4,0.005022033,3.142484,0.00089134641
par_prof,hal05,1000000,4,0.005101136,3.142484,0.00089134641
par_prof,hal05,1000000,6,0.00595127,3.143716,0.00212334641
par_prof,hal05,1000000,6,0.00587081,3.143716,0.00212334641
par_prof,hal05,1000000,6,0.0058632,3.142536,0.00094334641
par_prof,hal05,1000000,6,0.005892,3.142536,0.00094334641
par_prof,hal05,1000000,6,0.00590065,3.142536,0.00094334641
par_prof,hal05,1000000,8,0.004692782,3.141256,0.00033665359
par_prof,hal05,1000000,8,0.003510128,3.141256,0.00033665359
par_prof,hal05,1000000,8,0.004514243,3.142476,0.00088334641
par_prof,hal05,1000000,8,0.004796326,3.142476,0.00088334641
par_prof,hal05,1000000,8,0.004653608,3.142476,0.00088334641
par_prof,hal05,10000000,1,0.136137584,3.1419188,0.00032614641
par_prof,hal05,10000000,1,0.137822075,3.142208,0.00061534641
par_prof,hal05,10000000,1,0.138004314,3.142208,0.00061534641
par_prof,hal05,10000000,1,0.135966458,3.142208,0.00061534641
par_prof,hal05,10000000,1,0.136936401,3.1414688,0.00012385359
par_prof,hal05,10000000,2,0.073073716,3.1411724,0.00042025359
par_prof,hal05,10000000,2,0.072847709,3.1411724,0.00042025359
par_prof,hal05,10000000,2,0.073611134,3.1411724,0.00042025359
par_prof,hal05,10000000,2,0.070027468,3.1408932,0.00069945359
par_prof,hal05,10000000,2,0.072558008,3.1408932,0.00069945359
par_prof,hal05,10000000,4,0.039452399,3.1413364,0.00025625359
par_prof,hal05,10000000,4,0.040473797,3.1413364,0.00025625359
par_prof,hal05,10000000,4,0.040098884,3.1417596,0.00016694641
par_prof,hal05,10000000,4,0.04072192,3.1417596,0.00016694641
par_prof,hal05,10000000,4,0.040541038,3.1417596,0.00016694641
par_prof,hal05,10000000,6,0.046160296,3.1415812,1.145359e-05
par_prof,hal05,10000000,6,0.045850427,3.1412436,0.00034905359
par_prof,hal05,10000000,6,0.046292211,3.1412436,0.00034905359
par_prof,hal05,10000000,6,0.045411048,3.1412436,0.00034905359
par_prof,hal05,10000000,6,0.044127177,3.1412436,0.00034905359
par_prof,hal05,10000000,8,0.036303427,3.1420708,0.00047814641
par_prof,hal05,10000000,8,0.029883917,3.1420708,0.00047814641
par_prof,hal05,10000000,8,0.037140872,3.1420708,0.00047814641
par_prof,hal05,10000000,8,0.036115352,3.1420708,0.00047814641
par_prof,hal05,10000000,8,0.036587504,3.1420708,0.00047814641
par_prof,hal05,100000000,1,1.291393136,3.14173456,0.00014190641
par_prof,hal05,100000000,1,1.287156184,3.14164152,4.886641e-05
par_prof,hal05,100000000,1,1.281945594,3.14186444,0.00027178641
par_prof,hal05,100000000,1,1.285560814,3.14163096,3.830641e-05
par_prof,hal05,100000000,1,1.285849872,3.14153216,6.049359e-05
par_prof,hal05,100000000,2,0.654525398,3.14165348,6.082641e-05
par_prof,hal05,100000000,2,0.653200075,3.14157984,1.281359e-05
par_prof,hal05,100000000,2,0.652056969,3.14160216,9.50641e-06
par_prof,hal05,100000000,2,0.653937573,3.141641,4.834641e-05
par_prof,hal05,100000000,2,0.656368064,3.141641,4.834641e-05
par_prof,hal05,100000000,4,0.342475388,3.14169264,9.998641e-05
par_prof,hal05,100000000,4,0.343315905,3.14177472,0.00018206641
par_prof,hal05,100000000,4,0.390608299,3.14177472,0.00018206641
par_prof,hal05,100000000,4,0.343260739,3.14182104,0.00022838641
par_prof,hal05,100000000,4,0.33776317,3.14172172,0.00012906641
par_prof,hal05,100000000,6,0.394851303,3.14165848,6.582641e-05
par_prof,hal05,100000000,6,0.38915055,3.14153332,5.933359e-05
par_prof,hal05,100000000,6,0.384715309,3.14153332,5.933359e-05
par_prof,hal05,100000000,6,0.394105363,3.1415872,5.45359e-06
par_prof,hal05,100000000,6,0.394132622,3.1415872,5.45359e-06
par_prof,hal05,100000000,8,0.304193291,3.14152208,7.057359e-05
par_prof,hal05,100000000,8,0.29754207,3.14152208,7.057359e-05
par_prof,hal05,100000000,8,0.307279481,3.14163724,4.458641e-05
par_prof,hal05,100000000,8,0.302703469,3.14163724,4.458641e-05
par_prof,hal05,100000000,8,0.303544638,3.14158984,2.81359e-06
par_prof,hal05,1000000000,1,12.773290013,3.141654836,6.218241e-05
par_prof,hal05,1000000000,1,12.803417199,3.141672604,7.995041e-05
par_prof,hal05,1000000000,1,12.803231618,3.141626236,3.358241e-05
par_prof,hal05,1000000000,1,12.770022104,3.141651052,5.839841e-05
par_prof,hal05,1000000000,1,12.837244968,3.141639904,4.725041e-05
par_prof,hal05,1000000000,2,6.458218832,3.1416129,2.024641e-05
par_prof,hal05,1000000000,2,6.442342935,3.141632576,3.992241e-05
par_prof,hal05,1000000000,2,6.461893447,3.141548788,4.386559e-05
par_prof,hal05,1000000000,2,6.475932167,3.141535764,5.688959e-05
par_prof,hal05,1000000000,2,6.460771967,3.141613736,2.108241e-05
par_prof,hal05,1000000000,4,3.375864031,3.14155316,3.949359e-05
par_prof,hal05,1000000000,4,3.387844011,3.141535816,5.683759e-05
par_prof,hal05,1000000000,4,3.458885084,3.141540108,5.254559e-05
par_prof,hal05,1000000000,4,3.372806028,3.141570884,2.176959e-05
par_prof,hal05,1000000000,4,3.384274835,3.141689216,9.656241e-05
par_prof,hal05,1000000000,6,3.313370256,3.141624496,3.184241e-05
par_prof,hal05,1000000000,6,3.34813947,3.141578828,1.382559e-05
par_prof,hal05,1000000000,6,3.298403845,3.141588284,4.36959e-06
par_prof,hal05,1000000000,6,3.330501442,3.141618752,2.609841e-05
par_prof,hal05,1000000000,6,3.32384053,3.141628176,3.552241e-05
par_prof,hal05,1000000000,8,3.035827182,3.141590444,2.20959e-06
par_prof,hal05,1000000000,8,3.037977925,3.141586448,6.20559e-06
par_prof,hal05,1000000000,8,3.041443123,3.141624048,3.139441e-05
par_prof,hal05,1000000000,8,3.035109416,3.141563676,2.897759e-05
par_prof,hal05,1000000000,8,3.036406442,3.141593792,1.13841e-06
par_prof,hal05,10000000000,1,127.987847055,3.1416244484,3.179481e-05
par_prof,hal05,10000000000,1,128.112785328,3.1415998232,7.16961e-06
par_prof,hal05,10000000000,1,127.999563555,3.1415874508,5.20279e-06
par_prof,hal05,10000000000,1,128.036906376,3.1415990764,6.42281e-06
par_prof,hal05,10000000000,1,127.999588075,3.1415806088,1.204479e-05
par_prof,hal05,10000000000,2,64.520004097,3.1415830212,9.63239e-06
par_prof,hal05,10000000000,2,64.435485029,3.1415995236,6.87001e-06
par_prof,hal05,10000000000,2,64.959346322,3.14158256,1.009359e-05
par_prof,hal05,10000000000,2,64.3765776,3.1415905228,2.13079e-06
par_prof,hal05,10000000000,2,64.495885062,3.141590526,2.12759e-06
par_prof,hal05,10000000000,4,33.983444843,3.141562194,3.045959e-05
par_prof,hal05,10000000000,4,34.254729903,3.1415961564,3.50281e-06
par_prof,hal05,10000000000,4,34.361117069,3.1415964536,3.80001e-06
par_prof,hal05,10000000000,4,34.35722572,3.1415637676,2.888599e-05
par_prof,hal05,10000000000,4,34.353529979,3.1416020004,9.34681e-06
par_prof,hal05,10000000000,6,34.264613439,3.1415837032,8.95039e-06
par_prof,hal05,10000000000,6,32.892281614,3.1416054996,1.284601e-05
par_prof,hal05,10000000000,6,33.059309623,3.1416041876,1.153401e-05
par_prof,hal05,10000000000,6,33.64105271,3.1415895512,3.10239e-06
par_prof,hal05,10000000000,6,32.942351159,3.1416065268,1.387321e-05
par_prof,hal05,10000000000,8,30.482506675,3.1416054252,1.277161e-05
par_prof,hal05,10000000000,8,30.509447986,3.1415480304,4.462319e-05
par_prof,hal05,10000000000,8,30.558568758,3.1416227892,3.013561e-05
par_prof,hal05,10000000000,8,30.592007731,3.141610372,1.771841e-05
par_prof,hal05,10000000000,8,30.593019723,3.141596876,4.22241e-06
codigo,hal05,1000,1,6.529e-06,3.132,0.00959265359
codigo,hal05,1000,1,9.638e-06,3.112,0.02959265359
codigo,hal05,1000,1,9.578e-06,3.112,0.02959265359
codigo,hal05,1000,1,9.294e-06,3.144,0.00240734641
codigo,hal05,1000,1,9.514e-06,3.152,0.01040734641
codigo,hal05,1000,2,7.6027e-05,3.164,0.02240734641
codigo,hal05,1000,2,7.5461e-05,3.144,0.00240734641
codigo,hal05,1000,2,7.779e-05,3.136,0.00559265359
codigo,hal05,1000,2,8.0995e-05,3.136,0.00559265359
codigo,hal05,1000,2,7.7536e-05,3.14,0.00159265359
codigo,hal05,1000,4,0.000102782,3.124,0.01759265359
codigo,hal05,1000,4,0.000114528,3.136,0.00559265359
codigo,hal05,1000,4,0.000109877,3.152,0.01040734641
codigo,hal05,1000,4,0.000117288,3.164,0.02240734641
codigo,hal05,1000,4,0.000124258,3.132,0.00959265359
codigo,hal05,1000,6,0.00017409,3.164,0.02240734641
codigo,hal05,1000,6,0.000156132,3.152,0.01040734641
codigo,hal05,1000,6,0.000136444,3.144,0.00240734641
codigo,hal05,1000,6,0.000153036,3.1,0.04159265359
codigo,hal05,1000,6,0.000158822,3.116,0.02559265359
codigo,hal05,1000,8,0.00019047,3.156,0.01440734641
codigo,hal05,1000,8,0.00019143,3.148,0.00640734641
codigo,hal05,1000,8,0.000206648,3.132,0.00959265359
codigo,hal05,1000,8,0.000200598,3.116,0.02559265359
codigo,hal05,1000,8,0.000208266,3.156,0.01440734641
codigo,hal05,10000,1,3.0441e-05,3.1404,0.00119265359
codigo,hal05,10000,1,4.6502e-05,3.1392,0.00239265359
codigo,hal05,10000,1,4.6545e-05,3.144,0.00240734641
codigo,hal05,10000,1,4.6585e-05,3.1416,7.34641e-06
codigo,hal05,10000,1,4.6315e-05,3.1384,0.00319265359
codigo,hal05,10000,2,9.4501e-05,3.1436,0.00200734641
codigo,hal05,10000,2,9.5855e-05,3.1352,0.00639265359
codigo,hal05,10000,2,6.0029e-05,3.1412,0.00039265359
codigo,hal05,10000,2,9.0799e-05,3.1448,0.00320734641
codigo,hal05,10000,2,0.000101419,3.1448,0.00320734641
codigo,hal05,10000,4,0.000118939,3.1408,0.00079265359
codigo,hal05,10000,4,0.000121812,3.1408,0.00079265359
codigo,hal05,10000,4,0.000122937,3.1428,0.00120734641
codigo,hal05,10000,4,0.00012113,3.1428,0.00120734641
codigo,hal05,10000,4,0.000123381,3.1372,0.00439265359
codigo,hal05,10000,6,0.000174842,3.1424,0.00080734641
codigo,hal05,10000,6,0.000161887,3.1448,0.00320734641
codigo,hal05,10000,6,0.000157933,3.144,0.00240734641
codigo,hal05,10000,6,0.000170964,3.1416,7.34641e-06
codigo,hal05,10000,6,0.000171376,3.1408,0.00079265359
codigo,hal05,10000,8,0.000254223,3.14,0.00159265359
codigo,hal05,10000,8,0.000203673,3.1504,0.00880734641
codigo,hal05,10000,8,0.000195942,3.1388,0.00279265359
codigo,hal05,10000,8,0.000202739,3.142,0.00040734641
codigo,hal05,10000,8,0.000205715,3.146,0.00440734641
codigo,hal05,100000,1,0.000410597,3.1418,0.00020734641
codigo,hal05,100000,1,0.000411069,3.14196,0.00036734641
codigo,hal05,100000,1,0.000267493,3.142,0.00040734641
codigo,hal05,100000,1,0.000410637,3.14172,0.00012734641
codigo,hal05,100000,1,0.000410812,3.1414,0.00019265359
codigo,hal05,100000,2,0.000275103,3.14032,0.00127265359
codigo,hal05,100000,2,0.000212133,3.14108,0.00051265359
codigo,hal05,100000,2,0.000276369,3.14256,0.00096734641
codigo,hal05,100000,2,0.000276408,3.14088,0.00071265359
codigo,hal05,100000,2,0.000304982,3.14228,0.00068734641
codigo,hal05,100000,4,0.00020394,3.14144,0.00015265359
codigo,hal05,100000,4,0.000210346,3.14076,0.00083265359
codigo,hal05,100000,4,0.000211238,3.14208,0.00048734641
codigo,hal05,100000,4,0.000219965,3.14036,0.00123265359
codigo,hal05,100000,4,0.000247039,3.1408,0.00079265359
codigo,hal05,100000,6,0.000285019,3.14196,0.00036734641
codigo,hal05,100000,6,0.000275294,3.14256,0.00096734641
codigo,hal05,100000,6,0.000275066,3.14044,0.00115265359
codigo,hal05,100000,6,0.000281103,3.14296,0.00136734641
codigo,hal05,100000,6,0.000284123,3.141,0.00059265359
codigo,hal05,100000,8,0.000282302,3.1412,0.00039265359
codigo,hal05,100000,8,0.000279116,3.14156,3.265359e-05
codigo,hal05,100000,8,0.000293351,3.14148,0.00011265359
codigo,hal05,100000,8,0.000300931,3.1418,0.00020734641
codigo,hal05,100000,8,0.000386477,3.14156,3.265359e-05
codigo,hal05,1000000,1,0.004079757,3.141624,3.134641e-05
codigo,hal05,1000000,1,0.004076471,3.14166,6.734641e-05
codigo,hal05,1000000,1,0.004062195,3.14162,2.734641e-05
codigo,hal05,1000000,1,0.002751547,3.141568,2.465359e-05
codigo,hal05,1000000,1,0.004126237,3.141648,5.534641e-05
codigo,hal05,1000000,2,0.002299942,3.14156,3.265359e-05
codigo,hal05,1000000,2,0.0021737,3.141608,1.534641e-05
codigo,hal05,1000000,2,0.002112494,3.14158,1.265359e-05
codigo,hal05,1000000,2,0.001728224,3.141488,0.00010465359
codigo,hal05,1000000,2,0.002095701,3.14166,6.734641e-05
codigo,hal05,1000000,4,0.001123923,3.141584,8.65359e-06
codigo,hal05,1000000,4,0.001118998,3.14168,8.734641e-05
codigo,hal05,1000000,4,0.001147087,3.141528,6.465359e-05
codigo,hal05,1000000,4,0.0008303,3.141828,0.00023534641
codigo,hal05,1000000,4,0.00114686,3.141584,8.65359e-06
codigo,hal05,1000000,6,0.001378836,3.14146,0.00013265359
codigo,hal05,1000000,6,0.0013597,3.141504,8.865359e-05
codigo,hal05,1000000,6,0.001367335,3.141664,7.134641e-05
codigo,hal05,1000000,6,0.001374937,3.14168,8.734641e-05
codigo,hal05,1000000,6,0.00136784,3.141572,2.065359e-05
codigo,hal05,1000000,8,0.001100316,3.141536,5.665359e-05
codigo,hal05,1000000,8,0.001108839,3.141572,2.065359e-05
codigo,hal05,1000000,8,0.000783594,3.141464,0.00012865359
codigo,hal05,1000000,8,0.001228639,3.141504,8.865359e-05
codigo,hal05,1000000,8,0.001111493,3.141648,5.534641e-05
codigo,hal05,10000000,1,0.033977722,3.141606,1.334641e-05
codigo,hal05,10000000,1,0.034109727,3.141576,1.665359e-05
codigo,hal05,10000000,1,0.030325887,3.1416052,1.254641e-05
codigo,hal05,10000000,1,0.034739001,3.1415888,3.85359e-06
codigo,hal05,10000000,1,0.034712513,3.1415876,5.05359e-06
codigo,hal05,10000000,2,0.018888223,3.1416024,9.74641e-06
codigo,hal05,10000000,2,0.018322061,3.1415816,1.105359e-05
codigo,hal05,10000000,2,0.018867915,3.1415936,9.4641e-07
codigo,hal05,10000000,2,0.01713535,3.1415848,7.85359e-06
codigo,hal05,10000000,2,0.019135024,3.1415904,2.25359e-06
codigo,hal05,10000000,4,0.009983504,3.1415992,6.54641e-06
codigo,hal05,10000000,4,0.009802977,3.1416172,2.454641e-05
codigo,hal05,10000000,4,0.010085583,3.1415856,7.05359e-06
codigo,hal05,10000000,4,0.009906628,3.1415932,5.4641e-07
codigo,hal05,10000000,4,0.009910037,3.1416088,1.614641e-05
codigo,hal05,10000000,6,0.011849424,3.1416112,1.854641e-05
codigo,hal05,10000000,6,0.011709825,3.1416028,1.014641e-05
codigo,hal05,10000000,6,0.011549696,3.14159,2.65359e-06
codigo,hal05,10000000,6,0.011565292,3.141604,1.134641e-05
codigo,hal05,10000000,6,0.01163877,3.1416248,3.214641e-05
codigo,hal05,10000000,8,0.00901789,3.1415952,2.54641e-06
codigo,hal05,10000000,8,0.009013798,3.141596,3.34641e-06
codigo,hal05,10000000,8,0.009798199,3.1416028,1.014641e-05
codigo,hal05,10000000,8,0.009014205,3.14161,1.734641e-05
codigo,hal05,10000000,8,0.007272822,3.14158,1.265359e-05
codigo,hal05,100000000,1,0.270805497,3.14159448,1.82641e-06
codigo,hal05,100000000,1,0.262996201,3.14159572,3.06641e-06
codigo,hal05,100000000,1,0.272340228,3.14159276,1.0641e-07
codigo,hal05,100000000,1,0.270131406,3.14159184,8.1359e-07
codigo,hal05,100000000,1,0.271429882,3.1415876,5.05359e-06
codigo,hal05,100000000,2,0.140151305,3.1415908,1.85359e-06
codigo,hal05,100000000,2,0.141220951,3.14159404,1.38641e-06
codigo,hal05,100000000,2,0.141390245,3.14158976,2.89359e-06
codigo,hal05,100000000,2,0.140536226,3.14159068,1.97359e-06
codigo,hal05,100000000,2,0.140472887,3.14159428,1.62641e-06
codigo,hal05,100000000,4,0.076285462,3.14159196,6.9359e-07
codigo,hal05,100000000,4,0.075607099,3.14159268,2.641e-08
codigo,hal05,100000000,4,0.07594417,3.14159324,5.8641e-07
codigo,hal05,100000000,4,0.073875618,3.1415876,5.05359e-06
codigo,hal05,100000000,4,0.075871891,3.14159332,6.6641e-07
codigo,hal05,100000000,6,0.087522423,3.1415886,4.05359e-06
codigo,hal05,100000000,6,0.087340929,3.1415908,1.85359e-06
codigo,hal05,100000000,6,0.087946468,3.14159364,9.8641e-07
codigo,hal05,100000000,6,0.087727974,3.14159212,5.3359e-07
codigo,hal05,100000000,6,0.088241147,3.1415936,9.4641e-07
codigo,hal05,100000000,8,0.068742227,3.1415884,4.25359e-06
codigo,hal05,100000000,8,0.069146014,3.141593,3.4641e-07
codigo,hal05,100000000,8,0.069111116,3.141591,1.65359e-06
codigo,hal05,100000000,8,0.068990625,3.14159388,1.22641e-06
codigo,hal05,100000000,8,0.067563591,3.1416004,7.74641e-06
codigo,hal05,1000000000,1,2.636175681,3.141592312,3.4159e-07
codigo,hal05,1000000000,1,2.637692473,3.141592344,3.0959e-07
codigo,hal05,1000000000,1,2.626736843,3.14159302,3.6641e-07
codigo,hal05,1000000000,1,2.63361247,3.141591692,9.6159e-07
codigo,hal05,1000000000,1,2.639560205,3.141592624,2.959e-08
codigo,hal05,1000000000,2,1.334255955,3.141592884,2.3041e-07
codigo,hal05,1000000000,2,1.322609572,3.141592232,4.2159e-07
codigo,hal05,1000000000,2,1.323172345,3.141591576,1.07759e-06
codigo,hal05,1000000000,2,1.330595773,3.141591984,6.6959e-07
codigo,hal05,1000000000,2,1.327586663,3.141592728,7.441e-08
codigo,hal05,1000000000,4,0.697945872,3.141594348,1.69441e-06
codigo,hal05,1000000000,4,0.697834673,3.141593072,4.1841e-07
codigo,hal05,1000000000,4,0.692254563,3.141592692,3.841e-08
codigo,hal05,1000000000,4,0.692728263,3.14159318,5.2641e-07
codigo,hal05,1000000000,4,0.697850504,3.141592068,5.8559e-07
codigo,hal05,1000000000,6,0.782965189,3.141592836,1.8241e-07
codigo,hal05,1000000000,6,0.752979911,3.14159282,1.6641e-07
codigo,hal05,1000000000,6,0.806494341,3.141592964,3.1041e-07
codigo,hal05,1000000000,6,0.752163632,3.141592352,3.0159e-07
codigo,hal05,1000000000,6,0.755241162,3.141592952,2.9841e-07
codigo,hal05,1000000000,8,0.629415237,3.141592628,2.559e-08
codigo,hal05,1000000000,8,0.631379807,3.141591856,7.9759e-07
codigo,hal05,1000000000,8,0.629199349,3.141592836,1.8241e-07
codigo,hal05,1000000000,8,0.628817218,3.141592496,1.5759e-07
codigo,hal05,1000000000,8,0.62580773,3.141591844,8.0959e-07
codigo,hal05,10000000000,1,26.276590355,3.1415926116,4.199e-08
codigo,hal05,10000000000,1,26.271255812,3.1415926632,9.61e-09
codigo,hal05,10000000000,1,26.278267214,3.1415927112,5.761e-08
codigo,hal05,10000000000,1,26.286079787,3.1415926372,1.639e-08
codigo,hal05,10000000000,1,26.270508911,3.1415927232,6.961e-08
codigo,hal05,10000000000,2,13.252380745,3.141592594,5.959e-08
codigo,hal05,10000000000,2,13.200131861,3.1415926452,8.39e-09
codigo,hal05,10000000000,2,13.247783847,3.1415927816,1.2801e-07
codigo,hal05,10000000000,2,13.196411651,3.1415925152,1.3839e-07
codigo,hal05,10000000000,2,13.251743076,3.141592794,1.4041e-07
codigo,hal05,10000000000,4,6.919263946,3.1415925552,9.839e-08
codigo,hal05,10000000000,4,6.934980533,3.141592706,5.241e-08
codigo,hal05,10000000000,4,6.943965074,3.1415926896,3.601e-08
codigo,hal05,10000000000,4,6.922850092,3.1415925348,1.1879e-07
codigo,hal05,10000000000,4,6.920951966,3.1415926312,2.239e-08
codigo,hal05,10000000000,6,6.717062432,3.1415928672,2.1361e-07
codigo,hal05,10000000000,6,6.716633139,3.141592966,3.1241e-07
codigo,hal05,10000000000,6,6.725530743,3.1415926924,3.881e-08
codigo,hal05,10000000000,6,6.702993462,3.141592486,1.6759e-07
codigo,hal05,10000000000,6,6.75251857,3.1415928096,1.5601e-07
codigo,hal05,10000000000,8,6.20578554,3.1415926804,2.681e-08
codigo,hal05,10000000000,8,6.221757436,3.1415928028,1.4921e-07
codigo,hal05,10000000000,8,6.224905974,3.141592462,1.9159e-07
codigo,hal05,10000000000,8,6.233150513,3.1415925468,1.0679e-07
codigo,hal05,10000000000,8,6.219722766,3.1415926868,3.321e-08
seq_prof,hal09,1000,1,2.1979e-05,3.1,0.04159265359
seq_prof,hal09,1000,1,2.1786e-05,3.1,0.04159265359
seq_prof,hal09,1000,1,2.1787e-05,3.1,0.04159265359
seq_prof,hal09,1000,1,2.4127e-05,3.172,0.03040734641
seq_prof,hal09,1000,1,1.3947e-05,3.172,0.03040734641
seq_prof,hal09,1000,1,2.1255e-05,3.172,0.03040734641
seq_prof,hal09,1000,1,2.1242e-05,3.172,0.03040734641
seq_prof,hal09,1000,1,2.1293e-05,3.172,0.03040734641
seq_prof,hal09,1000,1,2.1586e-05,3.124,0.01759265359
seq_prof,hal09,1000,1,2.1706e-05,3.124,0.01759265359
seq_prof,hal09,1000,1,2.404e-05,3.124,0.01759265359
seq_prof,hal09,1000,1,2.1671e-05,3.124,0.01759265359
seq_prof,hal09,1000,1,2.4441e-05,3.124,0.01759265359
seq_prof,hal09,1000,1,2.3888e-05,3.156,0.01440734641
seq_prof,hal09,1000,1,2.1356e-05,3.156,0.01440734641
seq_prof,hal09,1000,1,2.4338e-05,3.156,0.01440734641
seq_prof,hal09,1000,1,2.1723e-05,3.156,0.01440734641
seq_prof,hal09,1000,1,2.1479e-05,3.156,0.01440734641
seq_prof,hal09,1000,1,2.168e-05,3.12,0.02159265359
seq_prof,hal09,1000,1,2.167e-05,3.12,0.02159265359
seq_prof,hal09,1000,1,2.4484e-05,3.12,0.02159265359
seq_prof,hal09,1000,1,2.1747e-05,3.12,0.02159265359
seq_prof,hal09,1000,1,2.2056e-05,3.12,0.02159265359
seq_prof,hal09,1000,1,2.1609e-05,3.196,0.05440734641
seq_prof,hal09,1000,1,2.1451e-05,3.196,0.05440734641
seq_prof,hal09,10000,1,0.000197593,3.1528,0.01120734641
seq_prof,hal09,10000,1,0.000197302,3.1528,0.01120734641
seq_prof,hal09,10000,1,0.000197268,3.1528,0.01120734641
seq_prof,hal09,10000,1,0.000212305,3.1552,0.01360734641
seq_prof,hal09,10000,1,0.00020025,3.1552,0.01360734641
seq_prof,hal09,10000,1,0.000198052,3.1552,0.01360734641
seq_prof,hal09,10000,1,0.000198384,3.1552,0.01360734641
seq_prof,hal09,10000,1,0.000197766,3.1552,0.01360734641
seq_prof,hal09,10000,1,0.000200954,3.1552,0.01360734641
seq_prof,hal09,10000,1,0.000129114,3.1328,0.00879265359
seq_prof,hal09,10000,1,0.000200618,3.1328,0.00879265359
seq_prof,hal09,10000,1,0.000198032,3.1328,0.00879265359
seq_prof,hal09,10000,1,0.000200476,3.1328,0.00879265359
seq_prof,hal09,10000,1,0.000200982,3.1328,0.00879265359
seq_prof,hal09,10000,1,0.000196979,3.1588,0.01720734641
seq_prof,hal09,10000,1,0.000197208,3.1588,0.01720734641
seq_prof,hal09,10000,1,0.000197174,3.1588,0.01720734641
seq_prof,hal09,10000,1,0.000204922,3.1588,0.01720734641
seq_prof,hal09,10000,1,0.000209181,3.1588,0.01720734641
seq_prof,hal09,10000,1,0.000199563,3.1448,0.00320734641
seq_prof,hal09,10000,1,0.000197873,3.1448,0.00320734641
seq_prof,hal09,10000,1,0.000197468,3.1448,0.00320734641
seq_prof,hal09,10000,1,0.000190026,3.1448,0.00320734641
seq_prof,hal09,10000,1,0.000200052,3.1448,0.00320734641
seq_prof,hal09,10000,1,0.000198871,3.1176,0.02399265359
seq_prof,hal09,100000,1,0.00196199,3.13472,0.00687265359
seq_prof,hal09,100000,1,0.001970632,3.13472,0.00687265359
seq_prof,hal09,100000,1,0.001981097,3.13472,0.00687265359
seq_prof,hal09,100000,1,0.001959686,3.13472,0.00687265359
seq_prof,hal09,100000,1,0.002118797,3.139,0.00259265359
seq_prof,hal09,100000,1,0.001275653,3.139,0.00259265359
seq_prof,hal09,100000,1,0.00197368,3.139,0.00259265359
seq_prof,hal09,100000,1,0.002042199,3.139,0.00259265359
seq_prof,hal09,100000,1,0.001969015,3.139,0.00259265359
seq_prof,hal09,100000,1,0.001968263,3.1366,0.00499265359
seq_prof,hal09,100000,1,0.001960613,3.1366,0.00499265359
seq_prof,hal09,100000,1,0.001959335,3.1366,0.00499265359
seq_prof,hal09,100000,1,0.001962102,3.1366,0.00499265359
seq_prof,hal09,100000,1,0.001977064,3.1366,0.00499265359
seq_prof,hal09,100000,1,0.001965164,3.1458,0.00420734641
seq_prof,hal09,100000,1,0.001962425,3.1458,0.00420734641
seq_prof,hal09,100000,1,0.00197069,3.1458,0.00420734641
seq_prof,hal09,100000,1,0.00197329,3.1458,0.00420734641
seq_prof,hal09,100000,1,0.001969566,3.1458,0.00420734641
seq_prof,hal09,100000,1,0.001970048,3.15188,0.01028734641
seq_prof,hal09,100000,1,0.001980651,3.15188,0.01028734641
seq_prof,hal09,100000,1,0.001991601,3.15188,0.01028734641
seq_prof,hal09,100000,1,0.00196879,3.15188,0.01028734641
seq_prof,hal09,100000,1,0.001951352,3.15188,0.01028734641
seq_prof,hal09,100000,1,0.002017688,3.14836,0.00676734641
seq_prof,hal09,1000000,1,0.018322732,3.140416,0.00117665359
seq_prof,hal09,1000000,1,0.018592373,3.140416,0.00117665359
seq_prof,hal09,1000000,1,0.018445727,3.140416,0.00117665359
seq_prof,hal09,1000000,1,0.016470043,3.140416,0.00117665359
seq_prof,hal09,1000000,1,0.017179415,3.142276,0.00068334641
seq_prof,hal09,1000000,1,0.018208016,3.142276,0.00068334641
seq_prof,hal09,1000000,1,0.01827417,3.142276,0.00068334641
seq_prof,hal09,1000000,1,0.018541576,3.142276,0.00068334641
seq_prof,hal09,1000000,1,0.018513234,3.142276,0.00068334641
seq_prof,hal09,1000000,1,0.018363873,3.141616,2.334641e-05
seq_prof,hal09,1000000,1,0.018289089,3.141616,2.334641e-05
seq_prof,hal09,1000000,1,0.018297514,3.141616,2.334641e-05
seq_prof,hal09,1000000,1,0.018289514,3.141616,2.334641e-05
seq_prof,hal09,1000000,1,0.018346751,3.140776,0.00081665359
seq_prof,hal09,1000000,1,0.01814473,3.140776,0.00081665359
seq_prof,hal09,1000000,1,0.018397254,3.140776,0.00081665359
seq_prof,hal09,1000000,1,0.018079641,3.140776,0.00081665359
seq_prof,hal09,1000000,1,0.018467927,3.140776,0.00081665359
seq_prof,hal09,1000000,1,0.018554216,3.141868,0.00027534641
seq_prof,hal09,1000000,1,0.01794153,3.141868,0.00027534641
seq_prof,hal09,1000000,1,0.018398449,3.141868,0.00027534641
seq_prof,hal09,1000000,1,0.018445275,3.141868,0.00027534641
seq_prof,hal09,1000000,1,0.018334167,3.141868,0.00027534641
seq_prof,hal09,1000000,1,0.018425583,3.14308,0.00148734641
seq_prof,hal09,1000000,1,0.018688456,3.14308,0.00148734641
seq_prof,hal09,10000000,1,0.136052473,3.1422136,0.00062094641
seq_prof,hal09,10000000,1,0.136821849,3.1422136,0.00062094641
seq_prof,hal09,10000000,1,0.137651671,3.1418972,0.00030454641
seq_prof,hal09,10000000,1,0.136953061,3.1418972,0.00030454641
seq_prof,hal09,10000000,1,0.136977634,3.1418972,0.00030454641
seq_prof,hal09,10000000,1,0.134319347,3.1414148,0.00017785359
seq_prof,hal09,10000000,1,0.13736929,3.1414148,0.00017785359
seq_prof,hal09,10000000,1,0.135712911,3.1414148,0.00017785359
seq_prof,hal09,10000000,1,0.13453101,3.1416196,2.694641e-05
seq_prof,hal09,10000000,1,0.136740445,3.1416196,2.694641e-05
seq_prof,hal09,10000000,1,0.137317706,3.1416196,2.694641e-05
seq_prof,hal09,10000000,1,0.130931403,3.1420712,0.00047854641
seq_prof,hal09,10000000,1,0.136056021,3.1420712,0.00047854641
seq_prof,hal09,10000000,1,0.135783979,3.1420712,0.00047854641
seq_prof,hal09,10000000,1,0.135879292,3.1424464,0.00085374641
seq_prof,hal09,10000000,1,0.136888607,3.1424464,0.00085374641
seq_prof,hal09,10000000,1,0.137241099,3.1424464,0.00085374641
seq_prof,hal09,10000000,1,0.13682905,3.1406028,0.00098985359
seq_prof,hal09,10000000,1,0.137573573,3.1406028,0.00098985359
seq_prof,hal09,10000000,1,0.137715088,3.1406028,0.00098985359
seq_prof,hal09,10000000,1,0.137687405,3.1408884,0.00070425359
seq_prof,hal09,10000000,1,0.136969744,3.1408884,0.00070425359
seq_prof,hal09,10000000,1,0.137107114,3.1408884,0.00070425359
seq_prof,hal09,10000000,1,0.135575168,3.1421832,0.00059054641
seq_prof,hal09,10000000,1,0.137128652,3.1421832,0.00059054641
seq_prof,hal09,100000000,1,1.284227503,3.14146708,0.00012557359
seq_prof,hal09,100000000,1,1.285238858,3.141636,4.334641e-05
seq_prof,hal09,100000000,1,1.281799823,3.14149352,9.913359e-05
seq_prof,hal09,100000000,1,1.283590584,3.1418366,0.00024394641
seq_prof,hal09,100000000,1,1.286647456,3.1416152,2.254641e-05
seq_prof,hal09,100000000,1,1.286352647,3.14160584,1.318641e-05
seq_prof,hal09,100000000,1,1.283286681,3.1417628,0.00017014641
seq_prof,hal09,100000000,1,1.281315068,3.14172408,0.00013142641
seq_prof,hal09,100000000,1,1.282472801,3.14138088,0.00021177359
seq_prof,hal09,100000000,1,1.286034003,3.14145288,0.00013977359
seq_prof,hal09,100000000,1,1.287454879,3.14153008,6.257359e-05
seq_prof,hal09,100000000,1,1.28487919,3.14181704,0.00022438641
seq_prof,hal09,100000000,1,1.285823605,3.14169744,0.00010478641
seq_prof,hal09,100000000,1,1.2857749,3.14165372,6.106641e-05
seq_prof,hal09,100000000,1,1.283628736,3.14170736,0.00011470641
seq_prof,hal09,100000000,1,1.27788918,3.14163936,4.670641e-05
seq_prof,hal09,100000000,1,1.287859637,3.14166916,7.650641e-05
seq_prof,hal09,100000000,1,1.283696803,3.14150736,8.529359e-05
seq_prof,hal09,100000000,1,1.291536621,3.14149892,9.373359e-05
seq_prof,hal09,100000000,1,1.28338922,3.14155128,4.137359e-05
seq_prof,hal09,100000000,1,1.287225668,3.1419154,0.00032274641
seq_prof,hal09,100000000,1,1.284287643,3.14163204,3.938641e-05
seq_prof,hal09,100000000,1,1.282935714,3.1417318,0.00013914641
seq_prof,hal09,100000000,1,1.27751058,3.1414946,9.805359e-05
seq_prof,hal09,100000000,1,1.285416629,3.14170784,0.00011518641
seq_prof,hal09,1000000000,1,12.792597236,3.141465732,0.00012692159
seq_prof,hal09,1000000000,1,12.766925214,3.141575344,1.730959e-05
seq_prof,hal09,1000000000,1,12.753327433,3.141619372,2.671841e-05
seq_prof,hal09,1000000000,1,12.777785407,3.1414333,0.00015935359
seq_prof,hal09,1000000000,1,12.77516369,3.141596712,4.05841e-06
seq_prof,hal09,1000000000,1,12.789738286,3.141509784,8.286959e-05
seq_prof,hal09,1000000000,1,12.761971071,3.141532076,6.057759e-05
seq_prof,hal09,1000000000,1,12.789997871,3.141525884,6.676959e-05
seq_prof,hal09,1000000000,1,12.757902093,3.141630664,3.801041e-05
seq_prof,hal09,1000000000,1,12.774769561,3.141562488,3.016559e-05
seq_prof,hal09,1000000000,1,12.790877246,3.141540512,5.214159e-05
seq_prof,hal09,1000000000,1,12.764536564,3.141539052,5.360159e-05
seq_prof,hal09,1000000000,1,12.892401279,3.14153916,5.349359e-05
seq_prof,hal09,1000000000,1,12.769369513,3.141570304,2.234959e-05
seq_prof,hal09,1000000000,1,12.781477858,3.141671136,7.848241e-05
seq_prof,hal09,1000000000,1,12.784313503,3.14158762,5.03359e-06
seq_prof,hal09,1000000000,1,12.791726253,3.141562712,2.994159e-05
seq_prof,hal09,1000000000,1,12.765225175,3.141617724,2.507041e-05
seq_prof,hal09,1000000000,1,12.826084697,3.141555588,3.706559e-05
seq_prof,hal09,1000000000,1,12.741746126,3.141554584,3.806959e-05
seq_prof,hal09,1000000000,1,12.793621324,3.141628032,3.537841e-05
seq_prof,hal09,1000000000,1,12.777943428,3.14165574,6.308641e-05
seq_prof,hal09,1000000000,1,12.743183635,3.141620756,2.810241e-05
seq_prof,hal09,1000000000,1,12.778214277,3.141534664,5.798959e-05
seq_prof,hal09,1000000000,1,12.772063585,3.141682852,9.019841e-05
seq_prof,hal09,10000000000,1,127.759216518,3.1416121384,1.948481e-05
seq_prof,hal09,10000000000,1,127.241694109,3.1415751084,1.754519e-05
seq_prof,hal09,10000000000,1,127.552806123,3.1415773744,1.527919e-05
seq_prof,hal09,10000000000,1,127.506858526,3.1415782496,1.440399e-05
seq_prof,hal09,10000000000,1,127.46634239,3.1415992036,6.55001e-06
seq_prof,hal09,10000000000,1,128.162442414,3.1415764532,1.620039e-05
seq_prof,hal09,10000000000,1,127.83095754,3.1415958728,3.21921e-06
seq_prof,hal09,10000000000,1,127.483853621,3.141614658,2.200441e-05
seq_prof,hal09,10000000000,1,127.493823706,3.1416032872,1.063361e-05
seq_prof,hal09,10000000000,1,127.54807993,3.1415996876,7.03401e-06
seq_prof,hal09,10000000000,1,127.881977185,3.1415815152,1.113839e-05
seq_prof,hal09,10000000000,1,127.827985061,3.1415976852,5.03161e-06
seq_prof,hal09,10000000000,1,127.927095119,3.1416194144,2.676081e-05
seq_prof,hal09,10000000000,1,127.455162067,3.1415655412,2.711239e-05
seq_prof,hal09,10000000000,1,127.821928663,3.1415800516,1.260199e-05
seq_prof,hal09,10000000000,1,127.582848237,3.1415655176,2.713599e-05
seq_prof,hal09,10000000000,1,128.326643528,3.1416031152,1.046161e-05
seq_prof,hal09,10000000000,1,127.542946012,3.1415808752,1.177839e-05
seq_prof,hal09,10000000000,1,127.435268301,3.1416076588,1.500521e-05
seq_prof,hal09,10000000000,1,127.632832499,3.1415868848,5.76879e-06
seq_prof,hal09,10000000000,1,127.726718043,3.1415753116,1.734199e-05
seq_prof,hal09,10000000000,1,127.561915742,3.1415760096,1.664399e-05
seq_prof,hal09,10000000000,1,127.478268428,3.1416141184,2.146481e-05
seq_prof,hal09,10000000000,1,127.705441537,3.1416128036,2.015001e-05
seq_prof,hal09,10000000000,1,127.848830331,3.141589986,2.66759e-06
par_prof,hal09,1000,1,3.0151e-05,3.08,0.06159265359
par_prof,hal09,1000,1,2.7328e-05,3.08,0.06159265359
par_prof,hal09,1000,1,1.7156e-05,3.08,0.06159265359
par_prof,hal09,1000,1,2.6574e-05,3.08,0.06159265359
par_prof,hal09,1000,1,2.6509e-05,3.08,0.06159265359
par_prof,hal09,1000,2,8.4665e-05,3.1,0.04159265359
par_prof,hal09,1000,2,8.7842e-05,3.136,0.00559265359
par_prof,hal09,1000,2,6.3813e-05,3.136,0.00559265359
par_prof,hal09,1000,2,8.9867e-05,3.136,0.00559265359
par_prof,hal09,1000,2,8.452e-05,3.136,0.00559265359
par_prof,hal09,1000,4,0.000116717,3.128,0.01359265359
par_prof,hal09,1000,4,0.000117485,3.164,0.02240734641
par_prof,hal09,1000,4,0.000138275,3.164,0.02240734641
par_prof,hal09,1000,4,0.000132113,3.164,0.02240734641
par_prof,hal09,1000,4,0.000133541,3.164,0.02240734641
par_prof,hal09,1000,6,0.000202525,3.136,0.00559265359
par_prof,hal09,1000,6,0.000171361,3.128,0.01359265359
par_prof,hal09,1000,6,0.000134445,3.128,0.01359265359
par_prof,hal09,1000,6,0.000169629,3.128,0.01359265359
par_prof,hal09,1000,6,0.000180118,3.128,0.01359265359
par_prof,hal09,1000,8,0.000206598,3.068,0.07359265359
par_prof,hal09,1000,8,0.000225435,3.092,0.04959265359
par_prof,hal09,1000,8,0.00021156,3.092,0.04959265359
par_prof,hal09,1000,8,0.000221523,3.092,0.04959265359
par_prof,hal09,1000,8,0.00022852,3.092,0.04959265359
par_prof,hal09,10000,1,0.000204112,3.1544,0.01280734641
par_prof,hal09,10000,1,0.000202059,3.138,0.00359265359
par_prof,hal09,10000,1,0.0002047,3.138,0.00359265359
par_prof,hal09,10000,1,0.000202169,3.138,0.00359265359
par_prof,hal09,10000,1,0.000202205,3.138,0.00359265359
par_prof,hal09,10000,2,0.000197892,3.1512,0.00960734641
par_prof,hal09,10000,2,0.000171841,3.1464,0.00480734641
par_prof,hal09,10000,2,0.000175193,3.1464,0.00480734641
par_prof,hal09,10000,2,0.0001696,3.1464,0.00480734641
par_prof,hal09,10000,2,0.000175212,3.1464,0.00480734641
par_prof,hal09,10000,4,0.000162552,3.1392,0.00239265359
par_prof,hal09,10000,4,0.000158733,3.1372,0.00439265359
par_prof,hal09,10000,4,0.000169238,3.1372,0.00439265359
par_prof,hal09,10000,4,0.000176646,3.1372,0.00439265359
par_prof,hal09,10000,4,0.000159465,3.1372,0.00439265359
par_prof,hal09,10000,6,0.000231636,3.1352,0.00639265359
par_prof,hal09,10000,6,0.000229179,3.1352,0.00639265359
par_prof,hal09,10000,6,0.000210717,3.148,0.00640734641
par_prof,hal09,10000,6,0.000243409,3.148,0.00640734641
par_prof,hal09,10000,6,0.000228411,3.148,0.00640734641
par_prof,hal09,10000,8,0.000243134,3.1392,0.00239265359
par_prof,hal09,10000,8,0.000263853,3.1392,0.00239265359
par_prof,hal09,10000,8,0.000281904,3.1336,0.00799265359
par_prof,hal09,10000,8,0.00025523,3.1336,0.00799265359
par_prof,hal09,10000,8,0.000267445,3.1336,0.00799265359
par_prof,hal09,100000,1,0.001966173,3.14164,4.734641e-05
par_prof,hal09,100000,1,0.001973347,3.14164,4.734641e-05
par_prof,hal09,100000,1,0.001979901,3.135,0.00659265359
par_prof,hal09,100000,1,0.001965544,3.135,0.00659265359
par_prof,hal09,100000,1,0.001978039,3.135,0.00659265359
par_prof,hal09,100000,2,0.001068491,3.13704,0.00455265359
par_prof,hal09,100000,2,0.001129885,3.13704,0.00455265359
par_prof,hal09,100000,2,0.001073236,3.14252,0.00092734641
par_prof,hal09,100000,2,0.00105463,3.14252,0.00092734641
par_prof,hal09,100000,2,0.001033206,3.14252,0.00092734641
par_prof,hal09,100000,4,0.000652531,3.13592,0.00567265359
par_prof,hal09,100000,4,0.000653465,3.13592,0.00567265359
par_prof,hal09,100000,4,0.000612564,3.136,0.00559265359
par_prof,hal09,100000,4,0.000425514,3.136,0.00559265359
par_prof,hal09,100000,4,0.00065018,3.136,0.00559265359
par_prof,hal09,100000,6,0.00075379,3.1392,0.00239265359
par_prof,hal09,100000,6,0.000764255,3.1392,0.00239265359
par_prof,hal09,100000,6,0.000731529,3.13556,0.00603265359
par_prof,hal09,100000,6,0.000525601,3.13556,0.00603265359
par_prof,hal09,100000,6,0.000734696,3.13556,0.00603265359
par_prof,hal09,100000,8,0.000646995,3.13232,0.00927265359
par_prof,hal09,100000,8,0.000665891,3.13236,0.00923265359
par_prof,hal09,100000,8,0.000734358,3.13236,0.00923265359
par_prof,hal09,100000,8,0.000653671,3.13236,0.00923265359
par_prof,hal09,100000,8,0.000653766,3.13236,0.00923265359
par_prof,hal09,1000000,1,0.018070984,3.140612,0.00098065359
par_prof,hal09,1000000,1,0.018466353,3.139964,0.00162865359
par_prof,hal09,1000000,1,0.017965701,3.139964,0.00162865359
par_prof,hal09,1000000,1,0.018142414,3.139964,0.00162865359
par_prof,hal09,1000000,1,0.018450067,3.139964,0.00162865359
par_prof,hal09,1000000,2,0.009801146,3.141396,0.00019665359
par_prof,hal09,1000000,2,0.009745545,3.142416,0.00082334641
par_prof,hal09,1000000,2,0.007014126,3.142416,0.00082334641
par_prof,hal09,1000000,2,0.009664098,3.142416,0.00082334641
par_prof,hal09,1000000,2,0.009556215,3.142416,0.00082334641
par_prof,hal09,1000000,4,0.004993672,3.139452,0.00214065359
par_prof,hal09,1000000,4,0.005077454,3.139224,0.00236865359
par_prof,hal09,1000000,4,0.003508642,3.139224,0.00236865359
par_prof,hal09,1000000,4,0.005018274,3.139224,0.00236865359
par_prof,hal09,1000000,4,0.004936292,3.139224,0.00236865359
par_prof,hal09,1000000,6,0.005942929,3.14094,0.00065265359
par_prof,hal09,1000000,6,0.005863803,3.140856,0.00073665359
par_prof,hal09,1000000,6,0.00584691,3.140856,0.00073665359
par_prof,hal09,1000000,6,0.005709842,3.140856,0.00073665359
par_prof,hal09,1000000,6,0.005921944,3.140856,0.00073665359
par_prof,hal09,1000000,8,0.004559577,3.140664,0.00092865359
par_prof,hal09,1000000,8,0.00463553,3.140944,0.00064865359
par_prof,hal09,1000000,8,0.004416753,3.140944,0.00064865359
par_prof,hal09,1000000,8,0.004546915,3.140944,0.00064865359
par_prof,hal09,1000000,8,0.004515635,3.140944,0.00064865359
par_prof,hal09,10000000,1,0.13720114,3.141038,0.00055465359
par_prof,hal09,10000000,1,0.129401455,3.1427844,0.00119174641
par_prof,hal09,10000000,1,0.136836225,3.1427844,0.00119174641
par_prof,hal09,10000000,1,0.138336042,3.1427844,0.00119174641
par_prof,hal09,10000000,1,0.128222949,3.141014,0.00057865359
par_prof,hal09,10000000,2,0.07316954,3.1415212,7.145359e-05
par_prof,hal09,10000000,2,0.073109091,3.1415212,7.145359e-05
par_prof,hal09,10000000,2,0.072801135,3.1426452,0.00105254641
par_prof,hal09,10000000,2,0.072789199,3.1426452,0.00105254641
par_prof,hal09,10000000,2,0.073227892,3.1426452,0.00105254641
par_prof,hal09,10000000,4,0.040052586,3.1421508,0.00055814641
par_prof,hal09,10000000,4,0.040700238,3.1419548,0.00036214641
par_prof,hal09,10000000,4,0.039995346,3.1419548,0.00036214641
par_prof,hal09,10000000,4,0.039584486,3.1419548,0.00036214641
par_prof,hal09,10000000,4,0.040244316,3.1419548,0.00036214641
par_prof,hal09,10000000,6,0.046248394,3.1414712,0.00012145359
par_prof,hal09,10000000,6,0.045520509,3.1414712,0.00012145359
par_prof,hal09,10000000,6,0.046415825,3.1414712,0.00012145359
par_prof,hal09,10000000,6,0.045852655,3.1414712,0.00012145359
par_prof,hal09,10000000,6,0.04604132,3.1411632,0.00042945359
par_prof,hal09,10000000,8,0.036246138,3.14119,0.00040265359
par_prof,hal09,10000000,8,0.036395641,3.14119,0.00040265359
par_prof,hal09,10000000,8,0.037158289,3.14119,0.00040265359
par_prof,hal09,10000000,8,0.036959125,3.1415796,1.305359e-05
par_prof,hal09,10000000,8,0.036817308,3.1415796,1.305359e-05
par_prof,hal09,100000000,1,1.284793468,3.14164672,5.406641e-05
par_prof,hal09,100000000,1,1.28077713,3.14125288,0.00033977359
par_prof,hal09,100000000,1,1.284296048,3.14173456,0.00014190641
par_prof,hal09,100000000,1,1.286029795,3.14164152,4.886641e-05
par_prof,hal09,100000000,1,1.286950221,3.14186444,0.00027178641
par_prof,hal09,100000000,2,0.653802834,3.14178968,0.00019702641
par_prof,hal09,100000000,2,0.654306133,3.14160772,1.506641e-05
par_prof,hal09,100000000,2,0.652655861,3.14148664,0.00010601359
par_prof,hal09,100000000,2,0.652340889,3.14165348,6.082641e-05
par_prof,hal09,100000000,2,0.644800303,3.14157984,1.281359e-05
par_prof,hal09,100000000,4,0.34962475,3.14141688,0.00017577359
par_prof,hal09,100000000,4,0.349539731,3.14141688,0.00017577359
par_prof,hal09,100000000,4,0.350481259,3.14159216,4.9359e-07
par_prof,hal09,100000000,4,0.349396379,3.14159216,4.9359e-07
par_prof,hal09,100000000,4,0.348332476,3.14169264,9.998641e-05
par_prof,hal09,100000000,6,0.398253431,3.14156296,2.969359e-05
par_prof,hal09,100000000,6,0.382498753,3.14166368,7.102641e-05
par_prof,hal09,100000000,6,0.399031473,3.14166368,7.102641e-05
par_prof,hal09,100000000,6,0.389789873,3.1416938,0.00010114641
par_prof,hal09,100000000,6,0.398345567,3.14165848,6.582641e-05
par_prof,hal09,100000000,8,0.314253958,3.14161348,2.082641e-05
par_prof,hal09,100000000,8,0.306739013,3.14165164,5.898641e-05
par_prof,hal09,100000000,8,0.312137366,3.14165164,5.898641e-05
par_prof,hal09,100000000,8,0.311904593,3.14153904,5.361359e-05
par_prof,hal09,100000000,8,0.316736733,3.14153904,5.361359e-05
par_prof,hal09,1000000000,1,12.763609998,3.141661816,6.916241e-05
par_prof,hal09,1000000000,1,12.791307719,3.141666368,7.371441e-05
par_prof,hal09,1000000000,1,12.79975489,3.14162802,3.536641e-05
par_prof,hal09,1000000000,1,12.764644474,3.141607084,1.443041e-05
par_prof,hal09,1000000000,1,12.799322834,3.141581176,1.147759e-05
par_prof,hal09,1000000000,2,6.432725047,3.141627172,3.451841e-05
par_prof,hal09,1000000000,2,6.452300925,3.14153712,5.553359e-05
par_prof,hal09,1000000000,2,6.449379137,3.141596632,3.97841e-06
par_prof,hal09,1000000000,2,6.472426584,3.141591212,1.44159e-06
par_prof,hal09,1000000000,2,6.459823019,3.141695228,0.00010257441
par_prof,hal09,1000000000,4,3.458831397,3.14157214,2.051359e-05
par_prof,hal09,1000000000,4,3.483956518,3.141548172,4.448159e-05
par_prof,hal09,1000000000,4,3.472459387,3.141549868,4.278559e-05
par_prof,hal09,1000000000,4,3.485492383,3.141561636,3.101759e-05
par_prof,hal09,1000000000,4,3.482314072,3.141654704,6.205041e-05
par_prof,hal09,1000000000,6,3.374300047,3.141690772,9.811841e-05
par_prof,hal09,1000000000,6,3.36567045,3.141585924,6.72959e-06
par_prof,hal09,1000000000,6,3.425629372,3.141572424,2.022959e-05
par_prof,hal09,1000000000,6,3.385506834,3.141584912,7.74159e-06
par_prof,hal09,1000000000,6,3.374438709,3.141577476,1.517759e-05
par_prof,hal09,1000000000,8,3.127155972,3.141549776,4.287759e-05
par_prof,hal09,1000000000,8,3.107363817,3.141605576,1.292241e-05
par_prof,hal09,1000000000,8,3.112681158,3.141598624,5.97041e-06
par_prof,hal09,1000000000,8,3.085688968,3.14157706,1.559359e-05
par_prof,hal09,1000000000,8,3.101225767,3.141614724,2.207041e-05
par_prof,hal09,10000000000,1,127.743054858,3.1416023868,9.73321e-06
par_prof,hal09,10000000000,1,127.640220802,3.1416351796,4.252601e-05
par_prof,hal09,10000000000,1,127.703738437,3.1415773636,1.528999e-05
par_prof,hal09,10000000000,1,127.620385772,3.1415621256,3.052799e-05
par_prof,hal09,10000000000,1,127.711003238,3.1416179624,2.530881e-05
par_prof,hal09,10000000000,2,64.419354336,3.1415881332,4.52039e-06
par_prof,hal09,10000000000,2,64.364374799,3.1415923344,3.1919e-07
par_prof,hal09,10000000000,2,64.331603676,3.1416100876,1.743401e-05
par_prof,hal09,10000000000,2,64.497343375,3.1416083976,1.574401e-05
par_prof,hal09,10000000000,2,64.610053674,3.1415965588,3.90521e-06
par_prof,hal09,10000000000,4,35.236616546,3.1416223016,2.964801e-05
par_prof,hal09,10000000000,4,35.532800098,3.1416038656,1.121201e-05
par_prof,hal09,10000000000,4,36.159267941,3.1415777628,1.489079e-05
par_prof,hal09,10000000000,4,36.521542715,3.1415637676,2.888599e-05
par_prof,hal09,10000000000,4,36.002792254,3.1415954692,2.81561e-06
par_prof,hal09,10000000000,6,35.112706308,3.141593406,7.5241e-07
par_prof,hal09,10000000000,6,35.351860695,3.1416056112,1.295761e-05
par_prof,hal09,10000000000,6,34.853474148,3.1415617864,3.086719e-05
par_prof,hal09,10000000000,6,35.507209903,3.1415695944,2.305919e-05
par_prof,hal09,10000000000,6,35.763078566,3.1416192692,2.661561e-05
par_prof,hal09,10000000000,8,32.53861459,3.14160969,1.703641e-05
par_prof,hal09,10000000000,8,33.940602262,3.1415941016,1.44801e-06
par_prof,hal09,10000000000,8,31.835504935,3.14155948,3.317359e-05
par_prof,hal09,10000000000,8,34.263536932,3.1416087852,1.613161e-05
par_prof,hal09,10000000000,8,32.23719876,3.1415987764,6.12281e-06
codigo,hal09,1000,1,6.645e-06,3.132,0.00959265359
codigo,hal09,1000,1,9.389e-06,3.164,0.02240734641
codigo,hal09,1000,1,1.6087e-05,3.132,0.00959265359
codigo,hal09,1000,1,9.35e-06,3.128,0.01359265359
codigo,hal09,1000,1,6.747e-06,3.136,0.00559265359
codigo,hal09,1000,2,5.2308e-05,3.148,0.00640734641
codigo,hal09,1000,2,5.841e-05,3.16,0.01840734641
codigo,hal09,1000,2,7.3938e-05,3.152,0.01040734641
codigo,hal09,1000,2,7.5967e-05,3.16,0.01840734641
codigo,hal09,1000,2,7.8739e-05,3.164,0.02240734641
codigo,hal09,1000,4,0.00011125,3.144,0.00240734641
codigo,hal09,1000,4,0.000111775,3.14,0.00159265359
codigo,hal09,1000,4,0.00012164,3.136,0.00559265359
codigo,hal09,1000,4,0.000117015,3.136,0.00559265359
codigo,hal09,1000,4,0.000116245,3.132,0.00959265359
codigo,hal09,1000,6,0.000148324,3.148,0.00640734641
codigo,hal09,1000,6,0.000159172,3.168,0.02640734641
codigo,hal09,1000,6,0.000156735,3.176,0.03440734641
codigo,hal09,1000,6,0.000143597,3.128,0.01359265359
codigo,hal09,1000,6,0.000150628,3.152,0.01040734641
codigo,hal09,1000,8,0.000222518,3.168,0.02640734641
codigo,hal09,1000,8,0.00019951,3.132,0.00959265359
codigo,hal09,1000,8,0.000206375,3.132,0.00959265359
codigo,hal09,1000,8,0.000201096,3.128,0.01359265359
codigo,hal09,1000,8,0.000158821,3.16,0.01840734641
codigo,hal09,10000,1,4.6572e-05,3.1424,0.00080734641
codigo,hal09,10000,1,4.6447e-05,3.1376,0.00399265359
codigo,hal09,10000,1,4.6491e-05,3.1416,7.34641e-06
codigo,hal09,10000,1,4.6828e-05,3.1412,0.00039265359
codigo,hal09,10000,1,4.6738e-05,3.138,0.00359265359
codigo,hal09,10000,2,9.9069e-05,3.1452,0.00360734641
codigo,hal09,10000,2,9.6763e-05,3.1376,0.00399265359
codigo,hal09,10000,2,9.2236e-05,3.142,0.00040734641
codigo,hal09,10000,2,0.000109168,3.1448,0.00320734641
codigo,hal09,10000,2,9.491e-05,3.148,0.00640734641
codigo,hal09,10000,4,0.000122866,3.1412,0.00039265359
codigo,hal09,10000,4,0.000125461,3.1396,0.00199265359
codigo,hal09,10000,4,0.000131664,3.1436,0.00200734641
codigo,hal09,10000,4,0.00012365,3.1424,0.00080734641
codigo,hal09,10000,4,0.000133484,3.1388,0.00279265359
codigo,hal09,10000,6,0.000156125,3.1408,0.00079265359
codigo,hal09,10000,6,0.000179337,3.1376,0.00399265359
codigo,hal09,10000,6,0.000181121,3.144,0.00240734641
codigo,hal09,10000,6,0.000155031,3.1412,0.00039265359
codigo,hal09,10000,6,0.000152094,3.1424,0.00080734641
codigo,hal09,10000,8,0.000151162,3.1384,0.00319265359
codigo,hal09,10000,8,0.000201595,3.142,0.00040734641
codigo,hal09,10000,8,0.000191845,3.1416,7.34641e-06
codigo,hal09,10000,8,0.000207114,3.1416,7.34641e-06
codigo,hal09,10000,8,0.000226129,3.1452,0.00360734641
codigo,hal09,100000,1,0.000410897,3.14116,0.00043265359
codigo,hal09,100000,1,0.000410886,3.14236,0.00076734641
codigo,hal09,100000,1,0.000411144,3.14208,0.00048734641
codigo,hal09,100000,1,0.000410469,3.14192,0.00032734641
codigo,hal09,100000,1,0.000411037,3.14236,0.00076734641
codigo,hal09,100000,2,0.000185929,3.14236,0.00076734641
codigo,hal09,100000,2,0.000273957,3.14248,0.00088734641
codigo,hal09,100000,2,0.000277264,3.14068,0.00091265359
codigo,hal09,100000,2,0.000286346,3.14192,0.00032734641
codigo,hal09,100000,2,0.00028147,3.1408,0.00079265359
codigo,hal09,100000,4,0.000160404,3.14172,0.00012734641
codigo,hal09,100000,4,0.000220875,3.14208,0.00048734641
codigo,hal09,100000,4,0.000233672,3.14108,0.00051265359
codigo,hal09,100000,4,0.000213902,3.14228,0.00068734641
codigo,hal09,100000,4,0.000214757,3.14188,0.00028734641
codigo,hal09,100000,6,0.000226867,3.14252,0.00092734641
codigo,hal09,100000,6,0.000261337,3.14252,0.00092734641
codigo,hal09,100000,6,0.000268358,3.14216,0.00056734641
codigo,hal09,100000,6,0.000278543,3.14108,0.00051265359
codigo,hal09,100000,6,0.000264731,3.14104,0.00055265359
codigo,hal09,100000,8,0.000274338,3.141,0.00059265359
codigo,hal09,100000,8,0.000293471,3.142,0.00040734641
codigo,hal09,100000,8,0.000295089,3.14136,0.00023265359
codigo,hal09,100000,8,0.000316083,3.14172,0.00012734641
codigo,hal09,100000,8,0.00029098,3.14116,0.00043265359
codigo,hal09,1000000,1,0.002626073,3.141552,4.065359e-05
codigo,hal09,1000000,1,0.004039035,3.14144,0.00015265359
codigo,hal09,1000000,1,0.004061561,3.141708,0.00011534641
codigo,hal09,1000000,1,0.004055921,3.141684,9.134641e-05
codigo,hal09,1000000,1,0.004060424,3.141616,2.334641e-05
codigo,hal09,1000000,2,0.002115146,3.141612,1.934641e-05
codigo,hal09,1000000,2,0.002096942,3.141576,1.665359e-05
codigo,hal09,1000000,2,0.002092539,3.14168,8.734641e-05
codigo,hal09,1000000,2,0.002088916,3.14162,2.734641e-05
codigo,hal09,1000000,2,0.002107925,3.141632,3.934641e-05
codigo,hal09,1000000,4,0.001141036,3.141404,0.00018865359
codigo,hal09,1000000,4,0.00113215,3.141632,3.934641e-05
codigo,hal09,1000000,4,0.001186579,3.1415,9.265359e-05
codigo,hal09,1000000,4,0.001116591,3.141536,5.665359e-05
codigo,hal09,1000000,4,0.001081394,3.14176,0.00016734641
codigo,hal09,1000000,6,0.001343307,3.141536,5.665359e-05
codigo,hal09,1000000,6,0.00094629,3.141616,2.334641e-05
codigo,hal09,1000000,6,0.001369605,3.1417,0.00010734641
codigo,hal09,1000000,6,0.001347544,3.141588,4.65359e-06
codigo,hal09,1000000,6,0.001348907,3.141404,0.00018865359
codigo,hal09,1000000,8,0.001093886,3.141604,1.134641e-05
codigo,hal09,1000000,8,0.001126936,3.141532,6.065359e-05
codigo,hal09,1000000,8,0.001073395,3.141436,0.00015665359
codigo,hal09,1000000,8,0.001111882,3.141552,4.065359e-05
codigo,hal09,1000000,8,0.001108205,3.141544,4.865359e-05
codigo,hal09,10000000,1,0.034830368,3.1415932,5.4641e-07
codigo,hal09,10000000,1,0.034241809,3.1415776,1.505359e-05
codigo,hal09,10000000,1,0.035265098,3.1415892,3.45359e-06
codigo,hal09,10000000,1,0.034504562,3.1415632,2.945359e-05
codigo,hal09,10000000,1,0.034090811,3.1415896,3.05359e-06
codigo,hal09,10000000,2,0.018618938,3.1416048,1.214641e-05
codigo,hal09,10000000,2,0.018474674,3.1415872,5.45359e-06
codigo,hal09,10000000,2,0.018817254,3.1415864,6.25359e-06
codigo,hal09,10000000,2,0.018847562,3.1415932,5.4641e-07
codigo,hal09,10000000,2,0.018918686,3.1415768,1.585359e-05
codigo,hal09,10000000,4,0.009646342,3.141588,4.65359e-06
codigo,hal09,10000000,4,0.009749563,3.141596,3.34641e-06
codigo,hal09,10000000,4,0.009810449,3.1415692,2.345359e-05
codigo,hal09,10000000,4,0.009668575,3.1415824,1.025359e-05
codigo,hal09,10000000,4,0.009704175,3.141596,3.34641e-06
codigo,hal09,10000000,6,0.011475074,3.1415876,5.05359e-06
codigo,hal09,10000000,6,0.011835232,3.1415668,2.585359e-05
codigo,hal09,10000000,6,0.011685506,3.141592,6.5359e-07
codigo,hal09,10000000,6,0.011818596,3.1415932,5.4641e-07
codigo,hal09,10000000,6,0.011279815,3.1415888,3.85359e-06
codigo,hal09,10000000,8,0.009051554,3.141586,6.65359e-06
codigo,hal09,10000000,8,0.00918287,3.1416104,1.774641e-05
codigo,hal09,10000000,8,0.008920635,3.1416164,2.374641e-05
codigo,hal09,10000000,8,0.009130335,3.1415932,5.4641e-07
codigo,hal09,10000000,8,0.008886297,3.1416148,2.214641e-05
codigo,hal09,100000000,1,0.271605249,3.1415952,2.54641e-06
codigo,hal09,100000000,1,0.272174834,3.14159296,3.0641e-07
codigo,hal09,100000000,1,0.27139069,3.14159368,1.02641e-06
codigo,hal09,100000000,1,0.271475189,3.1415884,4.25359e-06
codigo,hal09,100000000,1,0.26943054,3.14159724,4.58641e-06
codigo,hal09,100000000,2,0.141513852,3.14159592,3.26641e-06
codigo,hal09,100000000,2,0.140569378,3.14159164,1.01359e-06
codigo,hal09,100000000,2,0.141032372,3.14159376,1.10641e-06
codigo,hal09,100000000,2,0.141180367,3.1415952,2.54641e-06
codigo,hal09,100000000,2,0.140379855,3.1415954,2.74641e-06
codigo,hal09,100000000,4,0.07519523,3.1415904,2.25359e-06
codigo,hal09,100000000,4,0.075885641,3.14159348,8.2641e-07
codigo,hal09,100000000,4,0.075061239,3.14159448,1.82641e-06
codigo,hal09,100000000,4,0.075913222,3.1415912,1.45359e-06
codigo,hal09,100000000,4,0.070085094,3.141591,1.65359e-06
codigo,hal09,100000000,6,0.087700796,3.14159144,1.21359e-06
codigo,hal09,100000000,6,0.087841256,3.14159432,1.66641e-06
codigo,hal09,100000000,6,0.087108571,3.14159136,1.29359e-06
codigo,hal09,100000000,6,0.087126911,3.14159292,2.6641e-07
codigo,hal09,100000000,6,0.088208042,3.14159024,2.41359e-06
codigo,hal09,100000000,8,0.069513719,3.1415906,2.05359e-06
codigo,hal09,100000000,8,0.068974757,3.14159156,1.09359e-06
codigo,hal09,100000000,8,0.069628017,3.14159196,6.9359e-07
codigo,hal09,100000000,8,0.070153145,3.14159436,1.70641e-06
codigo,hal09,100000000,8,0.062852809,3.14159056,2.09359e-06
codigo,hal09,1000000000,1,2.635163983,3.141592592,6.159e-08
codigo,hal09,1000000000,1,2.630548506,3.141593072,4.1841e-07
codigo,hal09,1000000000,1,2.626913799,3.14159282,1.6641e-07
codigo,hal09,1000000000,1,2.626844066,3.141592628,2.559e-08
codigo,hal09,1000000000,1,2.632791802,3.141592412,2.4159e-07
codigo,hal09,1000000000,2,1.330743699,3.141592328,3.2559e-07
codigo,hal09,1000000000,2,1.329513838,3.141592548,1.0559e-07
codigo,hal09,1000000000,2,1.332432542,3.1415929,2.4641e-07
codigo,hal09,1000000000,2,1.332258641,3.141593384,7.3041e-07
codigo,hal09,1000000000,2,1.331056525,3.141592276,3.7759e-07
codigo,hal09,1000000000,4,0.694622714,3.141591692,9.6159e-07
codigo,hal09,1000000000,4,0.70001207,3.141592304,3.4959e-07
codigo,hal09,1000000000,4,0.697979357,3.141592368,2.8559e-07
codigo,hal09,1000000000,4,0.697881722,3.141593456,8.0241e-07
codigo,hal09,1000000000,4,0.698819101,3.14159296,3.0641e-07
codigo,hal09,1000000000,6,0.731195157,3.141592892,2.3841e-07
codigo,hal09,1000000000,6,0.723930406,3.141591824,8.2959e-07
codigo,hal09,1000000000,6,0.75533688,3.141592932,2.7841e-07
codigo,hal09,1000000000,6,0.755871167,3.14159274,8.641e-08
codigo,hal09,1000000000,6,0.727062775,3.141592628,2.559e-08
codigo,hal09,1000000000,8,0.627422274,3.141592068,5.8559e-07
codigo,hal09,1000000000,8,0.62901592,3.14159322,5.6641e-07
codigo,hal09,1000000000,8,0.627122627,3.141591648,1.00559e-06
codigo,hal09,1000000000,8,0.634153977,3.141592504,1.4959e-07
codigo,hal09,1000000000,8,0.627618514,3.141592796,1.4241e-07
codigo,hal09,10000000000,1,26.252395046,3.1415924852,1.6839e-07
codigo,hal09,10000000000,1,26.26139722,3.141592788,1.3441e-07
codigo,hal09,10000000000,1,26.254245772,3.1415928044,1.5081e-07
codigo,hal09,10000000000,1,26.265039686,3.1415927368,8.321e-08
codigo,hal09,10000000000,1,26.251687402,3.141592868,2.1441e-07
codigo,hal09,10000000000,2,13.219705538,3.1415927204,6.681e-08
codigo,hal09,10000000000,2,13.235435774,3.1415926964,4.281e-08
codigo,hal09,10000000000,2,13.237689606,3.1415925976,5.599e-08
codigo,hal09,10000000000,2,13.234392921,3.1415926788,2.521e-08
codigo,hal09,10000000000,2,13.271343351,3.1415929064,2.5281e-07
codigo,hal09,10000000000,4,6.951578014,3.141592608,4.559e-08
codigo,hal09,10000000000,4,6.920542428,3.1415925816,7.199e-08
codigo,hal09,10000000000,4,6.921001939,3.141592644,9.59e-09
codigo,hal09,10000000000,4,6.918809599,3.1415926772,2.361e-08
codigo,hal09,10000000000,4,6.920912119,3.1415927132,5.961e-08
codigo,hal09,10000000000,6,6.805963121,3.1415927608,1.0721e-07
codigo,hal09,10000000000,6,6.695092401,3.1415925684,8.519e-08
codigo,hal09,10000000000,6,6.711725922,3.1415925876,6.599e-08
codigo,hal09,10000000000,6,6.756357205,3.1415928128,1.5921e-07
codigo,hal09,10000000000,6,6.731195269,3.1415927516,9.801e-08
codigo,hal09,10000000000,8,6.278113285,3.1415928372,1.8361e-07
codigo,hal09,10000000000,8,6.346501847,3.1415924896,1.6399e-07
codigo,hal09,10000000000,8,6.333353517,3.1415926248,2.879e-08
codigo,hal09,10000000000,8,6.343947768,3.1415926888,3.521e-08
codigo,hal09,10000000000,8,6.347066898,3.1415926396,1.399e-08
seq_prof,hal13,1000,1,2.2045e-05,3.1,0.04159265359
seq_prof,hal13,1000,1,2.1931e-05,3.1,0.04159265359
seq_prof,hal13,1000,1,2.1815e-05,3.1,0.04159265359
seq_prof,hal13,1000,1,2.1802e-05,3.1,0.04159265359
seq_prof,hal13,1000,1,2.0762e-05,3.172,0.03040734641
seq_prof,hal13,1000,1,2.3613e-05,3.172,0.03040734641
seq_prof,hal13,1000,1,2.1332e-05,3.172,0.03040734641
seq_prof,hal13,1000,1,4.879e-05,3.172,0.03040734641
seq_prof,hal13,1000,1,2.1219e-05,3.172,0.03040734641
seq_prof,hal13,1000,1,2.4573e-05,3.124,0.01759265359
seq_prof,hal13,1000,1,2.1686e-05,3.124,0.01759265359
seq_prof,hal13,1000,1,2.1701e-05,3.124,0.01759265359
seq_prof,hal13,1000,1,2.1575e-05,3.124,0.01759265359
seq_prof,hal13,1000,1,2.3061e-05,3.124,0.01759265359
seq_prof,hal13,1000,1,2.1446e-05,3.156,0.01440734641
seq_prof,hal13,1000,1,2.4212e-05,3.156,0.01440734641
seq_prof,hal13,1000,1,2.14e-05,3.156,0.01440734641
seq_prof,hal13,1000,1,2.1338e-05,3.156,0.01440734641
seq_prof,hal13,1000,1,2.152e-05,3.156,0.01440734641
seq_prof,hal13,1000,1,2.1928e-05,3.12,0.02159265359
seq_prof,hal13,1000,1,1.4187e-05,3.12,0.02159265359
seq_prof,hal13,1000,1,2.1943e-05,3.12,0.02159265359
seq_prof,hal13,1000,1,2.1949e-05,3.12,0.02159265359
seq_prof,hal13,1000,1,2.1745e-05,3.12,0.02159265359
seq_prof,hal13,1000,1,2.0609e-05,3.196,0.05440734641
seq_prof,hal13,10000,1,0.000199635,3.1528,0.01120734641
seq_prof,hal13,10000,1,0.000197801,3.1528,0.01120734641
seq_prof,hal13,10000,1,0.000196903,3.1528,0.01120734641
seq_prof,hal13,10000,1,0.000197369,3.1528,0.01120734641
seq_prof,hal13,10000,1,0.000197529,3.1552,0.01360734641
seq_prof,hal13,10000,1,0.000197647,3.1552,0.01360734641
seq_prof,hal13,10000,1,0.000190693,3.1552,0.01360734641
seq_prof,hal13,10000,1,0.000202923,3.1552,0.01360734641
seq_prof,hal13,10000,1,0.000198122,3.1552,0.01360734641
seq_prof,hal13,10000,1,0.000197318,3.1552,0.01360734641
seq_prof,hal13,10000,1,0.000198871,3.1328,0.00879265359
seq_prof,hal13,10000,1,0.000198042,3.1328,0.00879265359
seq_prof,hal13,10000,1,0.000201364,3.1328,0.00879265359
seq_prof,hal13,10000,1,0.000198781,3.1328,0.00879265359
seq_prof,hal13,10000,1,0.000196685,3.1588,0.01720734641
seq_prof,hal13,10000,1,0.000196555,3.1588,0.01720734641
seq_prof,hal13,10000,1,0.000197155,3.1588,0.01720734641
seq_prof,hal13,10000,1,0.000196635,3.1588,0.01720734641
seq_prof,hal13,10000,1,0.000199536,3.1588,0.01720734641
seq_prof,hal13,10000,1,0.00019758,3.1448,0.00320734641
seq_prof,hal13,10000,1,0.000223849,3.1448,0.00320734641
seq_prof,hal13,10000,1,0.000197709,3.1448,0.00320734641
seq_prof,hal13,10000,1,0.00019743,3.1448,0.00320734641
seq_prof,hal13,10000,1,0.000198034,3.1448,0.00320734641
seq_prof,hal13,10000,1,0.000202121,3.1176,0.02399265359
seq_prof,hal13,100000,1,0.001977853,3.13472,0.00687265359
seq_prof,hal13,100000,1,0.002041352,3.13472,0.00687265359
seq_prof,hal13,100000,1,0.001958748,3.13472,0.00687265359
seq_prof,hal13,100000,1,0.001958797,3.13472,0.00687265359
seq_prof,hal13,100000,1,0.001967581,3.139,0.00259265359
seq_prof,hal13,100000,1,0.002039759,3.139,0.00259265359
seq_prof,hal13,100000,1,0.001960013,3.139,0.00259265359
seq_prof,hal13,100000,1,0.002064092,3.139,0.00259265359
seq_prof,hal13,100000,1,0.001960838,3.139,0.00259265359
seq_prof,hal13,100000,1,0.001914616,3.139,0.00259265359
seq_prof,hal13,100000,1,0.001977349,3.1366,0.00499265359
seq_prof,hal13,100000,1,0.001971454,3.1366,0.00499265359
seq_prof,hal13,100000,1,0.001971051,3.1366,0.00499265359
seq_prof,hal13,100000,1,0.00196119,3.1366,0.00499265359
seq_prof,hal13,100000,1,0.00196332,3.1366,0.00499265359
seq_prof,hal13,100000,1,0.001957953,3.1458,0.00420734641
seq_prof,hal13,100000,1,0.001958212,3.1458,0.00420734641
seq_prof,hal13,100000,1,0.001972911,3.1458,0.00420734641
seq_prof,hal13,100000,1,0.001962039,3.1458,0.00420734641
seq_prof,hal13,100000,1,0.001966256,3.1458,0.00420734641
seq_prof,hal13,100000,1,0.001267368,3.15188,0.01028734641
seq_prof,hal13,100000,1,0.001883436,3.15188,0.01028734641
seq_prof,hal13,100000,1,0.001956679,3.15188,0.01028734641
seq_prof,hal13,100000,1,0.001982101,3.15188,0.01028734641
seq_prof,hal13,100000,1,0.001970876,3.15188,0.01028734641
seq_prof,hal13,1000000,1,0.018278757,3.140416,0.00117665359
seq_prof,hal13,1000000,1,0.019444365,3.140416,0.00117665359
seq_prof,hal13,1000000,1,0.017778982,3.140416,0.00117665359
seq_prof,hal13,1000000,1,0.018252127,3.140416,0.00117665359
seq_prof,hal13,1000000,1,0.017127523,3.142276,0.00068334641
seq_prof,hal13,1000000,1,0.018368231,3.142276,0.00068334641
seq_prof,hal13,1000000,1,0.017990778,3.142276,0.00068334641
seq_prof,hal13,1000000,1,0.018406616,3.142276,0.00068334641
seq_prof,hal13,1000000,1,0.018654654,3.142276,0.00068334641
seq_prof,hal13,1000000,1,0.018429648,3.141616,2.334641e-05
seq_prof,hal13,1000000,1,0.018219473,3.141616,2.334641e-05
seq_prof,hal13,1000000,1,0.018322507,3.141616,2.334641e-05
seq_prof,hal13,1000000,1,0.01800327,3.141616,2.334641e-05
seq_prof,hal13,1000000,1,0.018364532,3.141616,2.334641e-05
seq_prof,hal13,1000000,1,0.01862537,3.140776,0.00081665359
seq_prof,hal13,1000000,1,0.017141912,3.140776,0.00081665359
seq_prof,hal13,1000000,1,0.018639687,3.140776,0.00081665359
seq_prof,hal13,1000000,1,0.018409603,3.140776,0.00081665359
seq_prof,hal13,1000000,1,0.017016425,3.140776,0.00081665359
seq_prof,hal13,1000000,1,0.017961573,3.141868,0.00027534641
seq_prof,hal13,1000000,1,0.017850829,3.141868,0.00027534641
seq_prof,hal13,1000000,1,0.018389572,3.141868,0.00027534641
seq_prof,hal13,1000000,1,0.018155555,3.141868,0.00027534641
seq_prof,hal13,1000000,1,0.018553993,3.14308,0.00148734641
seq_prof,hal13,1000000,1,0.015923832,3.14308,0.00148734641
seq_prof,hal13,10000000,1,0.137689766,3.1422136,0.00062094641
seq_prof,hal13,10000000,1,0.138255111,3.1422136,0.00062094641
seq_prof,hal13,10000000,1,0.137210246,3.1418972,0.00030454641
seq_prof,hal13,10000000,1,0.138755224,3.1418972,0.00030454641
seq_prof,hal13,10000000,1,0.137093687,3.1418972,0.00030454641
seq_prof,hal13,10000000,1,0.137723196,3.1414148,0.00017785359
seq_prof,hal13,10000000,1,0.137976143,3.1414148,0.00017785359
seq_prof,hal13,10000000,1,0.136703189,3.1414148,0.00017785359
seq_prof,hal13,10000000,1,0.13759425,3.1416196,2.694641e-05
seq_prof,hal13,10000000,1,0.13658515,3.1416196,2.694641e-05
seq_prof,hal13,10000000,1,0.137324526,3.1416196,2.694641e-05
seq_prof,hal13,10000000,1,0.136765008,3.1420712,0.00047854641
seq_prof,hal13,10000000,1,0.137609755,3.1420712,0.00047854641
seq_prof,hal13,10000000,1,0.138034308,3.1420712,0.00047854641
seq_prof,hal13,10000000,1,0.137595497,3.1424464,0.00085374641
seq_prof,hal13,10000000,1,0.137177583,3.1424464,0.00085374641
seq_prof,hal13,10000000,1,0.137688545,3.1424464,0.00085374641
seq_prof,hal13,10000000,1,0.137670166,3.1406028,0.00098985359
seq_prof,hal13,10000000,1,0.138212317,3.1406028,0.00098985359
seq_prof,hal13,10000000,1,0.137927466,3.1406028,0.00098985359
seq_prof,hal13,10000000,1,0.137220051,3.1408884,0.00070425359
seq_prof,hal13,10000000,1,0.137822184,3.1408884,0.00070425359
seq_prof,hal13,10000000,1,0.1374642,3.1408884,0.00070425359
seq_prof,hal13,10000000,1,0.136873975,3.1421832,0.00059054641
seq_prof,hal13,10000000,1,0.13699069,3.1421832,0.00059054641
seq_prof,hal13,100000000,1,1.29039292,3.14146708,0.00012557359
seq_prof,hal13,100000000,1,1.293852634,3.141636,4.334641e-05
seq_prof,hal13,100000000,1,1.287077188,3.14149352,9.913359e-05
seq_prof,hal13,100000000,1,1.289520555,3.1418366,0.00024394641
seq_prof,hal13,100000000,1,1.286271841,3.1416152,2.254641e-05
seq_prof,hal13,100000000,1,1.291476117,3.14160584,1.318641e-05
seq_prof,hal13,100000000,1,1.284671811,3.1417628,0.00017014641
seq_prof,hal13,100000000,1,1.28759271,3.14172408,0.00013142641
seq_prof,hal13,100000000,1,1.292212901,3.14138088,0.00021177359
seq_prof,hal13,100000000,1,1.286797212,3.14145288,0.00013977359
seq_prof,hal13,100000000,1,1.283009976,3.14153008,6.257359e-05
seq_prof,hal13,100000000,1,1.288947441,3.14181704,0.00022438641
seq_prof,hal13,100000000,1,1.286923955,3.14169744,0.00010478641
seq_prof,hal13,100000000,1,1.284937322,3.14165372,6.106641e-05
seq_prof,hal13,100000000,1,1.287563653,3.14170736,0.00011470641
seq_prof,hal13,100000000,1,1.28934119,3.14163936,4.670641e-05
seq_prof,hal13,100000000,1,1.286280648,3.14166916,7.650641e-05
seq_prof,hal13,100000000,1,1.288595056,3.14150736,8.529359e-05
seq_prof,hal13,100000000,1,1.296332061,3.14149892,9.373359e-05
seq_prof,hal13,100000000,1,1.299811634,3.14155128,4.137359e-05
seq_prof,hal13,100000000,1,1.282810675,3.1419154,0.00032274641
seq_prof,hal13,100000000,1,1.281037561,3.14163204,3.938641e-05
seq_prof,hal13,100000000,1,1.302907006,3.1417318,0.00013914641
seq_prof,hal13,100000000,1,1.294371307,3.14178852,0.00019586641
seq_prof,hal13,100000000,1,1.293150134,3.14170784,0.00011518641
seq_prof,hal13,1000000000,1,12.861858316,3.141642768,5.011441e-05
seq_prof,hal13,1000000000,1,12.796416872,3.141511448,8.120559e-05
seq_prof,hal13,1000000000,1,12.848891813,3.141552932,3.972159e-05
seq_prof,hal13,1000000000,1,12.815471721,3.14156174,3.091359e-05
seq_prof,hal13,1000000000,1,12.800658942,3.141561708,3.094559e-05
seq_prof,hal13,1000000000,1,12.849357059,3.141540896,5.175759e-05
seq_prof,hal13,1000000000,1,12.794424946,3.141684944,9.229041e-05
seq_prof,hal13,1000000000,1,12.841459436,3.141555416,3.723759e-05
seq_prof,hal13,1000000000,1,12.823039257,3.141609932,1.727841e-05
seq_prof,hal13,1000000000,1,12.788775681,3.141622368,2.971441e-05
seq_prof,hal13,1000000000,1,12.840151511,3.141595376,2.72241e-06
seq_prof,hal13,1000000000,1,12.849749476,3.14160972,1.706641e-05
seq_prof,hal13,1000000000,1,12.851742207,3.141584424,8.22959e-06
seq_prof,hal13,1000000000,1,12.839856716,3.141716552,0.00012389841
seq_prof,hal13,1000000000,1,12.853108308,3.141528516,6.413759e-05
seq_prof,hal13,1000000000,1,12.81668673,3.141637312,4.465841e-05
seq_prof,hal13,1000000000,1,12.880485538,3.141588704,3.94959e-06
seq_prof,hal13,1000000000,1,12.85495794,3.141497784,9.486959e-05
seq_prof,hal13,1000000000,1,12.903323953,3.141537416,5.523759e-05
seq_prof,hal13,1000000000,1,12.852887841,3.141636924,4.427041e-05
seq_prof,hal13,1000000000,1,12.909296626,3.141520848,7.180559e-05
seq_prof,hal13,1000000000,1,12.83313614,3.141618228,2.557441e-05
seq_prof,hal13,1000000000,1,12.838754601,3.141596476,3.82241e-06
seq_prof,hal13,1000000000,1,12.872989497,3.1416568,6.414641e-05
seq_prof,hal13,1000000000,1,12.8418979,3.141624688,3.203441e-05
seq_prof,hal13,10000000000,1,128.40887886,3.1415544372,3.821639e-05
seq_prof,hal13,10000000000,1,128.265024022,3.1416050556,1.240201e-05
seq_prof,hal13,10000000000,1,128.070278036,3.1416110416,1.838801e-05
seq_prof,hal13,10000000000,1,128.275264007,3.141582414,1.023959e-05
seq_prof,hal13,10000000000,1,128.487803077,3.141598278,5.62441e-06
seq_prof,hal13,10000000000,1,128.093284185,3.1416036548,1.100121e-05
seq_prof,hal13,10000000000,1,128.425080956,3.1415907828,1.87079e-06
seq_prof,hal13,10000000000,1,128.35128806,3.1415985708,5.91721e-06
seq_prof,hal13,10000000000,1,128.38469022,3.1416240028,3.134921e-05
seq_prof,hal13,10000000000,1,128.214791471,3.1415911108,1.54279e-06
seq_prof,hal13,10000000000,1,128.446085935,3.1415998132,7.15961e-06
seq_prof,hal13,10000000000,1,128.051182779,3.141558444,3.420959e-05
seq_prof,hal13,10000000000,1,128.015622187,3.1415687996,2.385399e-05
seq_prof,hal13,10000000000,1,128.377929895,3.1415745288,1.812479e-05
seq_prof,hal13,10000000000,1,128.342712871,3.1415939464,1.29281e-06
seq_prof,hal13,10000000000,1,128.508875338,3.1415585032,3.415039e-05
seq_prof,hal13,10000000000,1,128.186124751,3.1416009072,8.25361e-06
seq_prof,hal13,10000000000,1,128.247426224,3.1416157748,2.312121e-05
seq_prof,hal13,10000000000,1,128.456893541,3.1416041928,1.153921e-05
seq_prof,hal13,10000000000,1,128.301545547,3.1415945672,1.91361e-06
seq_prof,hal13,10000000000,1,128.541611802,3.1415955488,2.89521e-06
seq_prof,hal13,10000000000,1,128.461317997,3.1415855748,7.07879e-06
seq_prof,hal13,10000000000,1,128.425362163,3.1415866808,5.97279e-06
seq_prof,hal13,10000000000,1,128.63498792,3.1416095724,1.691881e-05
seq_prof,hal13,10000000000,1,128.370163791,3.141594158,1.50441e-06
par_prof,hal13,1000,1,2.577e-05,3.108,0.03359265359
par_prof,hal13,1000,1,2.5306e-05,3.108,0.03359265359
par_prof,hal13,1000,1,2.4991e-05,3.108,0.03359265359
par_prof,hal13,1000,1,2.5836e-05,3.108,0.03359265359
par_prof,hal13,1000,1,2.6324e-05,3.024,0.11759265359
par_prof,hal13,1000,2,8.57e-05,3.004,0.13759265359
par_prof,hal13,1000,2,8.0513e-05,3.004,0.13759265359
par_prof,hal13,1000,2,8.904e-05,3.004,0.13759265359
par_prof,hal13,1000,2,9.6404e-05,3.004,0.13759265359
par_prof,hal13,1000,2,8.4931e-05,3.048,0.09359265359
par_prof,hal13,1000,4,0.000105524,3.096,0.04559265359
par_prof,hal13,1000,4,0.000116287,3.096,0.04559265359
par_prof,hal13,1000,4,0.000112589,3.096,0.04559265359
par_prof,hal13,1000,4,0.000123247,3.096,0.04559265359
par_prof,hal13,1000,4,0.000116193,3.16,0.01840734641
par_prof,hal13,1000,6,0.000174571,3.1,0.04159265359
par_prof,hal13,1000,6,0.000173264,3.1,0.04159265359
par_prof,hal13,1000,6,0.000178267,3.1,0.04159265359
par_prof,hal13,1000,6,0.000156833,3.1,0.04159265359
par_prof,hal13,1000,6,0.000163149,3.124,0.01759265359
par_prof,hal13,1000,8,0.000370497,3.104,0.03759265359
par_prof,hal13,1000,8,0.000206779,3.104,0.03759265359
par_prof,hal13,1000,8,0.000199951,3.104,0.03759265359
par_prof,hal13,1000,8,0.000190839,3.104,0.03759265359
par_prof,hal13,1000,8,0.00022194,3.084,0.05759265359
par_prof,hal13,10000,1,0.000202388,3.1324,0.00919265359
par_prof,hal13,10000,1,0.000195514,3.1324,0.00919265359
par_prof,hal13,10000,1,0.00021653,3.1324,0.00919265359
par_prof,hal13,10000,1,0.000131898,3.1324,0.00919265359
par_prof,hal13,10000,1,0.000201451,3.1552,0.01360734641
par_prof,hal13,10000,2,0.000186421,3.16,0.01840734641
par_prof,hal13,10000,2,0.00016772,3.16,0.01840734641
par_prof,hal13,10000,2,0.000169107,3.16,0.01840734641
par_prof,hal13,10000,2,0.000167623,3.16,0.01840734641
par_prof,hal13,10000,2,0.000171063,3.156,0.01440734641
par_prof,hal13,10000,4,0.000121107,3.1544,0.01280734641
par_prof,hal13,10000,4,0.000163777,3.1544,0.01280734641
par_prof,hal13,10000,4,0.000216464,3.1544,0.01280734641
par_prof,hal13,10000,4,0.000152618,3.1544,0.01280734641
par_prof,hal13,10000,4,0.000167103,3.1592,0.01760734641
par_prof,hal13,10000,6,0.000232261,3.1448,0.00320734641
par_prof,hal13,10000,6,0.000183864,3.1448,0.00320734641
par_prof,hal13,10000,6,0.000217562,3.1448,0.00320734641
par_prof,hal13,10000,6,0.000198214,3.1448,0.00320734641
par_prof,hal13,10000,6,0.000216895,3.1436,0.00200734641
par_prof,hal13,10000,8,0.000290662,3.134,0.00759265359
par_prof,hal13,10000,8,0.000274055,3.134,0.00759265359
par_prof,hal13,10000,8,0.000257246,3.134,0.00759265359
par_prof,hal13,10000,8,0.000265824,3.134,0.00759265359
par_prof,hal13,10000,8,0.000276289,3.1452,0.00360734641
par_prof,hal13,100000,1,0.001969891,3.13512,0.00647265359
par_prof,hal13,100000,1,0.001970212,3.13512,0.00647265359
par_prof,hal13,100000,1,0.001988873,3.13512,0.00647265359
par_prof,hal13,100000,1,0.001977331,3.13512,0.00647265359
par_prof,hal13,100000,1,0.001975085,3.14796,0.00636734641
par_prof,hal13,100000,2,0.001075092,3.142,0.00040734641
par_prof,hal13,100000,2,0.001061499,3.142,0.00040734641
par_prof,hal13,100000,2,0.001099671,3.142,0.00040734641
par_prof,hal13,100000,2,0.001058298,3.142,0.00040734641
par_prof,hal13,100000,2,0.001070607,3.14,0.00159265359
par_prof,hal13,100000,4,0.000596819,3.1394,0.00219265359
par_prof,hal13,100000,4,0.000615459,3.1394,0.00219265359
par_prof,hal13,100000,4,0.00060604,3.1394,0.00219265359
par_prof,hal13,100000,4,0.000684574,3.1394,0.00219265359
par_prof,hal13,100000,4,0.00059737,3.14428,0.00268734641
par_prof,hal13,100000,6,0.000737824,3.14428,0.00268734641
par_prof,hal13,100000,6,0.000723511,3.14428,0.00268734641
par_prof,hal13,100000,6,0.000743741,3.14428,0.00268734641
par_prof,hal13,100000,6,0.000743281,3.14428,0.00268734641
par_prof,hal13,100000,6,0.000696716,3.14576,0.00416734641
par_prof,hal13,100000,8,0.000631965,3.14856,0.00696734641
par_prof,hal13,100000,8,0.000628368,3.14856,0.00696734641
par_prof,hal13,100000,8,0.000657409,3.14856,0.00696734641
par_prof,hal13,100000,8,0.000707994,3.14856,0.00696734641
par_prof,hal13,100000,8,0.003244397,3.15068,0.00908734641
par_prof,hal13,1000000,1,0.018195449,3.142768,0.00117534641
par_prof,hal13,1000000,1,0.018372137,3.142768,0.00117534641
par_prof,hal13,1000000,1,0.01810136,3.142768,0.00117534641
par_prof,hal13,1000000,1,0.017868989,3.142768,0.00117534641
par_prof,hal13,1000000,1,0.018460645,3.142488,0.00089534641
par_prof,hal13,1000000,2,0.009515203,3.144736,0.00314334641
par_prof,hal13,1000000,2,0.009739203,3.144736,0.00314334641
par_prof,hal13,1000000,2,0.009161729,3.144736,0.00314334641
par_prof,hal13,1000000,2,0.009716872,3.14436,0.00276734641
par_prof,hal13,1000000,2,0.009064155,3.14436,0.00276734641
par_prof,hal13,1000000,4,0.005035078,3.144216,0.00262334641
par_prof,hal13,1000000,4,0.00504112,3.144216,0.00262334641
par_prof,hal13,1000000,4,0.005214641,3.144216,0.00262334641
par_prof,hal13,1000000,4,0.004903804,3.14248,0.00088734641
par_prof,hal13,1000000,4,0.005206453,3.14248,0.00088734641
par_prof,hal13,1000000,6,0.005737318,3.141664,7.134641e-05
par_prof,hal13,1000000,6,0.00551641,3.141664,7.134641e-05
par_prof,hal13,1000000,6,0.005356727,3.141664,7.134641e-05
par_prof,hal13,1000000,6,0.005484944,3.141956,0.00036334641
par_prof,hal13,1000000,6,0.00578456,3.141956,0.00036334641
par_prof,hal13,1000000,8,0.004587802,3.14362,0.00202734641
par_prof,hal13,1000000,8,0.004670229,3.14362,0.00202734641
par_prof,hal13,1000000,8,0.004325537,3.14362,0.00202734641
par_prof,hal13,1000000,8,0.004411045,3.143328,0.00173534641
par_prof,hal13,1000000,8,0.00448325,3.143328,0.00173534641
par_prof,hal13,10000000,1,0.137288368,3.141606,1.334641e-05
par_prof,hal13,10000000,1,0.137570505,3.141606,1.334641e-05
par_prof,hal13,10000000,1,0.128397775,3.1411872,0.00040545359
par_prof,hal13,10000000,1,0.137756751,3.1411872,0.00040545359
par_prof,hal13,10000000,1,0.137795195,3.1411872,0.00040545359
par_prof,hal13,10000000,2,0.118393457,3.1410504,0.00054225359
par_prof,hal13,10000000,2,0.073407471,3.1410504,0.00054225359
par_prof,hal13,10000000,2,0.072756227,3.1410504,0.00054225359
par_prof,hal13,10000000,2,0.07341438,3.1416148,2.214641e-05
par_prof,hal13,10000000,2,0.073602576,3.1416148,2.214641e-05
par_prof,hal13,10000000,4,0.040496048,3.1418164,0.00022374641
par_prof,hal13,10000000,4,0.040800254,3.1418164,0.00022374641
par_prof,hal13,10000000,4,0.038275523,3.1422728,0.00068014641
par_prof,hal13,10000000,4,0.040429157,3.1422728,0.00068014641
par_prof,hal13,10000000,4,0.040940557,3.1422728,0.00068014641
par_prof,hal13,10000000,6,0.045568971,3.1425196,0.00092694641
par_prof,hal13,10000000,6,0.044654065,3.1423796,0.00078694641
par_prof,hal13,10000000,6,0.044537041,3.1423796,0.00078694641
par_prof,hal13,10000000,6,0.045751859,3.1423796,0.00078694641
par_prof,hal13,10000000,6,0.04579758,3.1423796,0.00078694641
par_prof,hal13,10000000,8,0.035690739,3.141644,5.134641e-05
par_prof,hal13,10000000,8,0.036511734,3.141644,5.134641e-05
par_prof,hal13,10000000,8,0.036899679,3.141644,5.134641e-05
par_prof,hal13,10000000,8,0.038991455,3.141644,5.134641e-05
par_prof,hal13,10000000,8,0.03648452,3.1412628,0.00032985359
par_prof,hal13,100000000,1,1.293623422,3.1418208,0.00022814641
par_prof,hal13,100000000,1,1.283226678,3.14175528,0.00016262641
par_prof,hal13,100000000,1,1.292189546,3.14178208,0.00018942641
par_prof,hal13,100000000,1,1.308634642,3.14170164,0.00010898641
par_prof,hal13,100000000,1,1.294450084,3.14142672,0.00016593359
par_prof,hal13,100000000,2,0.653231102,3.14155184,4.081359e-05
par_prof,hal13,100000000,2,0.659777204,3.14170408,0.00011142641
par_prof,hal13,100000000,2,0.658827858,3.14164264,4.998641e-05
par_prof,hal13,100000000,2,0.661897952,3.14152724,6.541359e-05
par_prof,hal13,100000000,2,0.660972529,3.14176652,0.00017386641
par_prof,hal13,100000000,4,0.34991815,3.14169972,0.00010706641
par_prof,hal13,100000000,4,0.348543112,3.1416366,4.394641e-05
par_prof,hal13,100000000,4,0.348776372,3.1416014,8.74641e-06
par_prof,hal13,100000000,4,0.349631812,3.1416014,8.74641e-06
par_prof,hal13,100000000,4,0.352517102,3.14157884,1.381359e-05
par_prof,hal13,100000000,6,0.389989619,3.14150328,8.937359e-05
par_prof,hal13,100000000,6,0.400824861,3.14154376,4.889359e-05
par_prof,hal13,100000000,6,0.397870154,3.14154376,4.889359e-05
par_prof,hal13,100000000,6,0.374045863,3.14150368,8.897359e-05
par_prof,hal13,100000000,6,0.390651961,3.14148844,0.00010421359
par_prof,hal13,100000000,8,0.307800604,3.1415716,2.105359e-05
par_prof,hal13,100000000,8,0.312345583,3.14163908,4.642641e-05
par_prof,hal13,100000000,8,0.31151357,3.14163908,4.642641e-05
par_prof,hal13,100000000,8,0.317274331,3.14165744,6.478641e-05
par_prof,hal13,100000000,8,0.310495952,3.14165744,6.478641e-05
par_prof,hal13,1000000000,1,12.855415902,3.141602144,9.49041e-06
par_prof,hal13,1000000000,1,12.869461795,3.141517052,7.560159e-05
par_prof,hal13,1000000000,1,12.861172348,3.141639128,4.647441e-05
par_prof,hal13,1000000000,1,12.859901637,3.141639312,4.665841e-05
par_prof,hal13,1000000000,1,12.828505336,3.141514872,7.778159e-05
par_prof,hal13,1000000000,2,6.553864225,3.141664016,7.136241e-05
par_prof,hal13,1000000000,2,6.533882716,3.141695228,0.00010257441
par_prof,hal13,1000000000,2,6.538597565,3.141630016,3.736241e-05
par_prof,hal13,1000000000,2,6.534239752,3.141557924,3.472959e-05
par_prof,hal13,1000000000,2,6.549234572,3.141504376,8.827759e-05
par_prof,hal13,1000000000,4,3.474194971,3.141580116,1.253759e-05
par_prof,hal13,1000000000,4,3.473278626,3.14159284,1.8641e-07
par_prof,hal13,1000000000,4,3.467307132,3.141610164,1.751041e-05
par_prof,hal13,1000000000,4,3.497675679,3.141610548,1.789441e-05
par_prof,hal13,1000000000,4,3.482841087,3.141618728,2.607441e-05
par_prof,hal13,1000000000,6,3.322029802,3.141617112,2.445841e-05
par_prof,hal13,1000000000,6,3.379892991,3.141685752,9.309841e-05
par_prof,hal13,1000000000,6,3.326192922,3.141623476,3.082241e-05
par_prof,hal13,1000000000,6,3.339212579,3.141607496,1.484241e-05
par_prof,hal13,1000000000,6,3.347530635,3.141552296,4.035759e-05
par_prof,hal13,1000000000,8,3.117050776,3.141557004,3.564959e-05
par_prof,hal13,1000000000,8,3.118722654,3.141516932,7.572159e-05
par_prof,hal13,1000000000,8,3.098545917,3.141525008,6.764559e-05
par_prof,hal13,1000000000,8,3.15013448,3.141522784,6.986959e-05
par_prof,hal13,1000000000,8,3.108979011,3.141591876,7.7759e-07
par_prof,hal13,10000000000,1,128.616064574,3.1415618512,3.080239e-05
par_prof,hal13,10000000000,1,128.560826605,3.1415640484,2.860519e-05
par_prof,hal13,10000000000,1,128.574272928,3.1415639496,2.870399e-05
par_prof,hal13,10000000000,1,128.555981769,3.1415835692,9.08439e-06
par_prof,hal13,10000000000,1,128.632472046,3.1415903912,2.26239e-06
par_prof,hal13,10000000000,2,65.364126684,3.1415818964,1.075719e-05
par_prof,hal13,10000000000,2,65.343756921,3.1415945984,1.94481e-06
par_prof,hal13,10000000000,2,65.216475843,3.1416012952,8.64161e-06
par_prof,hal13,10000000000,2,65.309154695,3.1415899896,2.66399e-06
par_prof,hal13,10000000000,2,65.341710581,3.1415998516,7.19801e-06
par_prof,hal13,10000000000,4,34.704113846,3.14159543,2.77641e-06
par_prof,hal13,10000000000,4,35.05469831,3.1416002572,7.60361e-06
par_prof,hal13,10000000000,4,35.145838437,3.1416273972,3.474361e-05
par_prof,hal13,10000000000,4,35.350405001,3.1415850896,7.56399e-06
par_prof,hal13,10000000000,4,35.346300424,3.1416224296,2.977601e-05
par_prof,hal13,10000000000,6,33.921591346,3.1415844304,8.22319e-06
par_prof,hal13,10000000000,6,33.958457338,3.1415653528,2.730079e-05
par_prof,hal13,10000000000,6,34.007209881,3.1415877424,4.91119e-06
par_prof,hal13,10000000000,6,34.1191272,3.1416017884,9.13481e-06
par_prof,hal13,10000000000,6,33.888038429,3.141590324,2.32959e-06
par_prof,hal13,10000000000,8,31.841419942,3.1415590328,3.362079e-05
par_prof,hal13,10000000000,8,31.728368811,3.1415856576,6.99599e-06
par_prof,hal13,10000000000,8,31.823339614,3.1415974664,4.81281e-06
par_prof,hal13,10000000000,8,31.785040416,3.141592004,6.4959e-07
par_prof,hal13,10000000000,8,31.804957242,3.1415930132,3.5961e-07
codigo,hal13,1000,1,9.384e-06,3.156,0.01440734641
codigo,hal13,1000,1,9.285e-06,3.148,0.00640734641
codigo,hal13,1000,1,9.446e-06,3.168,0.02640734641
codigo,hal13,1000,1,9.572e-06,3.18,0.03840734641
codigo,hal13,1000,1,9.657e-06,3.144,0.00240734641
codigo,hal13,1000,2,8.2136e-05,3.108,0.03359265359
codigo,hal13,1000,2,7.0715e-05,3.172,0.03040734641
codigo,hal13,1000,2,7.8748e-05,3.112,0.02959265359
codigo,hal13,1000,2,6.612e-05,3.144,0.00240734641
codigo,hal13,1000,2,7.9139e-05,3.136,0.00559265359
codigo,hal13,1000,4,0.000112284,3.128,0.01359265359
codigo,hal13,1000,4,0.000108837,3.144,0.00240734641
codigo,hal13,1000,4,0.000115765,3.156,0.01440734641
codigo,hal13,1000,4,0.00011114,3.156,0.01440734641
codigo,hal13,1000,4,0.000127391,3.184,0.04240734641
codigo,hal13,1000,6,0.000157326,3.14,0.00159265359
codigo,hal13,1000,6,0.000149448,3.124,0.01759265359
codigo,hal13,1000,6,0.000151885,3.14,0.00159265359
codigo,hal13,1000,6,0.000120383,3.152,0.01040734641
codigo,hal13,1000,6,0.000164463,3.132,0.00959265359
codigo,hal13,1000,8,0.0001818,3.152,0.01040734641
codigo,hal13,1000,8,0.000242079,3.132,0.00959265359
codigo,hal13,1000,8,0.000195535,3.148,0.00640734641
codigo,hal13,1000,8,0.000187066,3.144,0.00240734641
codigo,hal13,1000,8,0.000252046,3.128,0.01359265359
codigo,hal13,10000,1,4.6535e-05,3.146,0.00440734641
codigo,hal13,10000,1,4.6552e-05,3.1448,0.00320734641
codigo,hal13,10000,1,4.6441e-05,3.1368,0.00479265359
codigo,hal13,10000,1,3.0675e-05,3.142,0.00040734641
codigo,hal13,10000,1,4.654e-05,3.1456,0.00400734641
codigo,hal13,10000,2,9.7651e-05,3.1416,7.34641e-06
codigo,hal13,10000,2,9.3183e-05,3.1396,0.00199265359
codigo,hal13,10000,2,9.177e-05,3.138,0.00359265359
codigo,hal13,10000,2,9.3676e-05,3.1416,7.34641e-06
codigo,hal13,10000,2,9.7377e-05,3.1432,0.00160734641
codigo,hal13,10000,4,0.000122986,3.14,0.00159265359
codigo,hal13,10000,4,0.000119133,3.142,0.00040734641
codigo,hal13,10000,4,0.000131721,3.1464,0.00480734641
codigo,hal13,10000,4,0.000122712,3.1404,0.00119265359
codigo,hal13,10000,4,0.000129711,3.1444,0.00280734641
codigo,hal13,10000,6,0.000166859,3.1452,0.00360734641
codigo,hal13,10000,6,0.000166431,3.1456,0.00400734641
codigo,hal13,10000,6,0.000182958,3.148,0.00640734641
codigo,hal13,10000,6,0.000178115,3.136,0.00559265359
codigo,hal13,10000,6,0.000175186,3.1412,0.00039265359
codigo,hal13,10000,8,0.000191506,3.1456,0.00400734641
codigo,hal13,10000,8,0.000192763,3.1444,0.00280734641
codigo,hal13,10000,8,0.000211449,3.1424,0.00080734641
codigo,hal13,10000,8,0.000248158,3.1388,0.00279265359
codigo,hal13,10000,8,0.000201224,3.1452,0.00360734641
codigo,hal13,100000,1,0.000395524,3.14092,0.00067265359
codigo,hal13,100000,1,0.000444379,3.14084,0.00075265359
codigo,hal13,100000,1,0.000410732,3.14112,0.00047265359
codigo,hal13,100000,1,0.00041122,3.14224,0.00064734641
codigo,hal13,100000,1,0.000425691,3.14216,0.00056734641
codigo,hal13,100000,2,0.000279251,3.14152,7.265359e-05
codigo,hal13,100000,2,0.000277376,3.14116,0.00043265359
codigo,hal13,100000,2,0.000302158,3.14124,0.00035265359
codigo,hal13,100000,2,0.000277001,3.1412,0.00039265359
codigo,hal13,100000,2,0.000278559,3.14144,0.00015265359
codigo,hal13,100000,4,0.000208702,3.14112,0.00047265359
codigo,hal13,100000,4,0.000210106,3.14112,0.00047265359
codigo,hal13,100000,4,0.000203065,3.14076,0.00083265359
codigo,hal13,100000,4,0.000161547,3.14152,7.265359e-05
codigo,hal13,100000,4,0.000212142,3.14192,0.00032734641
codigo,hal13,100000,6,0.000268883,3.14132,0.00027265359
codigo,hal13,100000,6,0.000257305,3.14208,0.00048734641
codigo,hal13,100000,6,0.000265494,3.14208,0.00048734641
codigo,hal13,100000,6,0.000208502,3.14084,0.00075265359
codigo,hal13,100000,6,0.000282233,3.14196,0.00036734641
codigo,hal13,100000,8,0.000293841,3.14148,0.00011265359
codigo,hal13,100000,8,0.000273977,3.14168,8.734641e-05
codigo,hal13,100000,8,0.000292048,3.14272,0.00112734641
codigo,hal13,100000,8,0.000283912,3.14104,0.00055265359
codigo,hal13,100000,8,0.00029039,3.14096,0.00063265359
codigo,hal13,1000000,1,0.004059275,3.141624,3.134641e-05
codigo,hal13,1000000,1,0.002664904,3.141572,2.065359e-05
codigo,hal13,1000000,1,0.004055887,3.14162,2.734641e-05
codigo,hal13,1000000,1,0.004175909,3.141688,9.534641e-05
codigo,hal13,1000000,1,0.004142369,3.14166,6.734641e-05
codigo,hal13,1000000,2,0.002101158,3.141636,4.334641e-05
codigo,hal13,1000000,2,0.001394143,3.141664,7.134641e-05
codigo,hal13,1000000,2,0.002113361,3.141512,8.065359e-05
codigo,hal13,1000000,2,0.002113627,3.141592,6.5359e-07
codigo,hal13,1000000,2,0.00213533,3.14164,4.734641e-05
codigo,hal13,1000000,4,0.001121827,3.141604,1.134641e-05
codigo,hal13,1000000,4,0.000782086,3.141536,5.665359e-05
codigo,hal13,1000000,4,0.001125128,3.141532,6.065359e-05
codigo,hal13,1000000,4,0.001131715,3.141484,0.00010865359
codigo,hal13,1000000,4,0.001140053,3.141608,1.534641e-05
codigo,hal13,1000000,6,0.001348785,3.141648,5.534641e-05
codigo,hal13,1000000,6,0.00137824,3.141548,4.465359e-05
codigo,hal13,1000000,6,0.001365727,3.141592,6.5359e-07
codigo,hal13,1000000,6,0.00135746,3.141572,2.065359e-05
codigo,hal13,1000000,6,0.001349461,3.141628,3.534641e-05
codigo,hal13,1000000,8,0.001109925,3.141552,4.065359e-05
codigo,hal13,1000000,8,0.001110215,3.141496,9.665359e-05
codigo,hal13,1000000,8,0.001101139,3.141408,0.00018465359
codigo,hal13,1000000,8,0.001094476,3.141444,0.00014865359
codigo,hal13,1000000,8,0.001136048,3.141664,7.134641e-05
codigo,hal13,10000000,1,0.034124142,3.1416036,1.094641e-05
codigo,hal13,10000000,1,0.029648907,3.141572,2.065359e-05
codigo,hal13,10000000,1,0.034515202,3.1415892,3.45359e-06
codigo,hal13,10000000,1,0.034933786,3.1416,7.34641e-06
codigo,hal13,10000000,1,0.034557499,3.1415996,6.94641e-06
codigo,hal13,10000000,2,0.018170971,3.1415952,2.54641e-06
codigo,hal13,10000000,2,0.018364897,3.141582,1.065359e-05
codigo,hal13,10000000,2,0.01897357,3.141628,3.534641e-05
codigo,hal13,10000000,2,0.018468269,3.1415656,2.705359e-05
codigo,hal13,10000000,2,0.018682639,3.1416072,1.454641e-05
codigo,hal13,10000000,4,0.009731995,3.141602,9.34641e-06
codigo,hal13,10000000,4,0.009942468,3.14158,1.265359e-05
codigo,hal13,10000000,4,0.009934475,3.1415816,1.105359e-05
codigo,hal13,10000000,4,0.00975401,3.1415944,1.74641e-06
codigo,hal13,10000000,4,0.00979488,3.1415812,1.145359e-05
codigo,hal13,10000000,6,0.011415367,3.1415816,1.105359e-05
codigo,hal13,10000000,6,0.010682666,3.1415884,4.25359e-06
codigo,hal13,10000000,6,0.011132678,3.1416,7.34641e-06
codigo,hal13,10000000,6,0.011593361,3.1415952,2.54641e-06
codigo,hal13,10000000,6,0.011439708,3.1415932,5.4641e-07
codigo,hal13,10000000,8,0.00899574,3.1416068,1.414641e-05
codigo,hal13,10000000,8,0.006687233,3.1415968,4.14641e-06
codigo,hal13,10000000,8,0.008657153,3.1416036,1.094641e-05
codigo,hal13,10000000,8,0.008950503,3.1415692,2.345359e-05
codigo,hal13,10000000,8,0.009072781,3.141562,3.065359e-05
codigo,hal13,100000000,1,0.272172423,3.14159408,1.42641e-06
codigo,hal13,100000000,1,0.271055001,3.14159196,6.9359e-07
codigo,hal13,100000000,1,0.272687473,3.1415944,1.74641e-06
codigo,hal13,100000000,1,0.271782449,3.14158952,3.13359e-06
codigo,hal13,100000000,1,0.272623483,3.14159372,1.06641e-06
codigo,hal13,100000000,2,0.142840062,3.14159436,1.70641e-06
codigo,hal13,100000000,2,0.143238937,3.1415952,2.54641e-06
codigo,hal13,100000000,2,0.141625433,3.1415904,2.25359e-06
codigo,hal13,100000000,2,0.134049206,3.14159564,2.98641e-06
codigo,hal13,100000000,2,0.133969952,3.14159432,1.66641e-06
codigo,hal13,100000000,4,0.128421271,3.14159276,1.0641e-07
codigo,hal13,100000000,4,0.07626467,3.14158912,3.53359e-06
codigo,hal13,100000000,4,0.07721671,3.14159164,1.01359e-06
codigo,hal13,100000000,4,0.075984942,3.14158892,3.73359e-06
codigo,hal13,100000000,4,0.076380484,3.141592,6.5359e-07
codigo,hal13,100000000,6,0.087535544,3.14159392,1.26641e-06
codigo,hal13,100000000,6,0.087559673,3.14158996,2.69359e-06
codigo,hal13,100000000,6,0.087660993,3.14159164,1.01359e-06
codigo,hal13,100000000,6,0.087362013,3.14159436,1.70641e-06
codigo,hal13,100000000,6,0.088139335,3.14159468,2.02641e-06
codigo,hal13,100000000,8,0.068219696,3.14159144,1.21359e-06
codigo,hal13,100000000,8,0.074953137,3.14159096,1.69359e-06
codigo,hal13,100000000,8,0.068808856,3.14159532,2.66641e-06
codigo,hal13,100000000,8,0.068897252,3.14159276,1.0641e-07
codigo,hal13,100000000,8,0.069465832,3.14159308,4.2641e-07
codigo,hal13,1000000000,1,2.644519952,3.141592836,1.8241e-07
codigo,hal13,1000000000,1,2.659418548,3.141592764,1.1041e-07
codigo,hal13,1000000000,1,2.640120267,3.141593448,7.9441e-07
codigo,hal13,1000000000,1,2.646070897,3.141592636,1.759e-08
codigo,hal13,1000000000,1,2.646040852,3.141591964,6.8959e-07
codigo,hal13,1000000000,2,1.345131498,3.141592492,1.6159e-07
codigo,hal13,1000000000,2,1.344681098,3.141592816,1.6241e-07
codigo,hal13,1000000000,2,1.346864026,3.141591472,1.18159e-06
codigo,hal13,1000000000,2,1.3452656,3.141592432,2.2159e-07
codigo,hal13,1000000000,2,1.34194222,3.141593176,5.2241e-07
codigo,hal13,1000000000,4,0.702698928,3.141592584,6.959e-08
codigo,hal13,1000000000,4,0.703677486,3.14159218,4.7359e-07
codigo,hal13,1000000000,4,0.709452514,3.141592316,3.3759e-07
codigo,hal13,1000000000,4,0.701933025,3.141592248,4.0559e-07
codigo,hal13,1000000000,4,0.695963294,3.141592452,2.0159e-07
codigo,hal13,1000000000,6,0.744578931,3.141593148,4.9441e-07
codigo,hal13,1000000000,6,0.699903753,3.141592104,5.4959e-07
codigo,hal13,1000000000,6,0.706378596,3.141593104,4.5041e-07
codigo,hal13,1000000000,6,0.712853683,3.141593476,8.2241e-07
codigo,hal13,1000000000,6,0.729268065,3.141593064,4.1041e-07
codigo,hal13,1000000000,8,0.638634965,3.141592664,1.041e-08
codigo,hal13,1000000000,8,0.633778862,3.141593476,8.2241e-07
codigo,hal13,1000000000,8,0.630690559,3.14159204,6.1359e-07
codigo,hal13,1000000000,8,0.643826233,3.141592072,5.8159e-07
codigo,hal13,1000000000,8,0.64039269,3.14159308,4.2641e-07
codigo,hal13,10000000000,1,26.313540984,3.1415926772,2.361e-08
codigo,hal13,10000000000,1,26.371940374,3.1415925844,6.919e-08
codigo,hal13,10000000000,1,26.388150182,3.1415926408,1.279e-08
codigo,hal13,10000000000,1,26.438407733,3.141592652,1.59e-09
codigo,hal13,10000000000,1,26.355190776,3.1415926328,2.079e-08
codigo,hal13,10000000000,2,13.438277846,3.141592646,7.59e-09
codigo,hal13,10000000000,2,13.416298304,3.141592782,1.2841e-07
codigo,hal13,10000000000,2,13.404705348,3.141592786,1.3241e-07
codigo,hal13,10000000000,2,13.393871317,3.141592708,5.441e-08
codigo,hal13,10000000000,2,13.428213387,3.1415925328,1.2079e-07
codigo,hal13,10000000000,4,6.955436191,3.1415926496,3.99e-09
codigo,hal13,10000000000,4,6.972657997,3.1415926332,2.039e-08
codigo,hal13,10000000000,4,6.955935068,3.1415925244,1.2919e-07
codigo,hal13,10000000000,4,6.96216099,3.1415926196,3.399e-08
codigo,hal13,10000000000,4,6.964158719,3.1415925032,1.5039e-07
codigo,hal13,10000000000,6,6.717691426,3.1415925012,1.5239e-07
codigo,hal13,10000000000,6,6.748897672,3.1415925952,5.839e-08
codigo,hal13,10000000000,6,6.786915647,3.141592538,1.1559e-07
codigo,hal13,10000000000,6,6.737686049,3.141592834,1.8041e-07
codigo,hal13,10000000000,6,6.762251955,3.141592926,2.7241e-07
codigo,hal13,10000000000,8,6.299740624,3.141592616,3.759e-08
codigo,hal13,10000000000,8,6.297265699,3.1415925864,6.719e-08
codigo,hal13,10000000000,8,6.278695308,3.1415926672,1.361e-08
codigo,hal13,10000000000,8,6.299091153,3.1415926756,2.201e-08
codigo,hal13,10000000000,8,6.298912268,3.1415927768,1.2321e-07
seq_prof,hal07,1000,1,2.1855e-05,3.1,0.04159265359
seq_prof,hal07,1000,1,2.1949e-05,3.1,0.04159265359
seq_prof,hal07,1000,1,2.0992e-05,3.1,0.04159265359
seq_prof,hal07,1000,1,2.187e-05,3.1,0.04159265359
seq_prof,hal07,1000,1,2.1661e-05,3.172,0.03040734641
seq_prof,hal07,1000,1,2.1544e-05,3.172,0.03040734641
seq_prof,hal07,1000,1,2.3823e-05,3.172,0.03040734641
seq_prof,hal07,1000,1,2.3933e-05,3.172,0.03040734641
seq_prof,hal07,1000,1,2.1203e-05,3.172,0.03040734641
seq_prof,hal07,1000,1,2.4086e-05,3.124,0.01759265359
seq_prof,hal07,1000,1,2.1559e-05,3.124,0.01759265359
seq_prof,hal07,1000,1,2.6523e-05,3.124,0.01759265359
seq_prof,hal07,1000,1,5.2581e-05,3.124,0.01759265359
seq_prof,hal07,1000,1,2.377e-05,3.124,0.01759265359
seq_prof,hal07,1000,1,2.1411e-05,3.156,0.01440734641
seq_prof,hal07,1000,1,2.4219e-05,3.156,0.01440734641
seq_prof,hal07,1000,1,2.1381e-05,3.156,0.01440734641
seq_prof,hal07,1000,1,3.4961e-05,3.156,0.01440734641
seq_prof,hal07,1000,1,2.1671e-05,3.156,0.01440734641
seq_prof,hal07,1000,1,2.1919e-05,3.12,0.02159265359
seq_prof,hal07,1000,1,2.1756e-05,3.12,0.02159265359
seq_prof,hal07,1000,1,2.1769e-05,3.12,0.02159265359
seq_prof,hal07,1000,1,1.4171e-05,3.12,0.02159265359
seq_prof,hal07,1000,1,2.4222e-05,3.12,0.02159265359
seq_prof,hal07,1000,1,2.1229e-05,3.196,0.05440734641
seq_prof,hal07,10000,1,0.000208452,3.1528,0.01120734641
seq_prof,hal07,10000,1,0.000197349,3.1528,0.01120734641
seq_prof,hal07,10000,1,0.000197256,3.1528,0.01120734641
seq_prof,hal07,10000,1,0.000224843,3.1528,0.01120734641
seq_prof,hal07,10000,1,0.000198683,3.1552,0.01360734641
seq_prof,hal07,10000,1,0.00019769,3.1552,0.01360734641
seq_prof,hal07,10000,1,0.000197519,3.1552,0.01360734641
seq_prof,hal07,10000,1,0.00019929,3.1552,0.01360734641
seq_prof,hal07,10000,1,0.000459379,3.1552,0.01360734641
seq_prof,hal07,10000,1,0.000198071,3.1552,0.01360734641
seq_prof,hal07,10000,1,0.000198436,3.1328,0.00879265359
seq_prof,hal07,10000,1,0.000198394,3.1328,0.00879265359
seq_prof,hal07,10000,1,0.000200344,3.1328,0.00879265359
seq_prof,hal07,10000,1,0.000198613,3.1328,0.00879265359
seq_prof,hal07,10000,1,0.000200502,3.1328,0.00879265359
seq_prof,hal07,10000,1,0.000197083,3.1588,0.01720734641
seq_prof,hal07,10000,1,0.000167126,3.1588,0.01720734641
seq_prof,hal07,10000,1,0.00019689,3.1588,0.01720734641
seq_prof,hal07,10000,1,0.000196992,3.1588,0.01720734641
seq_prof,hal07,10000,1,0.000198904,3.1588,0.01720734641
seq_prof,hal07,10000,1,0.000197817,3.1448,0.00320734641
seq_prof,hal07,10000,1,0.000197682,3.1448,0.00320734641
seq_prof,hal07,10000,1,0.000197861,3.1448,0.00320734641
seq_prof,hal07,10000,1,0.00019324,3.1448,0.00320734641
seq_prof,hal07,10000,1,0.000197814,3.1448,0.00320734641
seq_prof,hal07,100000,1,0.001963286,3.13472,0.00687265359
seq_prof,hal07,100000,1,0.001958059,3.13472,0.00687265359
seq_prof,hal07,100000,1,0.001964292,3.13472,0.00687265359
seq_prof,hal07,100000,1,0.001976694,3.13472,0.00687265359
seq_prof,hal07,100000,1,0.002028239,3.13472,0.00687265359
seq_prof,hal07,100000,1,0.00198321,3.139,0.00259265359
seq_prof,hal07,100000,1,0.001958112,3.139,0.00259265359
seq_prof,hal07,100000,1,0.001902786,3.139,0.00259265359
seq_prof,hal07,100000,1,0.001883284,3.139,0.00259265359
seq_prof,hal07,100000,1,0.001961143,3.139,0.00259265359
seq_prof,hal07,100000,1,0.001973403,3.1366,0.00499265359
seq_prof,hal07,100000,1,0.002023873,3.1366,0.00499265359
seq_prof,hal07,100000,1,0.002085932,3.1366,0.00499265359
seq_prof,hal07,100000,1,0.001961062,3.1366,0.00499265359
seq_prof,hal07,100000,1,0.001849765,3.1366,0.00499265359
seq_prof,hal07,100000,1,0.001916629,3.1458,0.00420734641
seq_prof,hal07,100000,1,0.001974377,3.1458,0.00420734641
seq_prof,hal07,100000,1,0.001956837,3.1458,0.00420734641
seq_prof,hal07,100000,1,0.001967095,3.1458,0.00420734641
seq_prof,hal07,100000,1,0.00195614,3.1458,0.00420734641
seq_prof,hal07,100000,1,0.001979557,3.15188,0.01028734641
seq_prof,hal07,100000,1,0.001958494,3.15188,0.01028734641
seq_prof,hal07,100000,1,0.001951589,3.15188,0.01028734641
seq_prof,hal07,100000,1,0.001971574,3.15188,0.01028734641
seq_prof,hal07,100000,1,0.001965998,3.15188,0.01028734641
seq_prof,hal07,1000000,1,0.018069358,3.140416,0.00117665359
seq_prof,hal07,1000000,1,0.018267802,3.140416,0.00117665359
seq_prof,hal07,1000000,1,0.01844451,3.140416,0.00117665359
seq_prof,hal07,1000000,1,0.018375628,3.140416,0.00117665359
seq_prof,hal07,1000000,1,0.018533129,3.140416,0.00117665359
seq_prof,hal07,1000000,1,0.018090778,3.142276,0.00068334641
seq_prof,hal07,1000000,1,0.018369442,3.142276,0.00068334641
seq_prof,hal07,1000000,1,0.018230708,3.142276,0.00068334641
seq_prof,hal07,1000000,1,0.017804933,3.142276,0.00068334641
seq_prof,hal07,1000000,1,0.018267304,3.142276,0.00068334641
seq_prof,hal07,1000000,1,0.017995199,3.141616,2.334641e-05
seq_prof,hal07,1000000,1,0.018510042,3.141616,2.334641e-05
seq_prof,hal07,1000000,1,0.01824711,3.141616,2.334641e-05
seq_prof,hal07,1000000,1,0.018162782,3.141616,2.334641e-05
seq_prof,hal07,1000000,1,0.018408729,3.141616,2.334641e-05
seq_prof,hal07,1000000,1,0.018542215,3.140776,0.00081665359
seq_prof,hal07,1000000,1,0.023910018,3.140776,0.00081665359
seq_prof,hal07,1000000,1,0.01277679,3.140776,0.00081665359
seq_prof,hal07,1000000,1,0.018474308,3.140776,0.00081665359
seq_prof,hal07,1000000,1,0.018581732,3.141868,0.00027534641
seq_prof,hal07,1000000,1,0.018275332,3.141868,0.00027534641
seq_prof,hal07,1000000,1,0.018280334,3.141868,0.00027534641
seq_prof,hal07,1000000,1,0.018254376,3.141868,0.00027534641
seq_prof,hal07,1000000,1,0.018394863,3.141868,0.00027534641
seq_prof,hal07,1000000,1,0.018499782,3.14308,0.00148734641
seq_prof,hal07,10000000,1,0.136806819,3.1422136,0.00062094641
seq_prof,hal07,10000000,1,0.131208816,3.1422136,0.00062094641
seq_prof,hal07,10000000,1,0.137388455,3.1422136,0.00062094641
seq_prof,hal07,10000000,1,0.137349441,3.1418972,0.00030454641
seq_prof,hal07,10000000,1,0.135074627,3.1418972,0.00030454641
seq_prof,hal07,10000000,1,0.137081926,3.1418972,0.00030454641
seq_prof,hal07,10000000,1,0.138940319,3.1414148,0.00017785359
seq_prof,hal07,10000000,1,0.136237675,3.1414148,0.00017785359
seq_prof,hal07,10000000,1,0.147868441,3.1414148,0.00017785359
seq_prof,hal07,10000000,1,0.135171566,3.1416196,2.694641e-05
seq_prof,hal07,10000000,1,0.131170735,3.1416196,2.694641e-05
seq_prof,hal07,10000000,1,0.137157426,3.1416196,2.694641e-05
seq_prof,hal07,10000000,1,0.135406245,3.1420712,0.00047854641
seq_prof,hal07,10000000,1,0.127703353,3.1420712,0.00047854641
seq_prof,hal07,10000000,1,0.13546229,3.1420712,0.00047854641
seq_prof,hal07,10000000,1,0.138191924,3.1424464,0.00085374641
seq_prof,hal07,10000000,1,0.133509775,3.1424464,0.00085374641
seq_prof,hal07,10000000,1,0.140632868,3.1424464,0.00085374641
seq_prof,hal07,10000000,1,0.154292416,3.1406028,0.00098985359
seq_prof,hal07,10000000,1,0.128946464,3.1406028,0.00098985359
seq_prof,hal07,10000000,1,0.137331489,3.1406028,0.00098985359
seq_prof,hal07,10000000,1,0.137205708,3.1408884,0.00070425359
seq_prof,hal07,10000000,1,0.129939498,3.1408884,0.00070425359
seq_prof,hal07,10000000,1,0.137831593,3.1408884,0.00070425359
seq_prof,hal07,10000000,1,0.136927059,3.1421832,0.00059054641
seq_prof,hal07,100000000,1,1.276590713,3.14146708,0.00012557359
seq_prof,hal07,100000000,1,1.287820424,3.141636,4.334641e-05
seq_prof,hal07,100000000,1,1.287088692,3.14149352,9.913359e-05
seq_prof,hal07,100000000,1,1.31491503,3.1418366,0.00024394641
seq_prof,hal07,100000000,1,1.285366211,3.1416152,2.254641e-05
seq_prof,hal07,100000000,1,1.278683778,3.1418354,0.00024274641
seq_prof,hal07,100000000,1,1.29909001,3.1417628,0.00017014641
seq_prof,hal07,100000000,1,1.283447989,3.14172408,0.00013142641
seq_prof,hal07,100000000,1,1.286381316,3.14138088,0.00021177359
seq_prof,hal07,100000000,1,1.295972331,3.14145288,0.00013977359
seq_prof,hal07,100000000,1,1.2750391,3.14153008,6.257359e-05
seq_prof,hal07,100000000,1,1.286524132,3.14131896,0.00027369359
seq_prof,hal07,100000000,1,1.285477684,3.14169744,0.00010478641
seq_prof,hal07,100000000,1,1.293938794,3.14165456,6.190641e-05
seq_prof,hal07,100000000,1,1.287708367,3.14170736,0.00011470641
seq_prof,hal07,100000000,1,1.286894062,3.1415734,1.925359e-05
seq_prof,hal07,100000000,1,1.302417062,3.14166916,7.650641e-05
seq_prof,hal07,100000000,1,1.285590305,3.14161648,2.382641e-05
seq_prof,hal07,100000000,1,1.302486353,3.14149892,9.373359e-05
seq_prof,hal07,100000000,1,1.28537378,3.14135804,0.00023461359
seq_prof,hal07,100000000,1,1.292281887,3.1419154,0.00032274641
seq_prof,hal07,100000000,1,1.283654674,3.14167984,8.718641e-05
seq_prof,hal07,100000000,1,1.286881515,3.1417318,0.00013914641
seq_prof,hal07,100000000,1,1.296306788,3.1414946,9.805359e-05
seq_prof,hal07,100000000,1,1.284240022,3.14170784,0.00011518641
seq_prof,hal07,1000000000,1,12.788821295,3.141465732,0.00012692159
seq_prof,hal07,1000000000,1,12.82193302,3.141575344,1.730959e-05
seq_prof,hal07,1000000000,1,12.824080649,3.141619372,2.671841e-05
seq_prof,hal07,1000000000,1,12.854249815,3.1414333,0.00015935359
seq_prof,hal07,1000000000,1,12.818874649,3.141596712,4.05841e-06
seq_prof,hal07,1000000000,1,12.860015778,3.141509784,8.286959e-05
seq_prof,hal07,1000000000,1,12.855274619,3.141532076,6.057759e-05
seq_prof,hal07,1000000000,1,12.819721543,3.141525884,6.676959e-05
seq_prof,hal07,1000000000,1,12.842480844,3.141630664,3.801041e-05
seq_prof,hal07,1000000000,1,12.837019277,3.141562488,3.016559e-05
seq_prof,hal07,1000000000,1,12.854921807,3.141540512,5.214159e-05
seq_prof,hal07,1000000000,1,12.805549869,3.141539052,5.360159e-05
seq_prof,hal07,1000000000,1,12.808510334,3.14153916,5.349359e-05
seq_prof,hal07,1000000000,1,12.854996939,3.141570304,2.234959e-05
seq_prof,hal07,1000000000,1,12.829767692,3.141671136,7.848241e-05
seq_prof,hal07,1000000000,1,12.859994484,3.141637312,4.465841e-05
seq_prof,hal07,1000000000,1,12.80468157,3.141588704,3.94959e-06
seq_prof,hal07,1000000000,1,12.836288299,3.141497784,9.486959e-05
seq_prof,hal07,1000000000,1,12.815195682,3.141537416,5.523759e-05
seq_prof,hal07,1000000000,1,12.837217395,3.141636924,4.427041e-05
seq_prof,hal07,1000000000,1,12.851408526,3.141520848,7.180559e-05
seq_prof,hal07,1000000000,1,12.813525285,3.141618228,2.557441e-05
seq_prof,hal07,1000000000,1,12.795147754,3.141596476,3.82241e-06
seq_prof,hal07,1000000000,1,12.796252498,3.1416568,6.414641e-05
seq_prof,hal07,1000000000,1,12.82436994,3.141624688,3.203441e-05
seq_prof,hal07,10000000000,1,128.301677898,3.1415669068,2.574679e-05
seq_prof,hal07,10000000000,1,127.948500695,3.141599108,6.45441e-06
seq_prof,hal07,10000000000,1,128.339465024,3.1415527332,3.992039e-05
seq_prof,hal07,10000000000,1,128.217120344,3.141624114,3.146041e-05
seq_prof,hal07,10000000000,1,128.823662848,3.1415788776,1.377599e-05
seq_prof,hal07,10000000000,1,128.303106257,3.141563786,2.886759e-05
seq_prof,hal07,10000000000,1,128.416656311,3.1415907828,1.87079e-06
seq_prof,hal07,10000000000,1,128.770829214,3.1416152044,2.255081e-05
seq_prof,hal07,10000000000,1,128.235726766,3.1416240028,3.134921e-05
seq_prof,hal07,10000000000,1,132.187437659,3.1415911108,1.54279e-06
seq_prof,hal07,10000000000,1,146.569197399,3.1416011772,8.52361e-06
seq_prof,hal07,10000000000,1,128.071672519,3.1416071056,1.445201e-05
seq_prof,hal07,10000000000,1,128.126643655,3.1416328148,4.016121e-05
seq_prof,hal07,10000000000,1,128.003770225,3.1416164516,2.379801e-05
seq_prof,hal07,10000000000,1,128.319488782,3.1415754284,1.722519e-05
seq_prof,hal07,10000000000,1,128.065300596,3.1416093168,1.666321e-05
seq_prof,hal07,10000000000,1,129.142370031,3.1415808772,1.177639e-05
seq_prof,hal07,10000000000,1,128.302945074,3.1415720488,2.060479e-05
seq_prof,hal07,10000000000,1,128.338329808,3.1415999152,7.26161e-06
seq_prof,hal07,10000000000,1,128.206100864,3.1415991432,6.48961e-06
seq_prof,hal07,10000000000,1,128.2909385,3.1416189132,2.625961e-05
seq_prof,hal07,10000000000,1,128.93608024,3.1415957004,3.04681e-06
seq_prof,hal07,10000000000,1,128.953446351,3.1415810832,1.157039e-05
seq_prof,hal07,10000000000,1,128.198568296,3.1416041156,1.146201e-05
seq_prof,hal07,10000000000,1,128.092831323,3.1415744536,1.819999e-05
par_prof,hal07,1000,1,2.66e-05,3.188,0.04640734641
par_prof,hal07,1000,1,2.6155e-05,3.188,0.04640734641
par_prof,hal07,1000,1,2.5205e-05,3.188,0.04640734641
par_prof,hal07,1000,1,2.7949e-05,3.188,0.04640734641
par_prof,hal07,1000,1,2.8069e-05,3.168,0.02640734641
par_prof,hal07,1000,2,8.7572e-05,3.16,0.01840734641
par_prof,hal07,1000,2,8.2269e-05,3.16,0.01840734641
par_prof,hal07,1000,2,8.7891e-05,3.16,0.01840734641
par_prof,hal07,1000,2,8.6108e-05,3.16,0.01840734641
par_prof,hal07,1000,2,8.4759e-05,3.16,0.01840734641
par_prof,hal07,1000,4,0.000116401,3.096,0.04559265359
par_prof,hal07,1000,4,0.000111155,3.096,0.04559265359
par_prof,hal07,1000,4,0.000112749,3.096,0.04559265359
par_prof,hal07,1000,4,0.000111188,3.096,0.04559265359
par_prof,hal07,1000,4,0.000124587,3.096,0.04559265359
par_prof,hal07,1000,6,0.000168668,3.08,0.06159265359
par_prof,hal07,1000,6,0.000194806,3.08,0.06159265359
par_prof,hal07,1000,6,0.000155943,3.08,0.06159265359
par_prof,hal07,1000,6,0.000155935,3.08,0.06159265359
par_prof,hal07,1000,6,0.00018709,3.08,0.06159265359
par_prof,hal07,1000,8,0.000189221,3.06,0.08159265359
par_prof,hal07,1000,8,0.000232464,3.06,0.08159265359
par_prof,hal07,1000,8,0.000220548,3.06,0.08159265359
par_prof,hal07,1000,8,0.000220999,3.06,0.08159265359
par_prof,hal07,1000,8,0.000217864,3.06,0.08159265359
par_prof,hal07,10000,1,0.000202276,3.1392,0.00239265359
par_prof,hal07,10000,1,0.000211295,3.1392,0.00239265359
par_prof,hal07,10000,1,0.000201616,3.1392,0.00239265359
par_prof,hal07,10000,1,0.000220118,3.1392,0.00239265359
par_prof,hal07,10000,1,0.000202572,3.1392,0.00239265359
par_prof,hal07,10000,2,0.000197098,3.1428,0.00120734641
par_prof,hal07,10000,2,0.000171009,3.1428,0.00120734641
par_prof,hal07,10000,2,0.000176974,3.1428,0.00120734641
par_prof,hal07,10000,2,0.000198245,3.1428,0.00120734641
par_prof,hal07,10000,2,0.000175264,3.1428,0.00120734641
par_prof,hal07,10000,4,0.000163775,3.1228,0.01879265359
par_prof,hal07,10000,4,0.000155292,3.1228,0.01879265359
par_prof,hal07,10000,4,0.000170929,3.1228,0.01879265359
par_prof,hal07,10000,4,0.002027298,3.1228,0.01879265359
par_prof,hal07,10000,4,0.000154093,3.1228,0.01879265359
par_prof,hal07,10000,6,0.000196622,3.1104,0.03119265359
par_prof,hal07,10000,6,0.000188889,3.1104,0.03119265359
par_prof,hal07,10000,6,0.000191635,3.1104,0.03119265359
par_prof,hal07,10000,6,0.000177309,3.1104,0.03119265359
par_prof,hal07,10000,6,0.000185759,3.1104,0.03119265359
par_prof,hal07,10000,8,0.005779309,3.1,0.04159265359
par_prof,hal07,10000,8,0.004395914,3.102,0.03959265359
par_prof,hal07,10000,8,0.005772616,3.102,0.03959265359
par_prof,hal07,10000,8,0.005711761,3.102,0.03959265359
par_prof,hal07,10000,8,0.004409915,3.102,0.03959265359
par_prof,hal07,100000,1,0.001278105,3.13412,0.00747265359
par_prof,hal07,100000,1,0.001892812,3.14312,0.00152734641
par_prof,hal07,100000,1,0.001978347,3.14312,0.00152734641
par_prof,hal07,100000,1,0.001979491,3.14312,0.00152734641
par_prof,hal07,100000,1,0.001965782,3.14312,0.00152734641
par_prof,hal07,100000,2,0.001055648,3.13676,0.00483265359
par_prof,hal07,100000,2,0.001057191,3.14264,0.00104734641
par_prof,hal07,100000,2,0.001053532,3.14264,0.00104734641
par_prof,hal07,100000,2,0.001069789,3.14264,0.00104734641
par_prof,hal07,100000,2,0.001070966,3.14264,0.00104734641
par_prof,hal07,100000,4,0.000599618,3.1398,0.00179265359
par_prof,hal07,100000,4,0.000612542,3.14172,0.00012734641
par_prof,hal07,100000,4,0.000607432,3.14172,0.00012734641
par_prof,hal07,100000,4,0.000601786,3.14172,0.00012734641
par_prof,hal07,100000,4,0.000610222,3.14172,0.00012734641
par_prof,hal07,100000,6,0.000740194,3.1378,0.00379265359
par_prof,hal07,100000,6,0.000739736,3.1378,0.00379265359
par_prof,hal07,100000,6,0.000738724,3.13592,0.00567265359
par_prof,hal07,100000,6,0.000725685,3.13592,0.00567265359
par_prof,hal07,100000,6,0.00074685,3.13592,0.00567265359
par_prof,hal07,100000,8,0.00061389,3.14012,0.00147265359
par_prof,hal07,100000,8,0.000635423,3.14012,0.00147265359
par_prof,hal07,100000,8,0.004854435,3.13872,0.00287265359
par_prof,hal07,100000,8,0.000708424,3.13872,0.00287265359
par_prof,hal07,100000,8,0.000632895,3.13872,0.00287265359
par_prof,hal07,1000000,1,0.014021525,3.139516,0.00207665359
par_prof,hal07,1000000,1,0.01851706,3.139516,0.00207665359
par_prof,hal07,1000000,1,0.018877344,3.141744,0.00015134641
par_prof,hal07,1000000,1,0.018280047,3.141744,0.00015134641
par_prof,hal07,1000000,1,0.015718957,3.141744,0.00015134641
par_prof,hal07,1000000,2,0.009448999,3.143024,0.00143134641
par_prof,hal07,1000000,2,0.009809116,3.144092,0.00249934641
par_prof,hal07,1000000,2,0.009830905,3.144092,0.00249934641
par_prof,hal07,1000000,2,0.009129201,3.144092,0.00249934641
par_prof,hal07,1000000,2,0.009781379,3.144092,0.00249934641
par_prof,hal07,1000000,4,0.005337738,3.143564,0.00197134641
par_prof,hal07,1000000,4,0.004926582,3.143564,0.00197134641
par_prof,hal07,1000000,4,0.005112658,3.141628,3.534641e-05
par_prof,hal07,1000000,4,0.005017572,3.141628,3.534641e-05
par_prof,hal07,1000000,4,0.003464577,3.141628,3.534641e-05
par_prof,hal07,1000000,6,0.00510658,3.139692,0.00190065359
par_prof,hal07,1000000,6,0.005904443,3.139692,0.00190065359
par_prof,hal07,1000000,6,0.005922671,3.139104,0.00248865359
par_prof,hal07,1000000,6,0.0058612,3.139104,0.00248865359
par_prof,hal07,1000000,6,0.005876977,3.139104,0.00248865359
par_prof,hal07,1000000,8,0.004555185,3.138792,0.00280065359
par_prof,hal07,1000000,8,0.004488821,3.138792,0.00280065359
par_prof,hal07,1000000,8,0.00375503,3.138428,0.00316465359
par_prof,hal07,1000000,8,0.00452733,3.138428,0.00316465359
par_prof,hal07,1000000,8,0.004537684,3.138428,0.00316465359
par_prof,hal07,10000000,1,0.131783844,3.14151,8.265359e-05
par_prof,hal07,10000000,1,0.137648788,3.1421936,0.00060094641
par_prof,hal07,10000000,1,0.137317,3.1421936,0.00060094641
par_prof,hal07,10000000,1,0.128069834,3.1421936,0.00060094641
par_prof,hal07,10000000,1,0.13635351,3.142146,0.00055334641
par_prof,hal07,10000000,2,0.072897496,3.1419912,0.00039854641
par_prof,hal07,10000000,2,0.071232162,3.1419912,0.00039854641
par_prof,hal07,10000000,2,0.073257493,3.1419912,0.00039854641
par_prof,hal07,10000000,2,0.072911089,3.1417288,0.00013614641
par_prof,hal07,10000000,2,0.073312357,3.1417288,0.00013614641
par_prof,hal07,10000000,4,0.03996054,3.140836,0.00075665359
par_prof,hal07,10000000,4,0.040140733,3.140836,0.00075665359
par_prof,hal07,10000000,4,0.040216792,3.1403904,0.00120225359
par_prof,hal07,10000000,4,0.040465206,3.1403904,0.00120225359
par_prof,hal07,10000000,4,0.063082452,3.1403904,0.00120225359
par_prof,hal07,10000000,6,0.04625637,3.14062,0.00097265359
par_prof,hal07,10000000,6,0.045979595,3.1408028,0.00078985359
par_prof,hal07,10000000,6,0.043996096,3.1408028,0.00078985359
par_prof,hal07,10000000,6,0.045671163,3.1408028,0.00078985359
par_prof,hal07,10000000,6,0.046454519,3.1408028,0.00078985359
par_prof,hal07,10000000,8,0.036168339,3.1413824,0.00021025359
par_prof,hal07,10000000,8,0.036558764,3.1413824,0.00021025359
par_prof,hal07,10000000,8,0.036212094,3.1413824,0.00021025359
par_prof,hal07,10000000,8,0.031616189,3.1413824,0.00021025359
par_prof,hal07,10000000,8,0.035656983,3.1413824,0.00021025359
par_prof,hal07,100000000,1,1.28053422,3.14153984,5.281359e-05
par_prof,hal07,100000000,1,1.285516226,3.1415898,2.85359e-06
par_prof,hal07,100000000,1,1.29105152,3.14163992,4.726641e-05
par_prof,hal07,100000000,1,1.289208369,3.14167068,7.802641e-05
par_prof,hal07,100000000,1,1.287577591,3.1416442,5.154641e-05
par_prof,hal07,100000000,2,0.680461302,3.14147924,0.00011341359
par_prof,hal07,100000000,2,0.651876604,3.14166692,7.426641e-05
par_prof,hal07,100000000,2,0.651317241,3.14166492,7.226641e-05
par_prof,hal07,100000000,2,0.651004472,3.14145868,0.00013397359
par_prof,hal07,100000000,2,0.650760905,3.14136672,0.00022593359
par_prof,hal07,100000000,4,0.434864895,3.14149448,9.817359e-05
par_prof,hal07,100000000,4,0.53574069,3.14167808,8.542641e-05
par_prof,hal07,100000000,4,0.525804633,3.14182284,0.00023018641
par_prof,hal07,100000000,4,0.506695857,3.14179716,0.00020450641
par_prof,hal07,100000000,4,0.339928776,3.14179716,0.00020450641
par_prof,hal07,100000000,6,0.389433534,3.14185788,0.00026522641
par_prof,hal07,100000000,6,0.382780727,3.14185788,0.00026522641
par_prof,hal07,100000000,6,0.39567169,3.14183184,0.00023918641
par_prof,hal07,100000000,6,0.395463941,3.1416846,9.194641e-05
par_prof,hal07,100000000,6,0.36670647,3.1416846,9.194641e-05
par_prof,hal07,100000000,8,0.354632679,3.1417956,0.00020294641
par_prof,hal07,100000000,8,0.299293316,3.1417956,0.00020294641
par_prof,hal07,100000000,8,0.305285814,3.1416698,7.714641e-05
par_prof,hal07,100000000,8,0.303290728,3.1416698,7.714641e-05
par_prof,hal07,100000000,8,0.304667247,3.14146172,0.00013093359
par_prof,hal07,1000000000,1,12.834524509,3.141653272,6.061841e-05
par_prof,hal07,1000000000,1,12.84438735,3.141453304,0.00013934959
par_prof,hal07,1000000000,1,12.855033434,3.141670164,7.751041e-05
par_prof,hal07,1000000000,1,12.876278066,3.141581704,1.094959e-05
par_prof,hal07,1000000000,1,12.872315874,3.14158468,7.97359e-06
par_prof,hal07,1000000000,2,6.464389175,3.14155598,3.667359e-05
par_prof,hal07,1000000000,2,6.47774108,3.141596164,3.51041e-06
par_prof,hal07,1000000000,2,6.587899307,3.141568828,2.382559e-05
par_prof,hal07,1000000000,2,6.46514388,3.141539048,5.360559e-05
par_prof,hal07,1000000000,2,6.477094564,3.141611288,1.863441e-05
par_prof,hal07,1000000000,4,3.379405203,3.141588324,4.32959e-06
par_prof,hal07,1000000000,4,3.414784518,3.141583904,8.74959e-06
par_prof,hal07,1000000000,4,3.432385436,3.141558908,3.374559e-05
par_prof,hal07,1000000000,4,3.595735396,3.141543636,4.901759e-05
par_prof,hal07,1000000000,4,4.157386063,3.141607396,1.474241e-05
par_prof,hal07,1000000000,6,3.378769701,3.1415202,7.245359e-05
par_prof,hal07,1000000000,6,3.365270686,3.141517196,7.545759e-05
par_prof,hal07,1000000000,6,3.332967141,3.141537288,5.536559e-05
par_prof,hal07,1000000000,6,3.335112415,3.14159602,3.36641e-06
par_prof,hal07,1000000000,6,3.319963254,3.1416232,3.054641e-05
par_prof,hal07,1000000000,8,3.069760347,3.14153004,6.261359e-05
par_prof,hal07,1000000000,8,3.088223955,3.14154746,4.519359e-05
par_prof,hal07,1000000000,8,3.452516134,3.141587168,5.48559e-06
par_prof,hal07,1000000000,8,3.476376312,3.141537188,5.546559e-05
par_prof,hal07,1000000000,8,3.032742737,3.141628708,3.605441e-05
par_prof,hal07,10000000000,1,128.373701578,3.141604848,1.219441e-05
par_prof,hal07,10000000000,1,128.637534217,3.1415879436,4.70999e-06
par_prof,hal07,10000000000,1,141.430451543,3.141553878,3.877559e-05
par_prof,hal07,10000000000,1,128.094672881,3.1415927052,5.161e-08
par_prof,hal07,10000000000,1,128.416506382,3.1415980976,5.44401e-06
par_prof,hal07,10000000000,2,64.558944896,3.141600946,8.29241e-06
par_prof,hal07,10000000000,2,64.714307242,3.1416260276,3.337401e-05
par_prof,hal07,10000000000,2,64.714919131,3.1416052264,1.257281e-05
par_prof,hal07,10000000000,2,64.697101997,3.1415780988,1.455479e-05
par_prof,hal07,10000000000,2,64.636244472,3.1415918848,7.6879e-07
par_prof,hal07,10000000000,4,34.759564832,3.1415990276,6.37401e-06
par_prof,hal07,10000000000,4,35.232584315,3.141601694,9.04041e-06
par_prof,hal07,10000000000,4,35.420068751,3.1415604712,3.218239e-05
par_prof,hal07,10000000000,4,35.495974354,3.1415734408,1.921279e-05
par_prof,hal07,10000000000,4,35.747154868,3.1415881656,4.48799e-06
par_prof,hal07,10000000000,6,34.150722106,3.1415692996,2.335399e-05
par_prof,hal07,10000000000,6,34.114618768,3.1415947896,2.13601e-06
par_prof,hal07,10000000000,6,33.937814064,3.14159841,5.75641e-06
par_prof,hal07,10000000000,6,36.010048375,3.141583534,9.11959e-06
par_prof,hal07,10000000000,6,34.189023794,3.1415417864,5.086719e-05
par_prof,hal07,10000000000,8,31.888466377,3.1415863352,6.31839e-06
par_prof,hal07,10000000000,8,31.470668928,3.1416003792,7.72561e-06
par_prof,hal07,10000000000,8,31.656125855,3.141594864,2.21041e-06
par_prof,hal07,10000000000,8,31.645682029,3.1416002372,7.58361e-06
par_prof,hal07,10000000000,8,31.929236749,3.1415896008,3.05279e-06
codigo,hal07,1000,1,8.884e-06,3.116,0.02559265359
codigo,hal07,1000,1,1.0293e-05,3.168,0.02640734641
codigo,hal07,1000,1,9.277e-06,3.152,0.01040734641
codigo,hal07,1000,1,9.23e-06,3.144,0.00240734641
codigo,hal07,1000,1,9.121e-06,3.172,0.03040734641
codigo,hal07,1000,2,7.5215e-05,3.156,0.01440734641
codigo,hal07,1000,2,7.8334e-05,3.12,0.02159265359
codigo,hal07,1000,2,7.2131e-05,3.144,0.00240734641
codigo,hal07,1000,2,7.306e-05,3.132,0.00959265359
codigo,hal07,1000,2,8.1647e-05,3.12,0.02159265359
codigo,hal07,1000,4,0.000111682,3.144,0.00240734641
codigo,hal07,1000,4,0.000120001,3.136,0.00559265359
codigo,hal07,1000,4,0.000123861,3.172,0.03040734641
codigo,hal07,1000,4,0.000113271,3.116,0.02559265359
codigo,hal07,1000,4,0.000122006,3.132,0.00959265359
codigo,hal07,1000,6,0.00015708,3.128,0.01359265359
codigo,hal07,1000,6,0.000159955,3.14,0.00159265359
codigo,hal07,1000,6,0.000138796,3.132,0.00959265359
codigo,hal07,1000,6,0.000161362,3.168,0.02640734641
codigo,hal07,1000,6,0.000161781,3.116,0.02559265359
codigo,hal07,1000,8,0.000203612,3.16,0.01840734641
codigo,hal07,1000,8,0.000205268,3.156,0.01440734641
codigo,hal07,1000,8,0.000191536,3.188,0.04640734641
codigo,hal07,1000,8,0.000203528,3.136,0.00559265359
codigo,hal07,1000,8,0.000208659,3.144,0.00240734641
codigo,hal07,10000,1,4.6425e-05,3.1436,0.00200734641
codigo,hal07,10000,1,4.6586e-05,3.1452,0.00360734641
codigo,hal07,10000,1,4.6522e-05,3.144,0.00240734641
codigo,hal07,10000,1,4.6666e-05,3.1388,0.00279265359
codigo,hal07,10000,1,4.6684e-05,3.1404,0.00119265359
codigo,hal07,10000,2,7.2489e-05,3.1436,0.00200734641
codigo,hal07,10000,2,9.6942e-05,3.14,0.00159265359
codigo,hal07,10000,2,9.2753e-05,3.146,0.00440734641
codigo,hal07,10000,2,9.6238e-05,3.1404,0.00119265359
codigo,hal07,10000,2,9.2426e-05,3.142,0.00040734641
codigo,hal07,10000,4,9.233e-05,3.144,0.00240734641
codigo,hal07,10000,4,0.000111547,3.1444,0.00280734641
codigo,hal07,10000,4,0.000120142,3.148,0.00640734641
codigo,hal07,10000,4,0.000124375,3.1408,0.00079265359
codigo,hal07,10000,4,0.000129342,3.144,0.00240734641
codigo,hal07,10000,6,0.000167378,3.1464,0.00480734641
codigo,hal07,10000,6,0.000160366,3.1412,0.00039265359
codigo,hal07,10000,6,0.000161128,3.1488,0.00720734641
codigo,hal07,10000,6,0.000161747,3.1412,0.00039265359
codigo,hal07,10000,6,0.000141065,3.148,0.00640734641
codigo,hal07,10000,8,0.000206147,3.138,0.00359265359
codigo,hal07,10000,8,0.000197565,3.1436,0.00200734641
codigo,hal07,10000,8,0.000200952,3.1416,7.34641e-06
codigo,hal07,10000,8,0.000206509,3.1404,0.00119265359
codigo,hal07,10000,8,0.000217982,3.1336,0.00799265359
codigo,hal07,100000,1,0.000411092,3.14128,0.00031265359
codigo,hal07,100000,1,0.000410889,3.14148,0.00011265359
codigo,hal07,100000,1,0.00039904,3.14164,4.734641e-05
codigo,hal07,100000,1,0.000410976,3.14212,0.00052734641
codigo,hal07,100000,1,0.00041137,3.14124,0.00035265359
codigo,hal07,100000,2,0.000295123,3.14116,0.00043265359
codigo,hal07,100000,2,0.000233112,3.14012,0.00147265359
codigo,hal07,100000,2,0.00026754,3.14128,0.00031265359
codigo,hal07,100000,2,0.000282663,3.1424,0.00080734641
codigo,hal07,100000,2,0.000278169,3.14132,0.00027265359
codigo,hal07,100000,4,0.000220018,3.14196,0.00036734641
codigo,hal07,100000,4,0.000210799,3.1418,0.00020734641
codigo,hal07,100000,4,0.000222541,3.14132,0.00027265359
codigo,hal07,100000,4,0.000249629,3.142,0.00040734641
codigo,hal07,100000,4,0.000214513,3.14072,0.00087265359
codigo,hal07,100000,6,0.000289145,3.14128,0.00031265359
codigo,hal07,100000,6,0.000216132,3.14272,0.00112734641
codigo,hal07,100000,6,0.000282203,3.14244,0.00084734641
codigo,hal07,100000,6,0.000267725,3.14032,0.00127265359
codigo,hal07,100000,6,0.000265822,3.14224,0.00064734641
codigo,hal07,100000,8,0.000216552,3.14112,0.00047265359
codigo,hal07,100000,8,0.000272624,3.14176,0.00016734641
codigo,hal07,100000,8,0.000284593,3.141,0.00059265359
codigo,hal07,100000,8,0.000287763,3.14136,0.00023265359
codigo,hal07,100000,8,0.000283278,3.14112,0.00047265359
codigo,hal07,1000000,1,0.004026939,3.14166,6.734641e-05
codigo,hal07,1000000,1,0.004007863,3.141544,4.865359e-05
codigo,hal07,1000000,1,0.00396302,3.141724,0.00013134641
codigo,hal07,1000000,1,0.004044128,3.141616,2.334641e-05
codigo,hal07,1000000,1,0.004087501,3.14146,0.00013265359
codigo,hal07,1000000,2,0.002110066,3.141628,3.534641e-05
codigo,hal07,1000000,2,0.002094657,3.141692,9.934641e-05
codigo,hal07,1000000,2,0.002104275,3.141644,5.134641e-05
codigo,hal07,1000000,2,0.002120661,3.1415,9.265359e-05
codigo,hal07,1000000,2,0.002117176,3.1417,0.00010734641
codigo,hal07,1000000,4,0.00107464,3.141524,6.865359e-05
codigo,hal07,1000000,4,0.000783428,3.141564,2.865359e-05
codigo,hal07,1000000,4,0.000803405,3.141696,0.00010334641
codigo,hal07,1000000,4,0.001123243,3.1417,0.00010734641
codigo,hal07,1000000,4,0.001124388,3.141616,2.334641e-05
codigo,hal07,1000000,6,0.001352372,3.141464,0.00012865359
codigo,hal07,1000000,6,0.000950379,3.141592,6.5359e-07
codigo,hal07,1000000,6,0.001375907,3.141696,0.00010334641
codigo,hal07,1000000,6,0.001302007,3.141572,2.065359e-05
codigo,hal07,1000000,6,0.001362936,3.141824,0.00023134641
codigo,hal07,1000000,8,0.001131814,3.141536,5.665359e-05
codigo,hal07,1000000,8,0.001182291,3.141656,6.334641e-05
codigo,hal07,1000000,8,0.001109282,3.141528,6.465359e-05
codigo,hal07,1000000,8,0.001094073,3.141604,1.134641e-05
codigo,hal07,1000000,8,0.001162848,3.14154,5.265359e-05
codigo,hal07,10000000,1,0.034810999,3.1415672,2.545359e-05
codigo,hal07,10000000,1,0.029088148,3.141588,4.65359e-06
codigo,hal07,10000000,1,0.033808115,3.1415812,1.145359e-05
codigo,hal07,10000000,1,0.034509532,3.1415856,7.05359e-06
codigo,hal07,10000000,1,0.037937836,3.1415832,9.45359e-06
codigo,hal07,10000000,2,0.018680937,3.1416216,2.894641e-05
codigo,hal07,10000000,2,0.018717777,3.1415728,1.985359e-05
codigo,hal07,10000000,2,0.01973617,3.14159,2.65359e-06
codigo,hal07,10000000,2,0.018416238,3.1415852,7.45359e-06
codigo,hal07,10000000,2,0.018845804,3.1415836,9.05359e-06
codigo,hal07,10000000,4,0.010022775,3.1416076,1.494641e-05
codigo,hal07,10000000,4,0.009907358,3.141588,4.65359e-06
codigo,hal07,10000000,4,0.00700096,3.1415884,4.25359e-06
codigo,hal07,10000000,4,0.00993867,3.1415764,1.625359e-05
codigo,hal07,10000000,4,0.009851092,3.1415796,1.305359e-05
codigo,hal07,10000000,6,0.011657541,3.1415956,2.94641e-06
codigo,hal07,10000000,6,0.011708872,3.141592,6.5359e-07
codigo,hal07,10000000,6,0.010140674,3.1415912,1.45359e-06
codigo,hal07,10000000,6,0.011714521,3.141588,4.65359e-06
codigo,hal07,10000000,6,0.011625416,3.1416072,1.454641e-05
codigo,hal07,10000000,8,0.009912115,3.1415788,1.385359e-05
codigo,hal07,10000000,8,0.009120239,3.1415944,1.74641e-06
codigo,hal07,10000000,8,0.008748315,3.1415876,5.05359e-06
codigo,hal07,10000000,8,0.009038804,3.1415884,4.25359e-06
codigo,hal07,10000000,8,0.008979577,3.1416068,1.414641e-05
codigo,hal07,100000000,1,0.263202448,3.14159232,3.3359e-07
codigo,hal07,100000000,1,0.271139554,3.14159592,3.26641e-06
codigo,hal07,100000000,1,0.271349133,3.14158572,6.93359e-06
codigo,hal07,100000000,1,0.27176325,3.1415926,5.359e-08
codigo,hal07,100000000,1,0.271941741,3.1415946,1.94641e-06
codigo,hal07,100000000,2,0.132615159,3.14158912,3.53359e-06
codigo,hal07,100000000,2,0.143568676,3.1415918,8.5359e-07
codigo,hal07,100000000,2,0.143024767,3.14158972,2.93359e-06
codigo,hal07,100000000,2,0.147030805,3.14159516,2.50641e-06
codigo,hal07,100000000,2,0.143034371,3.14159624,3.58641e-06
codigo,hal07,100000000,4,0.076156851,3.1415934,7.4641e-07
codigo,hal07,100000000,4,0.071406268,3.141591,1.65359e-06
codigo,hal07,100000000,4,0.077598467,3.14159228,3.7359e-07
codigo,hal07,100000000,4,0.084479188,3.14159144,1.21359e-06
codigo,hal07,100000000,4,0.079928866,3.14159432,1.66641e-06
codigo,hal07,100000000,6,0.083047114,3.14159492,2.26641e-06
codigo,hal07,100000000,6,0.083313057,3.14159468,2.02641e-06
codigo,hal07,100000000,6,0.082890671,3.14158948,3.17359e-06
codigo,hal07,100000000,6,0.083222408,3.14159156,1.09359e-06
codigo,hal07,100000000,6,0.095688897,3.14159444,1.78641e-06
codigo,hal07,100000000,8,0.097522099,3.14158984,2.81359e-06
codigo,hal07,100000000,8,0.083031232,3.14159624,3.58641e-06
codigo,hal07,100000000,8,0.094788065,3.14159232,3.3359e-07
codigo,hal07,100000000,8,0.093860494,3.14159088,1.77359e-06
codigo,hal07,100000000,8,0.089767327,3.14159248,1.7359e-07
codigo,hal07,1000000000,1,2.634502535,3.141592868,2.1441e-07
codigo,hal07,1000000000,1,2.623495003,3.141592796,1.4241e-07
codigo,hal07,1000000000,1,2.640638423,3.141592412,2.4159e-07
codigo,hal07,1000000000,1,2.635763631,3.141591552,1.10159e-06
codigo,hal07,1000000000,1,2.634531431,3.141592912,2.5841e-07
codigo,hal07,1000000000,2,1.33379667,3.141592684,3.041e-08
codigo,hal07,1000000000,2,1.332815426,3.141592512,1.4159e-07
codigo,hal07,1000000000,2,1.341865505,3.141592968,3.1441e-07
codigo,hal07,1000000000,2,1.33200603,3.14159336,7.0641e-07
codigo,hal07,1000000000,2,1.3318475,3.141592672,1.841e-08
codigo,hal07,1000000000,4,0.691909409,3.14159272,6.641e-08
codigo,hal07,1000000000,4,0.698282742,3.14159352,8.6641e-07
codigo,hal07,1000000000,4,0.699373576,3.141592352,3.0159e-07
codigo,hal07,1000000000,4,0.69837833,3.14159214,5.1359e-07
codigo,hal07,1000000000,4,0.698707597,3.141591376,1.27759e-06
codigo,hal07,1000000000,6,0.732702043,3.141592252,4.0159e-07
codigo,hal07,1000000000,6,0.829495581,3.141592548,1.0559e-07
codigo,hal07,1000000000,6,0.829802676,3.141591924,7.2959e-07
codigo,hal07,1000000000,6,0.827487929,3.14159232,3.3359e-07
codigo,hal07,1000000000,6,0.747163044,3.141593688,1.03441e-06
codigo,hal07,1000000000,8,0.626304091,3.141592232,4.2159e-07
codigo,hal07,1000000000,8,0.628703646,3.141592656,2.41e-09
codigo,hal07,1000000000,8,0.645326054,3.141591324,1.32959e-06
codigo,hal07,1000000000,8,0.628779642,3.141592852,1.9841e-07
codigo,hal07,1000000000,8,0.628569327,3.141592668,1.441e-08
codigo,hal07,10000000000,1,26.394293032,3.1415925872,6.639e-08
codigo,hal07,10000000000,1,26.359931198,3.1415927108,5.721e-08
codigo,hal07,10000000000,1,26.397516571,3.1415926984,4.481e-08
codigo,hal07,10000000000,1,26.414992339,3.1415925756,7.799e-08
codigo,hal07,10000000000,1,26.426994873,3.1415927044,5.081e-08
codigo,hal07,10000000000,2,13.479324198,3.141592882,2.2841e-07
codigo,hal07,10000000000,2,13.292501843,3.1415927552,1.0161e-07
codigo,hal07,10000000000,2,13.282315198,3.1415925968,5.679e-08
codigo,hal07,10000000000,2,13.36824771,3.1415926564,2.81e-09
codigo,hal07,10000000000,2,13.300664128,3.1415926276,2.599e-08
codigo,hal07,10000000000,4,7.709309487,3.1415927812,1.2761e-07
codigo,hal07,10000000000,4,7.099947175,3.1415927848,1.3121e-07
codigo,hal07,10000000000,4,6.92624131,3.1415927596,1.0601e-07
codigo,hal07,10000000000,4,6.967659256,3.141592688,3.441e-08
codigo,hal07,10000000000,4,7.579045954,3.1415927032,4.961e-08
codigo,hal07,10000000000,6,6.929677331,3.1415926416,1.199e-08
codigo,hal07,10000000000,6,6.743423723,3.1415925532,1.0039e-07
codigo,hal07,10000000000,6,6.768543537,3.1415926896,3.601e-08
codigo,hal07,10000000000,6,6.725438166,3.1415927116,5.801e-08
codigo,hal07,10000000000,6,7.446893296,3.1415925624,9.119e-08
codigo,hal07,10000000000,8,6.270515181,3.1415925204,1.3319e-07
codigo,hal07,10000000000,8,6.26334985,3.141592674,2.041e-08
codigo,hal07,10000000000,8,6.219981523,3.141592644,9.59e-09
codigo,hal07,10000000000,8,6.730132803,3.14159288,2.2641e-07
codigo,hal07,10000000000,8,6.433624625,3.1415926688,1.521e-08
seq_prof,hal03,1000,1,1.4235e-05,3.1,0.04159265359
seq_prof,hal03,1000,1,1.4309e-05,3.1,0.04159265359
seq_prof,hal03,1000,1,1.5023e-05,3.1,0.04159265359
seq_prof,hal03,1000,1,2.4217e-05,3.1,0.04159265359
seq_prof,hal03,1000,1,1.4697e-05,3.172,0.03040734641
seq_prof,hal03,1000,1,1.4612e-05,3.172,0.03040734641
seq_prof,hal03,1000,1,1.4775e-05,3.172,0.03040734641
seq_prof,hal03,1000,1,1.774e-05,3.172,0.03040734641
seq_prof,hal03,1000,1,1.4694e-05,3.172,0.03040734641
seq_prof,hal03,1000,1,1.5035e-05,3.124,0.01759265359
seq_prof,hal03,1000,1,2.6023e-05,3.124,0.01759265359
seq_prof,hal03,1000,1,1.4874e-05,3.124,0.01759265359
seq_prof,hal03,1000,1,1.4539e-05,3.124,0.01759265359
seq_prof,hal03,1000,1,1.4912e-05,3.124,0.01759265359
seq_prof,hal03,1000,1,1.4426e-05,3.156,0.01440734641
seq_prof,hal03,1000,1,1.463e-05,3.156,0.01440734641
seq_prof,hal03,1000,1,2.576e-05,3.156,0.01440734641
seq_prof,hal03,1000,1,1.6553e-05,3.156,0.01440734641
seq_prof,hal03,1000,1,1.484e-05,3.156,0.01440734641
seq_prof,hal03,1000,1,1.6562e-05,3.12,0.02159265359
seq_prof,hal03,1000,1,1.5009e-05,3.12,0.02159265359
seq_prof,hal03,1000,1,1.5039e-05,3.12,0.02159265359
seq_prof,hal03,1000,1,1.5141e-05,3.12,0.02159265359
seq_prof,hal03,1000,1,1.5034e-05,3.12,0.02159265359
seq_prof,hal03,1000,1,3.2233e-05,3.196,0.05440734641
seq_prof,hal03,10000,1,0.000142086,3.1528,0.01120734641
seq_prof,hal03,10000,1,0.000136918,3.1528,0.01120734641
seq_prof,hal03,10000,1,0.000151106,3.1528,0.01120734641
seq_prof,hal03,10000,1,0.000161826,3.1528,0.01120734641
seq_prof,hal03,10000,1,0.000143906,3.1552,0.01360734641
seq_prof,hal03,10000,1,0.000197615,3.1552,0.01360734641
seq_prof,hal03,10000,1,0.000144851,3.1552,0.01360734641
seq_prof,hal03,10000,1,0.00021696,3.1552,0.01360734641
seq_prof,hal03,10000,1,0.00014731,3.1552,0.01360734641
seq_prof,hal03,10000,1,0.000140857,3.1328,0.00879265359
seq_prof,hal03,10000,1,0.00021551,3.1328,0.00879265359
seq_prof,hal03,10000,1,0.00019855,3.1328,0.00879265359
seq_prof,hal03,10000,1,0.000157824,3.1328,0.00879265359
seq_prof,hal03,10000,1,0.00018396,3.1328,0.00879265359
seq_prof,hal03,10000,1,0.000196944,3.1588,0.01720734641
seq_prof,hal03,10000,1,0.000201487,3.1588,0.01720734641
seq_prof,hal03,10000,1,0.000197076,3.1588,0.01720734641
seq_prof,hal03,10000,1,0.000189171,3.1588,0.01720734641
seq_prof,hal03,10000,1,0.000309017,3.1588,0.01720734641
seq_prof,hal03,10000,1,0.000199567,3.1448,0.00320734641
seq_prof,hal03,10000,1,0.000162563,3.1448,0.00320734641
seq_prof,hal03,10000,1,0.000204111,3.1448,0.00320734641
seq_prof,hal03,10000,1,0.000147739,3.1448,0.00320734641
seq_prof,hal03,10000,1,0.000143211,3.1448,0.00320734641
seq_prof,hal03,10000,1,0.000181205,3.1176,0.02399265359
seq_prof,hal03,100000,1,0.001419495,3.13472,0.00687265359
seq_prof,hal03,100000,1,0.001330642,3.13472,0.00687265359
seq_prof,hal03,100000,1,0.001336639,3.13472,0.00687265359
seq_prof,hal03,100000,1,0.001444495,3.13472,0.00687265359
seq_prof,hal03,100000,1,0.001440021,3.13472,0.00687265359
seq_prof,hal03,100000,1,0.001308837,3.139,0.00259265359
seq_prof,hal03,100000,1,0.001350786,3.139,0.00259265359
seq_prof,hal03,100000,1,0.001364063,3.139,0.00259265359
seq_prof,hal03,100000,1,0.001382269,3.139,0.00259265359
seq_prof,hal03,100000,1,0.001383614,3.139,0.00259265359
seq_prof,hal03,100000,1,0.001480789,3.1366,0.00499265359
seq_prof,hal03,100000,1,0.001344635,3.1366,0.00499265359
seq_prof,hal03,100000,1,0.001495404,3.1366,0.00499265359
seq_prof,hal03,100000,1,0.00152933,3.1366,0.00499265359
seq_prof,hal03,100000,1,0.00139051,3.1366,0.00499265359
seq_prof,hal03,100000,1,0.001502782,3.1458,0.00420734641
seq_prof,hal03,100000,1,0.001452389,3.1458,0.00420734641
seq_prof,hal03,100000,1,0.001440419,3.1458,0.00420734641
seq_prof,hal03,100000,1,0.001534343,3.1458,0.00420734641
seq_prof,hal03,100000,1,0.001519169,3.1458,0.00420734641
seq_prof,hal03,100000,1,0.001982608,3.15188,0.01028734641
seq_prof,hal03,100000,1,0.001428977,3.15188,0.01028734641
seq_prof,hal03,100000,1,0.001638991,3.15188,0.01028734641
seq_prof,hal03,100000,1,0.001974895,3.15188,0.01028734641
seq_prof,hal03,100000,1,0.001810899,3.15188,0.01028734641
seq_prof,hal03,1000000,1,0.016427963,3.140416,0.00117665359
seq_prof,hal03,1000000,1,0.014592689,3.140416,0.00117665359
seq_prof,hal03,1000000,1,0.014830194,3.140416,0.00117665359
seq_prof,hal03,1000000,1,0.014235436,3.140416,0.00117665359
seq_prof,hal03,1000000,1,0.014144305,3.140416,0.00117665359
seq_prof,hal03,1000000,1,0.014187294,3.142276,0.00068334641
seq_prof,hal03,1000000,1,0.01805606,3.142276,0.00068334641
seq_prof,hal03,1000000,1,0.01832575,3.142276,0.00068334641
seq_prof,hal03,1000000,1,0.018091025,3.142276,0.00068334641
seq_prof,hal03,1000000,1,0.017685608,3.141616,2.334641e-05
seq_prof,hal03,1000000,1,0.018266211,3.141616,2.334641e-05
seq_prof,hal03,1000000,1,0.018013964,3.141616,2.334641e-05
seq_prof,hal03,1000000,1,0.01563385,3.141616,2.334641e-05
seq_prof,hal03,1000000,1,0.019029911,3.141616,2.334641e-05
seq_prof,hal03,1000000,1,0.018957528,3.140776,0.00081665359
seq_prof,hal03,1000000,1,0.018222408,3.140776,0.00081665359
seq_prof,hal03,1000000,1,0.015362001,3.140776,0.00081665359
seq_prof,hal03,1000000,1,0.018317497,3.140776,0.00081665359
seq_prof,hal03,1000000,1,0.013863719,3.140776,0.00081665359
seq_prof,hal03,1000000,1,0.014067789,3.141868,0.00027534641
seq_prof,hal03,1000000,1,0.013865913,3.141868,0.00027534641
seq_prof,hal03,1000000,1,0.014074172,3.141868,0.00027534641
seq_prof,hal03,1000000,1,0.019728091,3.141868,0.00027534641
seq_prof,hal03,1000000,1,0.01835396,3.141868,0.00027534641
seq_prof,hal03,1000000,1,0.022320428,3.14308,0.00148734641
seq_prof,hal03,10000000,1,0.163520725,3.1422136,0.00062094641
seq_prof,hal03,10000000,1,0.139694837,3.1422136,0.00062094641
seq_prof,hal03,10000000,1,0.135624749,3.1418972,0.00030454641
seq_prof,hal03,10000000,1,0.137203626,3.1418972,0.00030454641
seq_prof,hal03,10000000,1,0.13710789,3.1418972,0.00030454641
seq_prof,hal03,10000000,1,0.135969373,3.1414148,0.00017785359
seq_prof,hal03,10000000,1,0.155657395,3.1414148,0.00017785359
seq_prof,hal03,10000000,1,0.148799481,3.1414148,0.00017785359
seq_prof,hal03,10000000,1,0.139904644,3.1416196,2.694641e-05
seq_prof,hal03,10000000,1,0.140851812,3.1416196,2.694641e-05
seq_prof,hal03,10000000,1,0.141376188,3.1416196,2.694641e-05
seq_prof,hal03,10000000,1,0.138176197,3.1420712,0.00047854641
seq_prof,hal03,10000000,1,0.135517765,3.1420712,0.00047854641
seq_prof,hal03,10000000,1,0.13959775,3.1420712,0.00047854641
seq_prof,hal03,10000000,1,0.139985599,3.1424464,0.00085374641
seq_prof,hal03,10000000,1,0.144545454,3.1424464,0.00085374641
seq_prof,hal03,10000000,1,0.162508784,3.1424464,0.00085374641
seq_prof,hal03,10000000,1,0.145877299,3.1406028,0.00098985359
seq_prof,hal03,10000000,1,0.146577363,3.1406028,0.00098985359
seq_prof,hal03,10000000,1,0.14453263,3.1406028,0.00098985359
seq_prof,hal03,10000000,1,0.142248132,3.1408884,0.00070425359
seq_prof,hal03,10000000,1,0.142613354,3.1408884,0.00070425359
seq_prof,hal03,10000000,1,0.143309749,3.1408884,0.00070425359
seq_prof,hal03,10000000,1,0.143157519,3.1421832,0.00059054641
seq_prof,hal03,10000000,1,0.133062239,3.1421832,0.00059054641
seq_prof,hal03,100000000,1,1.382662224,3.14146708,0.00012557359
seq_prof,hal03,100000000,1,1.381253165,3.141636,4.334641e-05
seq_prof,hal03,100000000,1,1.491950067,3.14135148,0.00024117359
seq_prof,hal03,100000000,1,1.515934828,3.1418366,0.00024394641
seq_prof,hal03,100000000,1,1.408053445,3.1418354,0.00024274641
seq_prof,hal03,100000000,1,1.498463685,3.1417628,0.00017014641
seq_prof,hal03,100000000,1,1.38033791,3.14145028,0.00014237359
seq_prof,hal03,100000000,1,1.392046448,3.14138088,0.00021177359
seq_prof,hal03,100000000,1,1.393820922,3.1416394,4.674641e-05
seq_prof,hal03,100000000,1,1.43508149,3.14153008,6.257359e-05
seq_prof,hal03,100000000,1,1.422508631,3.14181704,0.00022438641
seq_prof,hal03,100000000,1,1.420059187,3.14169744,0.00010478641
seq_prof,hal03,100000000,1,1.4458047,3.14165372,6.106641e-05
seq_prof,hal03,100000000,1,1.395508553,3.1415734,1.925359e-05
seq_prof,hal03,100000000,1,1.400611427,3.14163936,4.670641e-05
seq_prof,hal03,100000000,1,1.486151364,3.14161648,2.382641e-05
seq_prof,hal03,100000000,1,1.430876312,3.14150736,8.529359e-05
seq_prof,hal03,100000000,1,1.474623081,3.14135804,0.00023461359
seq_prof,hal03,100000000,1,1.430532952,3.1419154,0.00032274641
seq_prof,hal03,100000000,1,1.382694514,3.14167984,8.718641e-05
seq_prof,hal03,100000000,1,1.41057146,3.1417318,0.00013914641
seq_prof,hal03,100000000,1,1.437531565,3.14178852,0.00019586641
seq_prof,hal03,100000000,1,1.408894402,3.14170784,0.00011518641
seq_prof,hal03,100000000,1,1.529563365,3.14152604,6.661359e-05
seq_prof,hal03,100000000,1,1.48504166,3.14137948,0.00021317359
seq_prof,hal03,1000000000,1,14.187489023,3.141528308,6.434559e-05
seq_prof,hal03,1000000000,1,13.895028734,3.141579656,1.299759e-05
seq_prof,hal03,1000000000,1,14.621996742,3.14165238,5.972641e-05
seq_prof,hal03,1000000000,1,14.022750887,3.141522188,7.046559e-05
seq_prof,hal03,1000000000,1,14.52448831,3.141545212,4.744159e-05
seq_prof,hal03,1000000000,1,14.424603765,3.14152132,7.133359e-05
seq_prof,hal03,1000000000,1,14.306394778,3.141525884,6.676959e-05
seq_prof,hal03,1000000000,1,14.509519461,3.141609932,1.727841e-05
seq_prof,hal03,1000000000,1,14.230825886,3.14160116,8.50641e-06
seq_prof,hal03,1000000000,1,14.583187712,3.141553092,3.956159e-05
seq_prof,hal03,1000000000,1,14.138684408,3.141609664,1.701041e-05
seq_prof,hal03,1000000000,1,14.210744033,3.141532668,5.998559e-05
seq_prof,hal03,1000000000,1,14.232995446,3.141594,1.34641e-06
seq_prof,hal03,1000000000,1,14.404427109,3.141660412,6.775841e-05
seq_prof,hal03,1000000000,1,14.441940526,3.141537948,5.470559e-05
seq_prof,hal03,1000000000,1,14.350953026,3.141497784,9.486959e-05
seq_prof,hal03,1000000000,1,14.401444007,3.141557256,3.539759e-05
seq_prof,hal03,1000000000,1,14.048655102,3.14154294,4.971359e-05
seq_prof,hal03,1000000000,1,14.47710428,3.141636736,4.408241e-05
seq_prof,hal03,1000000000,1,14.328439968,3.141578116,1.453759e-05
seq_prof,hal03,1000000000,1,14.549225142,3.141659216,6.656241e-05
seq_prof,hal03,1000000000,1,14.141741191,3.141611532,1.887841e-05
seq_prof,hal03,1000000000,1,14.432403257,3.141574164,1.848959e-05
seq_prof,hal03,1000000000,1,14.239083277,3.141587636,5.01759e-06
seq_prof,hal03,1000000000,1,14.326946602,3.141626384,3.373041e-05
seq_prof,hal03,10000000000,1,144.356651707,3.1416116176,1.896401e-05
seq_prof,hal03,10000000000,1,142.864061932,3.1415676432,2.501039e-05
seq_prof,hal03,10000000000,1,142.340653819,3.1415744672,1.818639e-05
seq_prof,hal03,10000000000,1,142.696742851,3.1416086672,1.601361e-05
seq_prof,hal03,10000000000,1,143.90841329,3.1416350796,4.242601e-05
seq_prof,hal03,10000000000,1,143.783873986,3.141597604,4.95041e-06
seq_prof,hal03,10000000000,1,142.97267809,3.1416080952,1.544161e-05
seq_prof,hal03,10000000000,1,143.701678537,3.1416003584,7.70481e-06
seq_prof,hal03,10000000000,1,143.274179361,3.1415606668,3.198679e-05
seq_prof,hal03,10000000000,1,143.237180239,3.141587712,4.94159e-06
seq_prof,hal03,10000000000,1,143.251663099,3.141587318,5.33559e-06
seq_prof,hal03,10000000000,1,143.094159239,3.141594532,1.87841e-06
seq_prof,hal03,10000000000,1,143.917648495,3.1415990156,6.36201e-06
seq_prof,hal03,10000000000,1,142.857996091,3.1415762656,1.638799e-05
seq_prof,hal03,10000000000,1,143.220322599,3.1415978964,5.24281e-06
seq_prof,hal03,10000000000,1,142.229013496,3.1415926632,9.61e-09
seq_prof,hal03,10000000000,1,143.283171777,3.1416048196,1.216601e-05
seq_prof,hal03,10000000000,1,143.081898014,3.1415865436,6.10999e-06
seq_prof,hal03,10000000000,1,143.166896796,3.1415692304,2.342319e-05
seq_prof,hal03,10000000000,1,142.320705435,3.141620772,2.811841e-05
seq_prof,hal03,10000000000,1,143.179175694,3.1416199772,2.732361e-05
seq_prof,hal03,10000000000,1,144.864497006,3.1416066536,1.400001e-05
seq_prof,hal03,10000000000,1,143.177235203,3.14160411,1.145641e-05
seq_prof,hal03,10000000000,1,142.933195484,3.1415910416,1.61199e-06
seq_prof,hal03,10000000000,1,143.481314746,3.1415883604,4.29319e-06
par_prof,hal03,1000,1,1.8065e-05,3.16,0.01840734641
par_prof,hal03,1000,1,2.6055e-05,3.16,0.01840734641
par_prof,hal03,1000,1,2.0696e-05,3.16,0.01840734641
par_prof,hal03,1000,1,2.0331e-05,3.14,0.00159265359
par_prof,hal03,1000,1,2.578e-05,3.14,0.00159265359
par_prof,hal03,1000,2,6.7099e-05,3.216,0.07440734641
par_prof,hal03,1000,2,8.5246e-05,3.216,0.07440734641
par_prof,hal03,1000,2,7.7908e-05,3.216,0.07440734641
par_prof,hal03,1000,2,8.079e-05,3.156,0.01440734641
par_prof,hal03,1000,2,7.7354e-05,3.156,0.01440734641
par_prof,hal03,1000,4,0.000122647,3.132,0.00959265359
par_prof,hal03,1000,4,9.2256e-05,3.132,0.00959265359
par_prof,hal03,1000,4,0.000100913,3.132,0.00959265359
par_prof,hal03,1000,4,0.000104668,3.112,0.02959265359
par_prof,hal03,1000,4,9.1054e-05,3.112,0.02959265359
par_prof,hal03,1000,6,0.000149356,3.204,0.06240734641
par_prof,hal03,1000,6,0.000164774,3.204,0.06240734641
par_prof,hal03,1000,6,0.000155661,3.22,0.07840734641
par_prof,hal03,1000,6,0.000191186,3.22,0.07840734641
par_prof,hal03,1000,6,0.000180773,3.22,0.07840734641
par_prof,hal03,1000,8,0.005900477,3.184,0.04240734641
par_prof,hal03,1000,8,0.000187241,3.184,0.04240734641
par_prof,hal03,1000,8,0.000182069,3.176,0.03440734641
par_prof,hal03,1000,8,0.000181959,3.176,0.03440734641
par_prof,hal03,1000,8,0.00165736,3.176,0.03440734641
par_prof,hal03,10000,1,0.000136183,3.1556,0.01400734641
par_prof,hal03,10000,1,0.000171609,3.1556,0.01400734641
par_prof,hal03,10000,1,0.000134189,3.1372,0.00439265359
par_prof,hal03,10000,1,0.000132077,3.1372,0.00439265359
par_prof,hal03,10000,1,0.000135742,3.1372,0.00439265359
par_prof,hal03,10000,2,0.000112194,3.1312,0.01039265359
par_prof,hal03,10000,2,0.000138063,3.1312,0.01039265359
par_prof,hal03,10000,2,0.00016426,3.1236,0.01799265359
par_prof,hal03,10000,2,0.000153623,3.1236,0.01799265359
par_prof,hal03,10000,2,0.000148733,3.1236,0.01799265359
par_prof,hal03,10000,4,0.000204699,3.1088,0.03279265359
par_prof,hal03,10000,4,0.000139078,3.1068,0.03479265359
par_prof,hal03,10000,4,0.00015049,3.1068,0.03479265359
par_prof,hal03,10000,4,0.000151731,3.1068,0.03479265359
par_prof,hal03,10000,4,0.000147547,3.1068,0.03479265359
par_prof,hal03,10000,6,0.00016589,3.1104,0.03119265359
par_prof,hal03,10000,6,0.000164424,3.1208,0.02079265359
par_prof,hal03,10000,6,0.000171411,3.1208,0.02079265359
par_prof,hal03,10000,6,0.000164271,3.1208,0.02079265359
par_prof,hal03,10000,6,0.000178376,3.1208,0.02079265359
par_prof,hal03,10000,8,0.004404759,3.1244,0.01719265359
par_prof,hal03,10000,8,0.004436124,3.132,0.00959265359
par_prof,hal03,10000,8,0.005843177,3.132,0.00959265359
par_prof,hal03,10000,8,0.005815957,3.132,0.00959265359
par_prof,hal03,10000,8,0.005761688,3.132,0.00959265359
par_prof,hal03,100000,1,0.001403314,3.13992,0.00167265359
par_prof,hal03,100000,1,0.00141014,3.148,0.00640734641
par_prof,hal03,100000,1,0.001468156,3.148,0.00640734641
par_prof,hal03,100000,1,0.001398779,3.148,0.00640734641
par_prof,hal03,100000,1,0.001513586,3.148,0.00640734641
par_prof,hal03,100000,2,0.001160803,3.14304,0.00144734641
par_prof,hal03,100000,2,0.000902613,3.14824,0.00664734641
par_prof,hal03,100000,2,0.000732075,3.14824,0.00664734641
par_prof,hal03,100000,2,0.001011549,3.14824,0.00664734641
par_prof,hal03,100000,2,0.001008162,3.14824,0.00664734641
par_prof,hal03,100000,4,0.000734389,3.15028,0.00868734641
par_prof,hal03,100000,4,0.000914932,3.1454,0.00380734641
par_prof,hal03,100000,4,0.000740676,3.1454,0.00380734641
par_prof,hal03,100000,4,0.00074799,3.1454,0.00380734641
par_prof,hal03,100000,4,0.0009053,3.1454,0.00380734641
par_prof,hal03,100000,6,0.000536237,3.14232,0.00072734641
par_prof,hal03,100000,6,0.000637029,3.14428,0.00268734641
par_prof,hal03,100000,6,0.000708749,3.14428,0.00268734641
par_prof,hal03,100000,6,0.000638111,3.14428,0.00268734641
par_prof,hal03,100000,6,0.00063014,3.14428,0.00268734641
par_prof,hal03,100000,8,0.000608095,3.14284,0.00124734641
par_prof,hal03,100000,8,0.00190522,3.14104,0.00055265359
par_prof,hal03,100000,8,0.001364221,3.14104,0.00055265359
par_prof,hal03,100000,8,0.000509505,3.14104,0.00055265359
par_prof,hal03,100000,8,0.00316914,3.14104,0.00055265359
par_prof,hal03,1000000,1,0.013963748,3.143856,0.00226334641
par_prof,hal03,1000000,1,0.016908602,3.145756,0.00416334641
par_prof,hal03,1000000,1,0.013697272,3.145756,0.00416334641
par_prof,hal03,1000000,1,0.01364257,3.145756,0.00416334641
par_prof,hal03,1000000,1,0.013628942,3.145756,0.00416334641
par_prof,hal03,1000000,2,0.006918153,3.144956,0.00336334641
par_prof,hal03,1000000,2,0.007205532,3.143972,0.00237934641
par_prof,hal03,1000000,2,0.006942385,3.143972,0.00237934641
par_prof,hal03,1000000,2,0.007113443,3.143972,0.00237934641
par_prof,hal03,1000000,2,0.007846685,3.143972,0.00237934641
par_prof,hal03,1000000,4,0.005859948,3.141704,0.00011134641
par_prof,hal03,1000000,4,0.006138392,3.141664,7.134641e-05
par_prof,hal03,1000000,4,0.005987567,3.141664,7.134641e-05
par_prof,hal03,1000000,4,0.006044283,3.141664,7.134641e-05
par_prof,hal03,1000000,4,0.005939495,3.141664,7.134641e-05
par_prof,hal03,1000000,6,0.004110849,3.14244,0.00084734641
par_prof,hal03,1000000,6,0.004205111,3.14244,0.00084734641
par_prof,hal03,1000000,6,0.004967966,3.14244,0.00084734641
par_prof,hal03,1000000,6,0.004776005,3.14244,0.00084734641
par_prof,hal03,1000000,6,0.004078642,3.14244,0.00084734641
par_prof,hal03,1000000,8,0.007666933,3.141908,0.00031534641
par_prof,hal03,1000000,8,0.003145061,3.141908,0.00031534641
par_prof,hal03,1000000,8,0.00778697,3.141908,0.00031534641
par_prof,hal03,1000000,8,0.007011322,3.141908,0.00031534641
par_prof,hal03,1000000,8,0.003195592,3.141908,0.00031534641
par_prof,hal03,10000000,1,0.14256069,3.1420816,0.00048894641
par_prof,hal03,10000000,1,0.142467261,3.1420816,0.00048894641
par_prof,hal03,10000000,1,0.136778279,3.1420816,0.00048894641
par_prof,hal03,10000000,1,0.144066343,3.1422084,0.00061574641
par_prof,hal03,10000000,1,0.14246613,3.1422084,0.00061574641
par_prof,hal03,10000000,2,0.075081107,3.1417768,0.00018414641
par_prof,hal03,10000000,2,0.076680047,3.1419132,0.00032054641
par_prof,hal03,10000000,2,0.078276502,3.1419132,0.00032054641
par_prof,hal03,10000000,2,0.077606632,3.1419132,0.00032054641
par_prof,hal03,10000000,2,0.077069386,3.1419132,0.00032054641
par_prof,hal03,10000000,4,0.060903359,3.1421332,0.00054054641
par_prof,hal03,10000000,4,0.061113829,3.1421332,0.00054054641
par_prof,hal03,10000000,4,0.060574499,3.1421332,0.00054054641
par_prof,hal03,10000000,4,0.059280147,3.1421332,0.00054054641
par_prof,hal03,10000000,4,0.060444409,3.142062,0.00046934641
par_prof,hal03,10000000,6,0.040586313,3.1417292,0.00013654641
par_prof,hal03,10000000,6,0.040075592,3.1417292,0.00013654641
par_prof,hal03,10000000,6,0.039855094,3.1417292,0.00013654641
par_prof,hal03,10000000,6,0.041000026,3.141358,0.00023465359
par_prof,hal03,10000000,6,0.04029514,3.141358,0.00023465359
par_prof,hal03,10000000,8,0.038678636,3.1416212,2.854641e-05
par_prof,hal03,10000000,8,0.046417842,3.1416212,2.854641e-05
par_prof,hal03,10000000,8,0.049232804,3.14215,0.00055734641
par_prof,hal03,10000000,8,0.045422236,3.14215,0.00055734641
par_prof,hal03,10000000,8,0.041011792,3.14215,0.00055734641
par_prof,hal03,100000000,1,1.385812017,3.1415686,2.405359e-05
par_prof,hal03,100000000,1,1.426627426,3.1415252,6.745359e-05
par_prof,hal03,100000000,1,1.589161616,3.1416286,3.594641e-05
par_prof,hal03,100000000,1,1.423240121,3.1415936,9.4641e-07
par_prof,hal03,100000000,1,1.49183041,3.14147344,0.00011921359
par_prof,hal03,100000000,2,0.73107453,3.14155572,3.693359e-05
par_prof,hal03,100000000,2,0.703790917,3.14154028,5.237359e-05
par_prof,hal03,100000000,2,0.734766159,3.14154028,5.237359e-05
par_prof,hal03,100000000,2,0.7384656,3.14155904,3.361359e-05
par_prof,hal03,100000000,2,0.726245511,3.14157544,1.721359e-05
par_prof,hal03,100000000,4,0.46046081,3.14147896,0.00011369359
par_prof,hal03,100000000,4,0.547470782,3.14159636,3.70641e-06
par_prof,hal03,100000000,4,0.520599101,3.14167,7.734641e-05
par_prof,hal03,100000000,4,0.529853375,3.14167,7.734641e-05
par_prof,hal03,100000000,4,0.524480325,3.141613,2.034641e-05
par_prof,hal03,100000000,6,0.399413669,3.14155016,4.249359e-05
par_prof,hal03,100000000,6,0.39091085,3.14155016,4.249359e-05
par_prof,hal03,100000000,6,0.392039879,3.14150916,8.349359e-05
par_prof,hal03,100000000,6,0.393167926,3.14163272,4.006641e-05
par_prof,hal03,100000000,6,0.391013398,3.14163272,4.006641e-05
par_prof,hal03,100000000,8,0.398180909,3.14160148,8.82641e-06
par_prof,hal03,100000000,8,0.392064642,3.14160148,8.82641e-06
par_prof,hal03,100000000,8,0.413863744,3.1416476,5.494641e-05
par_prof,hal03,100000000,8,0.428834318,3.14155792,3.473359e-05
par_prof,hal03,100000000,8,0.403061566,3.14155792,3.473359e-05
par_prof,hal03,1000000000,1,14.344021285,3.141501312,9.134159e-05
par_prof,hal03,1000000000,1,14.218713267,3.141521932,7.072159e-05
par_prof,hal03,1000000000,1,14.225670255,3.141658828,6.617441e-05
par_prof,hal03,1000000000,1,14.167980101,3.14165838,6.572641e-05
par_prof,hal03,1000000000,1,14.224994439,3.141559404,3.324959e-05
par_prof,hal03,1000000000,2,7.256533982,3.14158514,7.51359e-06
par_prof,hal03,1000000000,2,7.264654961,3.141605456,1.280241e-05
par_prof,hal03,1000000000,2,7.320879678,3.141536624,5.602959e-05
par_prof,hal03,1000000000,2,7.663111745,3.141532672,5.998159e-05
par_prof,hal03,1000000000,2,7.318381502,3.141583828,8.82559e-06
par_prof,hal03,1000000000,4,4.431789142,3.141645932,5.327841e-05
par_prof,hal03,1000000000,4,3.960289337,3.141602928,1.027441e-05
par_prof,hal03,1000000000,4,4.040845979,3.141546368,4.628559e-05
par_prof,hal03,1000000000,4,5.110242957,3.141591216,1.43759e-06
par_prof,hal03,1000000000,4,4.065064296,3.141507144,8.550959e-05
par_prof,hal03,1000000000,6,3.958071679,3.141607708,1.505441e-05
par_prof,hal03,1000000000,6,3.649804712,3.141586016,6.63759e-06
par_prof,hal03,1000000000,6,3.719589674,3.141607548,1.489441e-05
par_prof,hal03,1000000000,6,3.726695357,3.141586696,5.95759e-06
par_prof,hal03,1000000000,6,3.826532638,3.141615684,2.303041e-05
par_prof,hal03,1000000000,8,3.399866837,3.141640392,4.773841e-05
par_prof,hal03,1000000000,8,3.851440665,3.141685868,9.321441e-05
par_prof,hal03,1000000000,8,3.630713371,3.14168854,9.588641e-05
par_prof,hal03,1000000000,8,3.758577557,3.141602088,9.43441e-06
par_prof,hal03,1000000000,8,3.610082005,3.141596876,4.22241e-06
par_prof,hal03,10000000000,1,143.291938941,3.1416122516,1.959801e-05
par_prof,hal03,10000000000,1,143.310509403,3.1416042828,1.162921e-05
par_prof,hal03,10000000000,1,143.246684239,3.1415817256,1.092799e-05
par_prof,hal03,10000000000,1,143.343535504,3.1415838732,8.78039e-06
par_prof,hal03,10000000000,1,143.559107476,3.1416149728,2.231921e-05
par_prof,hal03,10000000000,2,72.91627285,3.1415875472,5.10639e-06
par_prof,hal03,10000000000,2,72.821023369,3.1415721836,2.046999e-05
par_prof,hal03,10000000000,2,72.9799313,3.1415904604,2.19319e-06
par_prof,hal03,10000000000,2,73.363743023,3.1416016444,8.99081e-06
par_prof,hal03,10000000000,2,72.361518454,3.1415975532,4.89961e-06
par_prof,hal03,10000000000,4,41.119374692,3.141606624,1.397041e-05
par_prof,hal03,10000000000,4,39.12173849,3.1416145532,2.189961e-05
par_prof,hal03,10000000000,4,41.131864166,3.1415871708,5.48279e-06
par_prof,hal03,10000000000,4,40.117370222,3.1415982472,5.59361e-06
par_prof,hal03,10000000000,4,40.100785627,3.1416023056,9.65201e-06
par_prof,hal03,10000000000,6,36.463295132,3.1415615576,3.109599e-05
par_prof,hal03,10000000000,6,36.969986769,3.14161325,2.059641e-05
par_prof,hal03,10000000000,6,38.520786532,3.1415918088,8.4479e-07
par_prof,hal03,10000000000,6,36.538673417,3.1416088916,1.623801e-05
par_prof,hal03,10000000000,6,36.723229567,3.1416030536,1.040001e-05
par_prof,hal03,10000000000,8,34.593010648,3.1415496704,4.298319e-05
par_prof,hal03,10000000000,8,35.274793652,3.141584918,7.73559e-06
par_prof,hal03,10000000000,8,34.424049298,3.1415810624,1.159119e-05
par_prof,hal03,10000000000,8,34.657697612,3.1415713752,2.127839e-05
par_prof,hal03,10000000000,8,35.340753183,3.141588286,4.36759e-06
codigo,hal03,1000,1,7.837e-06,3.12,0.02159265359
codigo,hal03,1000,1,8.202e-06,3.156,0.01440734641
codigo,hal03,1000,1,7.144e-06,3.092,0.04959265359
codigo,hal03,1000,1,9.375e-06,3.112,0.02959265359
codigo,hal03,1000,1,9.238e-06,3.156,0.01440734641
codigo,hal03,1000,2,4.1865e-05,3.108,0.03359265359
codigo,hal03,1000,2,7.8928e-05,3.172,0.03040734641
codigo,hal03,1000,2,8.4107e-05,3.156,0.01440734641
codigo,hal03,1000,2,7.0314e-05,3.156,0.01440734641
codigo,hal03,1000,2,5.6149e-05,3.144,0.00240734641
codigo,hal03,1000,4,9.6369e-05,3.12,0.02159265359
codigo,hal03,1000,4,8.4117e-05,3.128,0.01359265359
codigo,hal03,1000,4,0.000113656,3.156,0.01440734641
codigo,hal03,1000,4,0.000104405,3.148,0.00640734641
codigo,hal03,1000,4,0.000100091,3.132,0.00959265359
codigo,hal03,1000,6,0.000124687,3.132,0.00959265359
codigo,hal03,1000,6,9.857e-05,3.164,0.02240734641
codigo,hal03,1000,6,0.00013784,3.14,0.00159265359
codigo,hal03,1000,6,0.000134619,3.168,0.02640734641
codigo,hal03,1000,6,0.000126759,3.168,0.02640734641
codigo,hal03,1000,8,0.004374184,3.144,0.00240734641
codigo,hal03,1000,8,0.004279903,3.128,0.01359265359
codigo,hal03,1000,8,0.004304784,3.12,0.02159265359
codigo,hal03,1000,8,0.004117854,3.14,0.00159265359
codigo,hal03,1000,8,0.000167773,3.148,0.00640734641
codigo,hal03,10000,1,5.044e-05,3.1432,0.00160734641
codigo,hal03,10000,1,3.7164e-05,3.148,0.00640734641
codigo,hal03,10000,1,3.1457e-05,3.142,0.00040734641
codigo,hal03,10000,1,3.2378e-05,3.142,0.00040734641
codigo,hal03,10000,1,3.2383e-05,3.138,0.00359265359
codigo,hal03,10000,2,7.9419e-05,3.1372,0.00439265359
codigo,hal03,10000,2,7.3081e-05,3.1396,0.00199265359
codigo,hal03,10000,2,8.3235e-05,3.1392,0.00239265359
codigo,hal03,10000,2,5.7443e-05,3.1444,0.00280734641
codigo,hal03,10000,2,7.3559e-05,3.142,0.00040734641
codigo,hal03,10000,4,0.000107763,3.1396,0.00199265359
codigo,hal03,10000,4,0.000102121,3.14,0.00159265359
codigo,hal03,10000,4,0.000105718,3.142,0.00040734641
codigo,hal03,10000,4,8.6239e-05,3.138,0.00359265359
codigo,hal03,10000,4,9.0083e-05,3.1412,0.00039265359
codigo,hal03,10000,6,0.001511638,3.1424,0.00080734641
codigo,hal03,10000,6,0.000128234,3.1432,0.00160734641
codigo,hal03,10000,6,0.000133363,3.1352,0.00639265359
codigo,hal03,10000,6,0.000135033,3.1444,0.00280734641
codigo,hal03,10000,6,0.000826235,3.1404,0.00119265359
codigo,hal03,10000,8,0.004289155,3.1364,0.00519265359
codigo,hal03,10000,8,0.000141748,3.1432,0.00160734641
codigo,hal03,10000,8,0.001050484,3.1492,0.00760734641
codigo,hal03,10000,8,0.004299935,3.1468,0.00520734641
codigo,hal03,10000,8,0.003182362,3.1416,7.34641e-06
codigo,hal03,100000,1,0.000281501,3.14196,0.00036734641
codigo,hal03,100000,1,0.000325484,3.14164,4.734641e-05
codigo,hal03,100000,1,0.000314705,3.14184,0.00024734641
codigo,hal03,100000,1,0.000299555,3.14132,0.00027265359
codigo,hal03,100000,1,0.000340745,3.14172,0.00012734641
codigo,hal03,100000,2,0.000216329,3.14256,0.00096734641
codigo,hal03,100000,2,0.000229417,3.14168,8.734641e-05
codigo,hal03,100000,2,0.000262077,3.14232,0.00072734641
codigo,hal03,100000,2,0.000189741,3.14148,0.00011265359
codigo,hal03,100000,2,0.000216968,3.14208,0.00048734641
codigo,hal03,100000,4,0.000210962,3.14236,0.00076734641
codigo,hal03,100000,4,0.000219042,3.1426,0.00100734641
codigo,hal03,100000,4,0.000218887,3.1412,0.00039265359
codigo,hal03,100000,4,0.00025331,3.14164,4.734641e-05
codigo,hal03,100000,4,0.000232254,3.14128,0.00031265359
codigo,hal03,100000,6,0.000268785,3.14168,8.734641e-05
codigo,hal03,100000,6,0.000224524,3.14128,0.00031265359
codigo,hal03,100000,6,0.000263211,3.142,0.00040734641
codigo,hal03,100000,6,0.000244689,3.14084,0.00075265359
codigo,hal03,100000,6,0.000271245,3.14172,0.00012734641
codigo,hal03,100000,8,0.002617193,3.1408,0.00079265359
codigo,hal03,100000,8,0.001487221,3.14232,0.00072734641
codigo,hal03,100000,8,0.004477229,3.1418,0.00020734641
codigo,hal03,100000,8,0.002731956,3.14144,0.00015265359
codigo,hal03,100000,8,0.004439483,3.14212,0.00052734641
codigo,hal03,1000000,1,0.002820809,3.141692,9.934641e-05
codigo,hal03,1000000,1,0.002650682,3.14166,6.734641e-05
codigo,hal03,1000000,1,0.004124259,3.14154,5.265359e-05
codigo,hal03,1000000,1,0.003448726,3.141516,7.665359e-05
codigo,hal03,1000000,1,0.003027972,3.141532,6.065359e-05
codigo,hal03,1000000,2,0.002151181,3.141444,0.00014865359
codigo,hal03,1000000,2,0.002217383,3.141572,2.065359e-05
codigo,hal03,1000000,2,0.001609396,3.141568,2.465359e-05
codigo,hal03,1000000,2,0.00183786,3.141476,0.00011665359
codigo,hal03,1000000,2,0.001766109,3.14156,3.265359e-05
codigo,hal03,1000000,4,0.001368305,3.141472,0.00012065359
codigo,hal03,1000000,4,0.001348147,3.141688,9.534641e-05
codigo,hal03,1000000,4,0.00134246,3.141572,2.065359e-05
codigo,hal03,1000000,4,0.001340049,3.141552,4.065359e-05
codigo,hal03,1000000,4,0.001418551,3.141476,0.00011665359
codigo,hal03,1000000,6,0.000948224,3.14162,2.734641e-05
codigo,hal03,1000000,6,0.000962315,3.141696,0.00010334641
codigo,hal03,1000000,6,0.002851483,3.141728,0.00013534641
codigo,hal03,1000000,6,0.001058482,3.14146,0.00013265359
codigo,hal03,1000000,6,0.001048605,3.141576,1.665359e-05
codigo,hal03,1000000,8,0.00403638,3.141576,1.665359e-05
codigo,hal03,1000000,8,0.005620415,3.1417,0.00010734641
codigo,hal03,1000000,8,0.005423686,3.141616,2.334641e-05
codigo,hal03,1000000,8,0.005448002,3.141576,1.665359e-05
codigo,hal03,1000000,8,0.005464256,3.14156,3.265359e-05
codigo,hal03,10000000,1,0.033975095,3.1415992,6.54641e-06
codigo,hal03,10000000,1,0.03055073,3.1415896,3.05359e-06
codigo,hal03,10000000,1,0.031879697,3.141596,3.34641e-06
codigo,hal03,10000000,1,0.03205288,3.1415904,2.25359e-06
codigo,hal03,10000000,1,0.032536905,3.1415616,3.105359e-05
codigo,hal03,10000000,2,0.01696075,3.141618,2.534641e-05
codigo,hal03,10000000,2,0.017089062,3.1415848,7.85359e-06
codigo,hal03,10000000,2,0.016133557,3.1415812,1.145359e-05
codigo,hal03,10000000,2,0.01939066,3.141604,1.134641e-05
codigo,hal03,10000000,2,0.019518469,3.141586,6.65359e-06
codigo,hal03,10000000,4,0.015102822,3.1415948,2.14641e-06
codigo,hal03,10000000,4,0.010293512,3.1415768,1.585359e-05
codigo,hal03,10000000,4,0.008492398,3.1416116,1.894641e-05
codigo,hal03,10000000,4,0.012989725,3.1415984,5.74641e-06
codigo,hal03,10000000,4,0.013497439,3.1416008,8.14641e-06
codigo,hal03,10000000,6,0.00938671,3.141596,3.34641e-06
codigo,hal03,10000000,6,0.008731027,3.141608,1.534641e-05
codigo,hal03,10000000,6,0.00898831,3.1415692,2.345359e-05
codigo,hal03,10000000,6,0.009467268,3.1415732,1.945359e-05
codigo,hal03,10000000,6,0.009296646,3.1416012,8.54641e-06
codigo,hal03,10000000,8,0.010050283,3.141596,3.34641e-06
codigo,hal03,10000000,8,0.008510229,3.1415928,1.4641e-07
codigo,hal03,10000000,8,0.014146312,3.1415988,6.14641e-06
codigo,hal03,10000000,8,0.011011774,3.1415956,2.94641e-06
codigo,hal03,10000000,8,0.011114139,3.1415788,1.385359e-05
codigo,hal03,100000000,1,0.282026208,3.14159244,2.1359e-07
codigo,hal03,100000000,1,0.286543078,3.14158956,3.09359e-06
codigo,hal03,100000000,1,0.30210728,3.1415922,4.5359e-07
codigo,hal03,100000000,1,0.304389399,3.1415934,7.4641e-07
codigo,hal03,100000000,1,0.289296541,3.14159204,6.1359e-07
codigo,hal03,100000000,2,0.146689237,3.14158744,5.21359e-06
codigo,hal03,100000000,2,0.152474058,3.14159596,3.30641e-06
codigo,hal03,100000000,2,0.148268829,3.14159044,2.21359e-06
codigo,hal03,100000000,2,0.144992476,3.14159492,2.26641e-06
codigo,hal03,100000000,2,0.157517126,3.141594,1.34641e-06
codigo,hal03,100000000,4,0.088979808,3.14159396,1.30641e-06
codigo,hal03,100000000,4,0.089304139,3.14159252,1.3359e-07
codigo,hal03,100000000,4,0.120000827,3.14159128,1.37359e-06
codigo,hal03,100000000,4,0.128812512,3.14159084,1.81359e-06
codigo,hal03,100000000,4,0.128196899,3.1415962,3.54641e-06
codigo,hal03,100000000,6,0.085144233,3.14159648,3.82641e-06
codigo,hal03,100000000,6,0.083188162,3.14159256,9.359e-08
codigo,hal03,100000000,6,0.087677925,3.1415898,2.85359e-06
codigo,hal03,100000000,6,0.091996262,3.1415902,2.45359e-06
codigo,hal03,100000000,6,0.084634588,3.14159108,1.57359e-06
codigo,hal03,100000000,8,0.080876141,3.14159348,8.2641e-07
codigo,hal03,100000000,8,0.079961569,3.14159116,1.49359e-06
codigo,hal03,100000000,8,0.088210476,3.14159084,1.81359e-06
codigo,hal03,100000000,8,0.081470109,3.1415932,5.4641e-07
codigo,hal03,100000000,8,0.080457245,3.14159172,9.3359e-07
codigo,hal03,1000000000,1,2.876009413,3.141593056,4.0241e-07
codigo,hal03,1000000000,1,2.910005306,3.1415932,5.4641e-07
codigo,hal03,1000000000,1,2.857946839,3.141591676,9.7759e-07
codigo,hal03,1000000000,1,2.830701299,3.141592736,8.241e-08
codigo,hal03,1000000000,1,2.890572196,3.141591836,8.1759e-07
codigo,hal03,1000000000,2,1.588309511,3.141593324,6.7041e-07
codigo,hal03,1000000000,2,1.514667359,3.141592884,2.3041e-07
codigo,hal03,1000000000,2,1.506285918,3.141593056,4.0241e-07
codigo,hal03,1000000000,2,1.483097074,3.14159274,8.641e-08
codigo,hal03,1000000000,2,1.468710686,3.141593448,7.9441e-07
codigo,hal03,1000000000,4,0.808929649,3.141591468,1.18559e-06
codigo,hal03,1000000000,4,0.910215185,3.141592712,5.841e-08
codigo,hal03,1000000000,4,0.84646912,3.141592056,5.9759e-07
codigo,hal03,1000000000,4,0.913881453,3.141592032,6.2159e-07
codigo,hal03,1000000000,4,0.841900825,3.141593652,9.9841e-07
codigo,hal03,1000000000,6,0.762880828,3.1415923,3.5359e-07
codigo,hal03,1000000000,6,0.787779045,3.141593076,4.2241e-07
codigo,hal03,1000000000,6,0.811663147,3.1415925,1.5359e-07
codigo,hal03,1000000000,6,0.787577447,3.14159356,9.0641e-07
codigo,hal03,1000000000,6,0.828242131,3.141593072,4.1841e-07
codigo,hal03,1000000000,8,0.742342378,3.141591812,8.4159e-07
codigo,hal03,1000000000,8,0.783559043,3.141592956,3.0241e-07
codigo,hal03,1000000000,8,0.78158836,3.141591868,7.8559e-07
codigo,hal03,1000000000,8,0.831373046,3.14159328,6.2641e-07
codigo,hal03,1000000000,8,0.794327522,3.141592168,4.8559e-07
codigo,hal03,10000000000,1,29.766496292,3.1415926528,7.9e-10
codigo,hal03,10000000000,1,29.376039065,3.1415926764,2.281e-08
codigo,hal03,10000000000,1,29.380358365,3.1415926516,1.99e-09
codigo,hal03,10000000000,1,29.694368618,3.1415926508,2.79e-09
codigo,hal03,10000000000,1,29.64121782,3.1415925808,7.279e-08
codigo,hal03,10000000000,2,14.820182379,3.1415925248,1.2879e-07
codigo,hal03,10000000000,2,15.100536718,3.141592604,4.959e-08
codigo,hal03,10000000000,2,14.92597393,3.1415927308,7.721e-08
codigo,hal03,10000000000,2,15.11537301,3.1415925112,1.4239e-07
codigo,hal03,10000000000,2,14.946215938,3.1415926076,4.599e-08
codigo,hal03,10000000000,4,8.697964553,3.14159257,8.359e-08
codigo,hal03,10000000000,4,8.134295763,3.1415928444,1.9081e-07
codigo,hal03,10000000000,4,8.509270828,3.1415926732,1.961e-08
codigo,hal03,10000000000,4,8.205700568,3.141592686,3.241e-08
codigo,hal03,10000000000,4,8.74934522,3.1415926628,9.21e-09
codigo,hal03,10000000000,6,7.858595656,3.1415926332,2.039e-08
codigo,hal03,10000000000,6,7.774385452,3.141592596,5.759e-08
codigo,hal03,10000000000,6,7.616322259,3.141592692,3.841e-08
codigo,hal03,10000000000,6,7.878352734,3.1415927732,1.1961e-07
codigo,hal03,10000000000,6,7.729957901,3.141592616,3.759e-08
codigo,hal03,10000000000,8,7.528240655,3.1415925756,7.799e-08
codigo,hal03,10000000000,8,7.471719856,3.1415927148,6.121e-08
codigo,hal03,10000000000,8,7.08540713,3.1415928312,1.7761e-07
codigo,hal03,10000000000,8,7.862310843,3.1415927988,1.4521e-07
codigo,hal03,10000000000,8,7.710904131,3.1415926548,1.21e-09
